2025-12-16 19:53:24,728 - INFO - Created directory: faces_dataset
2025-12-16 19:53:24,732 - INFO - Face recognition model loaded successfully
2025-12-16 19:53:24,732 - INFO - Known faces: ['owner']
2025-12-16 19:53:24,738 - INFO - Database setup completed
2025-12-16 19:53:24,739 - INFO - File storage setup completed
2025-12-16 19:53:24,740 - WARNING - Could not establish serial connection: could not open port 'COM11': FileNotFoundError(2, 'The system cannot find the file specified.', None, 2). Running in simulation mode.
2025-12-16 19:53:24,740 - INFO - Camera Tracking System initialized
2025-12-16 19:53:35,969 - INFO - Camera initialized successfully
2025-12-16 19:53:35,970 - INFO - Security System STARTED - Press 'q' to quit, 't' to train, 'l' to lock door
2025-12-16 19:53:36,448 - WARNING - 🚨 SECURITY ALERT: SUSPICIOUS_MOTION
2025-12-16 19:53:36,454 - WARNING - Alert logged: SUSPICIOUS_MOTION - HIGH - Suspicious movement detected near entrance
2025-12-16 19:53:36,454 - INFO - 📱 SMS to POLICE: SECURITY ALERT: SUSPICIOUS_MOTION - Suspicious movement detected near entrance - Location: Your Address
2025-12-16 19:53:36,455 - INFO - 📱 SMS to OWNER: HOME SECURITY: SUSPICIOUS_MOTION - Suspicious movement detected near entrance
2025-12-16 19:53:36,483 - INFO - Security event logged: GSM_ALERT_SENT - system
2025-12-16 19:53:36,483 - INFO - 🔒 SECURITY RELAY ACTIVATED - Additional security measures enabled
2025-12-16 19:53:36,523 - INFO - Security event logged: RELAY_ACTIVATED - system
2025-12-16 19:53:49,737 - WARNING - Unknown person detected - starting tracking
2025-12-16 19:53:49,738 - WARNING - 🚨 SECURITY ALERT: INTRUDER_DETECTED
2025-12-16 19:53:49,746 - WARNING - Alert logged: INTRUDER_DETECTED - CRITICAL - Unknown person attempting access
2025-12-16 19:53:49,746 - INFO - 📱 SMS to POLICE: SECURITY ALERT: INTRUDER_DETECTED - Unknown person attempting access - Location: Your Address
2025-12-16 19:53:49,747 - INFO - 📱 SMS to OWNER: HOME SECURITY: INTRUDER_DETECTED - Unknown person attempting access
2025-12-16 19:53:49,784 - INFO - Security event logged: GSM_ALERT_SENT - system
2025-12-16 19:53:49,785 - INFO - 🔒 SECURITY RELAY ACTIVATED - Additional security measures enabled
2025-12-16 19:53:49,825 - INFO - Security event logged: RELAY_ACTIVATED - system
2025-12-16 19:53:49,825 - INFO - Tracking servo moved to 80°
2025-12-16 19:53:49,867 - INFO - Security event logged: TRACKING_MOVEMENT - unknown
2025-12-16 19:53:49,898 - INFO - Tracking servo moved to 70°
2025-12-16 19:53:49,937 - INFO - Security event logged: TRACKING_MOVEMENT - unknown
2025-12-16 19:53:50,554 - INFO - Tracking servo moved to 89°
2025-12-16 19:53:50,596 - INFO - Security event logged: TRACKING_MOVEMENT - unknown
2025-12-16 19:53:50,635 - INFO - Tracking servo moved to 108°
2025-12-16 19:53:50,674 - INFO - Security event logged: TRACKING_MOVEMENT - unknown
2025-12-16 19:53:54,949 - INFO - Tracking servo moved to 90°
2025-12-16 19:53:54,990 - INFO - Security event logged: TRACKING_MOVEMENT - unknown
2025-12-16 19:53:55,082 - WARNING - Unknown person detected - starting tracking
2025-12-16 19:53:55,082 - WARNING - 🚨 SECURITY ALERT: INTRUDER_DETECTED
2025-12-16 19:53:55,091 - WARNING - Alert logged: INTRUDER_DETECTED - CRITICAL - Unknown person attempting access
2025-12-16 19:53:55,092 - INFO - 📱 SMS to POLICE: SECURITY ALERT: INTRUDER_DETECTED - Unknown person attempting access - Location: Your Address
2025-12-16 19:53:55,092 - INFO - 📱 SMS to OWNER: HOME SECURITY: INTRUDER_DETECTED - Unknown person attempting access
2025-12-16 19:53:55,131 - INFO - Security event logged: GSM_ALERT_SENT - system
2025-12-16 19:53:55,131 - INFO - 🔒 SECURITY RELAY ACTIVATED - Additional security measures enabled
2025-12-16 19:53:55,172 - INFO - Security event logged: RELAY_ACTIVATED - system
2025-12-16 19:53:57,626 - INFO - Tracking servo moved to 94°
2025-12-16 19:53:57,667 - INFO - Security event logged: TRACKING_MOVEMENT - unknown
2025-12-16 19:53:57,696 - INFO - Tracking servo moved to 98°
2025-12-16 19:53:57,733 - INFO - Security event logged: TRACKING_MOVEMENT - unknown
2025-12-16 19:54:00,152 - INFO - Tracking servo moved to 90°
2025-12-16 19:54:00,192 - INFO - Security event logged: TRACKING_MOVEMENT - unknown
2025-12-16 19:54:00,697 - WARNING - Unknown person detected - starting tracking
2025-12-16 19:54:00,699 - WARNING - 🚨 SECURITY ALERT: INTRUDER_DETECTED
2025-12-16 19:54:00,708 - WARNING - Alert logged: INTRUDER_DETECTED - CRITICAL - Unknown person attempting access
2025-12-16 19:54:00,708 - INFO - 📱 SMS to POLICE: SECURITY ALERT: INTRUDER_DETECTED - Unknown person attempting access - Location: Your Address
2025-12-16 19:54:00,708 - INFO - 📱 SMS to OWNER: HOME SECURITY: INTRUDER_DETECTED - Unknown person attempting access
2025-12-16 19:54:00,747 - INFO - Security event logged: GSM_ALERT_SENT - system
2025-12-16 19:54:00,747 - INFO - 🔒 SECURITY RELAY ACTIVATED - Additional security measures enabled
2025-12-16 19:54:00,786 - INFO - Security event logged: RELAY_ACTIVATED - system
2025-12-16 19:54:00,786 - INFO - Tracking servo moved to 86°
2025-12-16 19:54:00,828 - INFO - Security event logged: TRACKING_MOVEMENT - unknown
2025-12-16 19:54:00,866 - INFO - Tracking servo moved to 82°
2025-12-16 19:54:00,903 - INFO - Security event logged: TRACKING_MOVEMENT - unknown
2025-12-16 19:54:00,944 - INFO - Tracking servo moved to 78°
2025-12-16 19:54:00,983 - INFO - Security event logged: TRACKING_MOVEMENT - unknown
2025-12-16 19:54:05,097 - INFO - Tracking servo moved to 85°
2025-12-16 19:54:05,138 - INFO - Security event logged: TRACKING_MOVEMENT - unknown
2025-12-16 19:54:05,174 - INFO - Tracking servo moved to 92°
2025-12-16 19:54:05,212 - INFO - Security event logged: TRACKING_MOVEMENT - unknown
2025-12-16 19:54:05,255 - INFO - Tracking servo moved to 99°
2025-12-16 19:54:05,292 - INFO - Security event logged: TRACKING_MOVEMENT - unknown
2025-12-16 19:54:05,369 - INFO - Tracking servo moved to 106°
2025-12-16 19:54:05,410 - INFO - Security event logged: TRACKING_MOVEMENT - unknown
2025-12-16 19:54:05,440 - INFO - Tracking servo moved to 113°
2025-12-16 19:54:05,479 - INFO - Security event logged: TRACKING_MOVEMENT - unknown
2025-12-16 19:54:05,519 - INFO - Tracking servo moved to 120°
2025-12-16 19:54:05,554 - INFO - Security event logged: TRACKING_MOVEMENT - unknown
2025-12-16 19:54:05,771 - INFO - Tracking servo moved to 124°
2025-12-16 19:54:05,813 - INFO - Security event logged: TRACKING_MOVEMENT - unknown
2025-12-16 19:54:05,846 - INFO - Tracking servo moved to 128°
2025-12-16 19:54:05,883 - INFO - Security event logged: TRACKING_MOVEMENT - unknown
2025-12-16 19:54:05,923 - INFO - Tracking servo moved to 132°
2025-12-16 19:54:05,960 - INFO - Security event logged: TRACKING_MOVEMENT - unknown
2025-12-16 19:54:05,983 - INFO - Tracking servo moved to 90°
2025-12-16 19:54:06,020 - INFO - Security event logged: TRACKING_MOVEMENT - unknown
2025-12-16 19:54:06,695 - WARNING - Unknown person detected - starting tracking
2025-12-16 19:54:06,695 - WARNING - 🚨 SECURITY ALERT: INTRUDER_DETECTED
2025-12-16 19:54:06,702 - WARNING - Alert logged: INTRUDER_DETECTED - CRITICAL - Unknown person attempting access
2025-12-16 19:54:06,702 - INFO - 📱 SMS to POLICE: SECURITY ALERT: INTRUDER_DETECTED - Unknown person attempting access - Location: Your Address
2025-12-16 19:54:06,702 - INFO - 📱 SMS to OWNER: HOME SECURITY: INTRUDER_DETECTED - Unknown person attempting access
2025-12-16 19:54:06,739 - INFO - Security event logged: GSM_ALERT_SENT - system
2025-12-16 19:54:06,739 - INFO - 🔒 SECURITY RELAY ACTIVATED - Additional security measures enabled
2025-12-16 19:54:06,780 - INFO - Security event logged: RELAY_ACTIVATED - system
2025-12-16 19:54:06,781 - INFO - Tracking servo moved to 86°
2025-12-16 19:54:06,818 - INFO - Security event logged: TRACKING_MOVEMENT - unknown
2025-12-16 19:54:06,844 - INFO - Tracking servo moved to 82°
2025-12-16 19:54:06,884 - INFO - Security event logged: TRACKING_MOVEMENT - unknown
2025-12-16 19:54:07,769 - INFO - Tracking servo moved to 90°
2025-12-16 19:54:07,820 - INFO - Security event logged: TRACKING_MOVEMENT - unknown
2025-12-16 19:54:07,857 - INFO - Tracking servo moved to 98°
2025-12-16 19:54:07,896 - INFO - Security event logged: TRACKING_MOVEMENT - unknown
2025-12-16 19:54:08,840 - INFO - Tracking servo moved to 100°
2025-12-16 19:54:08,880 - INFO - Security event logged: TRACKING_MOVEMENT - unknown
2025-12-16 19:54:08,914 - INFO - Tracking servo moved to 102°
2025-12-16 19:54:08,951 - INFO - Security event logged: TRACKING_MOVEMENT - unknown
2025-12-16 19:54:11,764 - INFO - Tracking servo moved to 90°
2025-12-16 19:54:11,805 - INFO - Security event logged: TRACKING_MOVEMENT - unknown
2025-12-16 19:54:16,234 - INFO - Security System stopped and cleaned up
2025-12-16 19:57:50,985 - INFO - Face recognition model loaded successfully
2025-12-16 19:57:50,986 - INFO - Known faces: ['owner']
2025-12-16 19:57:50,987 - INFO - Database setup completed
2025-12-16 19:57:50,989 - INFO - File storage setup completed
2025-12-16 19:57:50,989 - WARNING - Could not establish serial connection: could not open port 'COM11': FileNotFoundError(2, 'The system cannot find the file specified.', None, 2). Running in simulation mode.
2025-12-16 19:57:50,989 - INFO - Camera Tracking System initialized
2025-12-16 19:58:01,962 - INFO - Camera initialized successfully
2025-12-16 19:58:01,962 - INFO - Security System STARTED - Press 'q' to quit, 't' to train, 'l' to lock door
2025-12-16 19:58:02,751 - WARNING - 🚨 SECURITY ALERT: SUSPICIOUS_MOTION
2025-12-16 19:58:02,759 - WARNING - Alert logged: SUSPICIOUS_MOTION - HIGH - Suspicious movement detected near entrance
2025-12-16 19:58:02,760 - INFO - 📱 SMS to POLICE: SECURITY ALERT: SUSPICIOUS_MOTION - Suspicious movement detected near entrance - Location: Your Address
2025-12-16 19:58:02,760 - INFO - 📱 SMS to OWNER: HOME SECURITY: SUSPICIOUS_MOTION - Suspicious movement detected near entrance
2025-12-16 19:58:02,797 - INFO - Security event logged: GSM_ALERT_SENT - system
2025-12-16 19:58:02,798 - INFO - 🔒 SECURITY RELAY ACTIVATED - Additional security measures enabled
2025-12-16 19:58:02,838 - INFO - Security event logged: RELAY_ACTIVATED - system
2025-12-16 19:58:08,233 - WARNING - Unknown person detected - starting tracking
2025-12-16 19:58:08,234 - WARNING - 🚨 SECURITY ALERT: INTRUDER_DETECTED
2025-12-16 19:58:08,242 - WARNING - Alert logged: INTRUDER_DETECTED - CRITICAL - Unknown person attempting access
2025-12-16 19:58:08,243 - INFO - 📱 SMS to POLICE: SECURITY ALERT: INTRUDER_DETECTED - Unknown person attempting access - Location: Your Address
2025-12-16 19:58:08,243 - INFO - 📱 SMS to OWNER: HOME SECURITY: INTRUDER_DETECTED - Unknown person attempting access
2025-12-16 19:58:08,281 - INFO - Security event logged: GSM_ALERT_SENT - system
2025-12-16 19:58:08,281 - INFO - 🔒 SECURITY RELAY ACTIVATED - Additional security measures enabled
2025-12-16 19:58:08,322 - INFO - Security event logged: RELAY_ACTIVATED - system
2025-12-16 19:58:08,322 - INFO - Tracking servo moved to 95°
2025-12-16 19:58:08,362 - INFO - Security event logged: TRACKING_MOVEMENT - unknown
2025-12-16 19:58:08,398 - INFO - Tracking servo moved to 100°
2025-12-16 19:58:08,435 - INFO - Security event logged: TRACKING_MOVEMENT - unknown
2025-12-16 19:58:08,478 - INFO - DOOR UNLOCKED - Servo 1 rotated 90°
2025-12-16 19:58:08,515 - INFO - Security event logged: DOOR_UNLOCKED - owner
2025-12-16 19:58:10,359 - INFO - Tracking servo moved to 104°
2025-12-16 19:58:10,402 - INFO - Security event logged: TRACKING_MOVEMENT - unknown
2025-12-16 19:58:10,439 - INFO - Tracking servo moved to 108°
2025-12-16 19:58:10,476 - INFO - Security event logged: TRACKING_MOVEMENT - unknown
2025-12-16 19:58:10,755 - INFO - Tracking servo moved to 104°
2025-12-16 19:58:10,795 - INFO - Security event logged: TRACKING_MOVEMENT - unknown
2025-12-16 19:58:10,829 - INFO - Tracking servo moved to 100°
2025-12-16 19:58:10,866 - INFO - Security event logged: TRACKING_MOVEMENT - unknown
2025-12-16 19:58:10,907 - INFO - Tracking servo moved to 94°
2025-12-16 19:58:10,945 - INFO - Security event logged: TRACKING_MOVEMENT - unknown
2025-12-16 19:58:10,986 - INFO - Tracking servo moved to 88°
2025-12-16 19:58:11,023 - INFO - Security event logged: TRACKING_MOVEMENT - unknown
2025-12-16 19:58:11,063 - INFO - Tracking servo moved to 81°
2025-12-16 19:58:11,100 - INFO - Security event logged: TRACKING_MOVEMENT - unknown
2025-12-16 19:58:11,140 - INFO - Tracking servo moved to 74°
2025-12-16 19:58:11,181 - INFO - Security event logged: TRACKING_MOVEMENT - unknown
2025-12-16 19:58:13,301 - INFO - Tracking servo moved to 90°
2025-12-16 19:58:13,345 - INFO - Security event logged: TRACKING_MOVEMENT - unknown
2025-12-16 19:58:17,044 - WARNING - Unknown person detected - starting tracking
2025-12-16 19:58:17,045 - WARNING - 🚨 SECURITY ALERT: INTRUDER_DETECTED
2025-12-16 19:58:17,054 - WARNING - Alert logged: INTRUDER_DETECTED - CRITICAL - Unknown person attempting access
2025-12-16 19:58:17,054 - INFO - 📱 SMS to POLICE: SECURITY ALERT: INTRUDER_DETECTED - Unknown person attempting access - Location: Your Address
2025-12-16 19:58:17,054 - INFO - 📱 SMS to OWNER: HOME SECURITY: INTRUDER_DETECTED - Unknown person attempting access
2025-12-16 19:58:17,092 - INFO - Security event logged: GSM_ALERT_SENT - system
2025-12-16 19:58:17,092 - INFO - 🔒 SECURITY RELAY ACTIVATED - Additional security measures enabled
2025-12-16 19:58:17,130 - INFO - Security event logged: RELAY_ACTIVATED - system
2025-12-16 19:58:17,130 - INFO - Tracking servo moved to 96°
2025-12-16 19:58:17,171 - INFO - Security event logged: TRACKING_MOVEMENT - unknown
2025-12-16 19:58:17,198 - INFO - Tracking servo moved to 102°
2025-12-16 19:58:17,237 - INFO - Security event logged: TRACKING_MOVEMENT - unknown
2025-12-16 19:58:17,275 - INFO - Tracking servo moved to 112°
2025-12-16 19:58:17,313 - INFO - Security event logged: TRACKING_MOVEMENT - unknown
2025-12-16 19:58:17,354 - INFO - Tracking servo moved to 122°
2025-12-16 19:58:17,392 - INFO - Security event logged: TRACKING_MOVEMENT - unknown
2025-12-16 19:58:17,435 - INFO - Tracking servo moved to 132°
2025-12-16 19:58:17,473 - INFO - Security event logged: TRACKING_MOVEMENT - unknown
2025-12-16 19:58:17,510 - INFO - Tracking servo moved to 142°
2025-12-16 19:58:17,548 - INFO - Security event logged: TRACKING_MOVEMENT - unknown
2025-12-16 19:58:17,591 - INFO - Tracking servo moved to 151°
2025-12-16 19:58:17,631 - INFO - Security event logged: TRACKING_MOVEMENT - unknown
2025-12-16 19:58:17,701 - INFO - Tracking servo moved to 160°
2025-12-16 19:58:17,736 - INFO - Security event logged: TRACKING_MOVEMENT - unknown
2025-12-16 19:58:17,777 - INFO - Tracking servo moved to 169°
2025-12-16 19:58:17,815 - INFO - Security event logged: TRACKING_MOVEMENT - unknown
2025-12-16 19:58:17,845 - INFO - Tracking servo moved to 178°
2025-12-16 19:58:17,882 - INFO - Security event logged: TRACKING_MOVEMENT - unknown
2025-12-16 19:58:17,919 - INFO - Tracking servo moved to 180°
2025-12-16 19:58:17,956 - INFO - Security event logged: TRACKING_MOVEMENT - unknown
2025-12-16 19:58:17,995 - INFO - Tracking servo moved to 180°
2025-12-16 19:58:18,034 - INFO - Security event logged: TRACKING_MOVEMENT - unknown
2025-12-16 19:58:18,073 - INFO - Tracking servo moved to 180°
2025-12-16 19:58:18,112 - INFO - Security event logged: TRACKING_MOVEMENT - unknown
2025-12-16 19:58:18,153 - INFO - Tracking servo moved to 180°
2025-12-16 19:58:18,191 - INFO - Security event logged: TRACKING_MOVEMENT - unknown
2025-12-16 19:58:18,232 - INFO - Tracking servo moved to 180°
2025-12-16 19:58:18,270 - INFO - Security event logged: TRACKING_MOVEMENT - unknown
2025-12-16 19:58:18,306 - INFO - Tracking servo moved to 180°
2025-12-16 19:58:18,347 - INFO - Security event logged: TRACKING_MOVEMENT - unknown
2025-12-16 19:58:18,384 - INFO - Tracking servo moved to 180°
2025-12-16 19:58:18,422 - INFO - Security event logged: TRACKING_MOVEMENT - unknown
2025-12-16 19:58:18,465 - INFO - Tracking servo moved to 180°
2025-12-16 19:58:18,507 - INFO - Security event logged: TRACKING_MOVEMENT - unknown
2025-12-16 19:58:18,542 - INFO - Tracking servo moved to 180°
2025-12-16 19:58:18,580 - INFO - Security event logged: TRACKING_MOVEMENT - unknown
2025-12-16 19:58:18,589 - INFO - DOOR LOCKED - Servo 1 rotated 0°
2025-12-16 19:58:18,629 - INFO - Security event logged: DOOR_LOCKED - system
2025-12-16 19:58:18,653 - INFO - Tracking servo moved to 180°
2025-12-16 19:58:18,691 - INFO - Security event logged: TRACKING_MOVEMENT - unknown
2025-12-16 19:58:18,773 - INFO - Tracking servo moved to 180°
2025-12-16 19:58:18,812 - INFO - Security event logged: TRACKING_MOVEMENT - unknown
2025-12-16 19:58:18,840 - INFO - Tracking servo moved to 180°
2025-12-16 19:58:18,879 - INFO - Security event logged: TRACKING_MOVEMENT - unknown
2025-12-16 19:58:18,919 - INFO - DOOR UNLOCKED - Servo 1 rotated 90°
2025-12-16 19:58:18,957 - INFO - Security event logged: DOOR_UNLOCKED - owner
2025-12-16 19:58:20,373 - INFO - Tracking servo moved to 180°
2025-12-16 19:58:20,438 - INFO - Security event logged: TRACKING_MOVEMENT - unknown
2025-12-16 19:58:20,475 - INFO - Tracking servo moved to 180°
2025-12-16 19:58:20,514 - INFO - Security event logged: TRACKING_MOVEMENT - unknown
2025-12-16 19:58:21,047 - INFO - Tracking servo moved to 180°
2025-12-16 19:58:21,088 - INFO - Security event logged: TRACKING_MOVEMENT - unknown
2025-12-16 19:58:21,118 - INFO - Tracking servo moved to 180°
2025-12-16 19:58:21,157 - INFO - Security event logged: TRACKING_MOVEMENT - unknown
2025-12-16 19:58:21,196 - INFO - Tracking servo moved to 180°
2025-12-16 19:58:21,232 - INFO - Security event logged: TRACKING_MOVEMENT - unknown
2025-12-16 19:58:21,274 - INFO - Tracking servo moved to 180°
2025-12-16 19:58:21,314 - INFO - Security event logged: TRACKING_MOVEMENT - unknown
2025-12-16 19:58:21,445 - INFO - Tracking servo moved to 180°
2025-12-16 19:58:21,492 - INFO - Security event logged: TRACKING_MOVEMENT - unknown
2025-12-16 19:58:21,523 - INFO - Tracking servo moved to 180°
2025-12-16 19:58:21,562 - INFO - Security event logged: TRACKING_MOVEMENT - unknown
2025-12-16 19:58:21,599 - INFO - Tracking servo moved to 180°
2025-12-16 19:58:21,637 - INFO - Security event logged: TRACKING_MOVEMENT - unknown
2025-12-16 19:58:21,677 - INFO - Tracking servo moved to 180°
2025-12-16 19:58:21,718 - INFO - Security event logged: TRACKING_MOVEMENT - unknown
2025-12-16 19:58:21,755 - INFO - Tracking servo moved to 180°
2025-12-16 19:58:21,794 - INFO - Security event logged: TRACKING_MOVEMENT - unknown
2025-12-16 19:58:21,833 - INFO - Tracking servo moved to 180°
2025-12-16 19:58:21,871 - INFO - Security event logged: TRACKING_MOVEMENT - unknown
2025-12-16 19:58:21,912 - INFO - Tracking servo moved to 180°
2025-12-16 19:58:21,948 - INFO - Security event logged: TRACKING_MOVEMENT - unknown
2025-12-16 19:58:21,992 - INFO - Tracking servo moved to 180°
2025-12-16 19:58:22,029 - INFO - Security event logged: TRACKING_MOVEMENT - unknown
2025-12-16 19:58:22,072 - INFO - Tracking servo moved to 180°
2025-12-16 19:58:22,112 - INFO - Security event logged: TRACKING_MOVEMENT - unknown
2025-12-16 19:58:22,149 - INFO - Tracking servo moved to 180°
2025-12-16 19:58:22,188 - INFO - Security event logged: TRACKING_MOVEMENT - unknown
2025-12-16 19:58:22,225 - INFO - Tracking servo moved to 180°
2025-12-16 19:58:22,262 - INFO - Security event logged: TRACKING_MOVEMENT - unknown
2025-12-16 19:58:22,306 - INFO - Tracking servo moved to 180°
2025-12-16 19:58:22,344 - INFO - Security event logged: TRACKING_MOVEMENT - unknown
2025-12-16 19:58:22,383 - INFO - Tracking servo moved to 90°
2025-12-16 19:58:22,421 - INFO - Security event logged: TRACKING_MOVEMENT - unknown
2025-12-16 19:58:22,647 - WARNING - Unknown person detected - starting tracking
2025-12-16 19:58:22,648 - WARNING - 🚨 SECURITY ALERT: INTRUDER_DETECTED
2025-12-16 19:58:22,657 - WARNING - Alert logged: INTRUDER_DETECTED - CRITICAL - Unknown person attempting access
2025-12-16 19:58:22,657 - INFO - 📱 SMS to POLICE: SECURITY ALERT: INTRUDER_DETECTED - Unknown person attempting access - Location: Your Address
2025-12-16 19:58:22,657 - INFO - 📱 SMS to OWNER: HOME SECURITY: INTRUDER_DETECTED - Unknown person attempting access
2025-12-16 19:58:22,696 - INFO - Security event logged: GSM_ALERT_SENT - system
2025-12-16 19:58:22,696 - INFO - 🔒 SECURITY RELAY ACTIVATED - Additional security measures enabled
2025-12-16 19:58:22,736 - INFO - Security event logged: RELAY_ACTIVATED - system
2025-12-16 19:58:22,737 - INFO - Tracking servo moved to 92°
2025-12-16 19:58:22,777 - INFO - Security event logged: TRACKING_MOVEMENT - unknown
2025-12-16 19:58:22,805 - INFO - Tracking servo moved to 94°
2025-12-16 19:58:22,844 - INFO - Security event logged: TRACKING_MOVEMENT - unknown
2025-12-16 19:58:23,179 - INFO - Tracking servo moved to 97°
2025-12-16 19:58:23,219 - INFO - Security event logged: TRACKING_MOVEMENT - unknown
2025-12-16 19:58:23,259 - INFO - Tracking servo moved to 100°
2025-12-16 19:58:23,297 - INFO - Security event logged: TRACKING_MOVEMENT - unknown
2025-12-16 19:58:23,337 - INFO - Tracking servo moved to 104°
2025-12-16 19:58:23,374 - INFO - Security event logged: TRACKING_MOVEMENT - unknown
2025-12-16 19:58:23,416 - INFO - Tracking servo moved to 108°
2025-12-16 19:58:23,455 - INFO - Security event logged: TRACKING_MOVEMENT - unknown
2025-12-16 19:58:23,492 - INFO - Tracking servo moved to 112°
2025-12-16 19:58:23,532 - INFO - Security event logged: TRACKING_MOVEMENT - unknown
2025-12-16 19:58:23,572 - INFO - Tracking servo moved to 116°
2025-12-16 19:58:23,611 - INFO - Security event logged: TRACKING_MOVEMENT - unknown
2025-12-16 19:58:23,718 - INFO - Tracking servo moved to 120°
2025-12-16 19:58:23,760 - INFO - Security event logged: TRACKING_MOVEMENT - unknown
2025-12-16 19:58:23,794 - INFO - Tracking servo moved to 124°
2025-12-16 19:58:23,835 - INFO - Security event logged: TRACKING_MOVEMENT - unknown
2025-12-16 19:58:23,872 - INFO - Tracking servo moved to 128°
2025-12-16 19:58:23,911 - INFO - Security event logged: TRACKING_MOVEMENT - unknown
2025-12-16 19:58:23,950 - INFO - Tracking servo moved to 132°
2025-12-16 19:58:23,987 - INFO - Security event logged: TRACKING_MOVEMENT - unknown
2025-12-16 19:58:24,029 - INFO - Tracking servo moved to 135°
2025-12-16 19:58:24,067 - INFO - Security event logged: TRACKING_MOVEMENT - unknown
2025-12-16 19:58:24,108 - INFO - Tracking servo moved to 138°
2025-12-16 19:58:24,147 - INFO - Security event logged: TRACKING_MOVEMENT - unknown
2025-12-16 19:58:24,186 - INFO - Tracking servo moved to 141°
2025-12-16 19:58:24,227 - INFO - Security event logged: TRACKING_MOVEMENT - unknown
2025-12-16 19:58:24,263 - INFO - Tracking servo moved to 144°
2025-12-16 19:58:24,300 - INFO - Security event logged: TRACKING_MOVEMENT - unknown
2025-12-16 19:58:24,328 - INFO - Tracking servo moved to 148°
2025-12-16 19:58:24,365 - INFO - Security event logged: TRACKING_MOVEMENT - unknown
2025-12-16 19:58:24,404 - INFO - Tracking servo moved to 152°
2025-12-16 19:58:24,443 - INFO - Security event logged: TRACKING_MOVEMENT - unknown
2025-12-16 19:58:24,482 - INFO - Tracking servo moved to 156°
2025-12-16 19:58:24,523 - INFO - Security event logged: TRACKING_MOVEMENT - unknown
2025-12-16 19:58:24,561 - INFO - Tracking servo moved to 160°
2025-12-16 19:58:24,598 - INFO - Security event logged: TRACKING_MOVEMENT - unknown
2025-12-16 19:58:24,638 - INFO - Tracking servo moved to 163°
2025-12-16 19:58:24,682 - INFO - Security event logged: TRACKING_MOVEMENT - unknown
2025-12-16 19:58:24,718 - INFO - Tracking servo moved to 166°
2025-12-16 19:58:24,758 - INFO - Security event logged: TRACKING_MOVEMENT - unknown
2025-12-16 19:58:24,794 - INFO - Tracking servo moved to 168°
2025-12-16 19:58:24,834 - INFO - Security event logged: TRACKING_MOVEMENT - unknown
2025-12-16 19:58:27,713 - INFO - Tracking servo moved to 90°
2025-12-16 19:58:27,754 - INFO - Security event logged: TRACKING_MOVEMENT - unknown
2025-12-16 19:58:28,246 - WARNING - Unknown person detected - starting tracking
2025-12-16 19:58:28,247 - WARNING - 🚨 SECURITY ALERT: INTRUDER_DETECTED
2025-12-16 19:58:28,256 - WARNING - Alert logged: INTRUDER_DETECTED - CRITICAL - Unknown person attempting access
2025-12-16 19:58:28,256 - INFO - 📱 SMS to POLICE: SECURITY ALERT: INTRUDER_DETECTED - Unknown person attempting access - Location: Your Address
2025-12-16 19:58:28,256 - INFO - 📱 SMS to OWNER: HOME SECURITY: INTRUDER_DETECTED - Unknown person attempting access
2025-12-16 19:58:28,295 - INFO - Security event logged: GSM_ALERT_SENT - system
2025-12-16 19:58:28,296 - INFO - 🔒 SECURITY RELAY ACTIVATED - Additional security measures enabled
2025-12-16 19:58:28,339 - INFO - Security event logged: RELAY_ACTIVATED - system
2025-12-16 19:58:28,339 - INFO - Tracking servo moved to 81°
2025-12-16 19:58:28,378 - INFO - Security event logged: TRACKING_MOVEMENT - unknown
2025-12-16 19:58:28,414 - INFO - Tracking servo moved to 72°
2025-12-16 19:58:28,452 - INFO - Security event logged: TRACKING_MOVEMENT - unknown
2025-12-16 19:58:28,495 - INFO - Tracking servo moved to 61°
2025-12-16 19:58:28,533 - INFO - Security event logged: TRACKING_MOVEMENT - unknown
2025-12-16 19:58:28,572 - INFO - Tracking servo moved to 50°
2025-12-16 19:58:28,610 - INFO - Security event logged: TRACKING_MOVEMENT - unknown
2025-12-16 19:58:28,644 - INFO - Tracking servo moved to 40°
2025-12-16 19:58:28,684 - INFO - Security event logged: TRACKING_MOVEMENT - unknown
2025-12-16 19:58:29,058 - INFO - DOOR LOCKED - Servo 1 rotated 0°
2025-12-16 19:58:29,100 - INFO - Security event logged: DOOR_LOCKED - system
2025-12-16 19:58:32,454 - INFO - Security System stopped and cleaned up
2025-12-17 15:34:43,086 - INFO - Created directory: faces_dataset
2025-12-17 15:34:43,168 - INFO - Face recognition model loaded successfully
2025-12-17 15:34:43,168 - INFO - Known faces: ['owner']
2025-12-17 15:34:43,174 - INFO - Database setup completed
2025-12-17 15:34:43,176 - INFO - File storage setup completed
2025-12-17 15:34:43,176 - WARNING - Could not establish serial connection: could not open port 'COM11': FileNotFoundError(2, 'The system cannot find the file specified.', None, 2). Running in simulation mode.
2025-12-17 15:34:43,177 - INFO - Camera Tracking System initialized
2025-12-17 15:34:55,713 - INFO - Camera initialized successfully
2025-12-17 15:34:55,714 - INFO - Gesture result poller started
2025-12-17 15:34:55,714 - INFO - Security System STARTED - Press 'q' to quit, 't' to train, 'l' to lock door
2025-12-17 15:34:56,791 - WARNING - 🚨 SECURITY ALERT: SUSPICIOUS_MOTION
2025-12-17 15:34:56,796 - WARNING - Alert logged: SUSPICIOUS_MOTION - HIGH - Suspicious movement detected near entrance
2025-12-17 15:34:56,797 - INFO - 📱 SMS to POLICE: SECURITY ALERT: SUSPICIOUS_MOTION - Suspicious movement detected near entrance - Location: Your Address
2025-12-17 15:34:56,797 - INFO - 📱 SMS to OWNER: HOME SECURITY: SUSPICIOUS_MOTION - Suspicious movement detected near entrance
2025-12-17 15:34:56,823 - INFO - Security event logged: GSM_ALERT_SENT - system
2025-12-17 15:34:56,823 - INFO - 🔒 SECURITY RELAY ACTIVATED - Additional security measures enabled
2025-12-17 15:34:56,863 - INFO - Security event logged: RELAY_ACTIVATED - system
2025-12-17 15:34:58,065 - WARNING - Unknown person detected - starting tracking
2025-12-17 15:34:58,065 - WARNING - 🚨 SECURITY ALERT: INTRUDER_DETECTED
2025-12-17 15:34:58,071 - WARNING - Alert logged: INTRUDER_DETECTED - CRITICAL - Unknown person attempting access
2025-12-17 15:34:58,071 - INFO - 📱 SMS to POLICE: SECURITY ALERT: INTRUDER_DETECTED - Unknown person attempting access - Location: Your Address
2025-12-17 15:34:58,071 - INFO - 📱 SMS to OWNER: HOME SECURITY: INTRUDER_DETECTED - Unknown person attempting access
2025-12-17 15:34:58,113 - INFO - Security event logged: GSM_ALERT_SENT - system
2025-12-17 15:34:58,113 - INFO - 🔒 SECURITY RELAY ACTIVATED - Additional security measures enabled
2025-12-17 15:34:58,151 - INFO - Security event logged: RELAY_ACTIVATED - system
2025-12-17 15:34:58,153 - INFO - Tracking servo moved to 92°
2025-12-17 15:34:58,193 - INFO - Security event logged: TRACKING_MOVEMENT - unknown
2025-12-17 15:34:58,407 - INFO - Security event logged: VIDEO_gesture_candidate - unknown
2025-12-17 15:34:58,408 - INFO - Saved evidence clip: evidence/videos/gesture_candidate_unknown_20251217_153458.avi
2025-12-17 15:34:58,413 - ERROR - Error queueing clip for gesture: Object of type int32 is not JSON serializable
2025-12-17 15:34:58,520 - INFO - Tracking servo moved to 95°
2025-12-17 15:34:58,562 - INFO - Security event logged: TRACKING_MOVEMENT - unknown
2025-12-17 15:34:58,687 - INFO - Security event logged: VIDEO_gesture_candidate - unknown
2025-12-17 15:34:58,687 - INFO - Saved evidence clip: evidence/videos/gesture_candidate_unknown_20251217_153458.avi
2025-12-17 15:34:58,690 - ERROR - Error queueing clip for gesture: Object of type int32 is not JSON serializable
2025-12-17 15:34:58,790 - INFO - Tracking servo moved to 98°
2025-12-17 15:34:58,831 - INFO - Security event logged: TRACKING_MOVEMENT - unknown
2025-12-17 15:34:58,954 - INFO - Security event logged: VIDEO_gesture_candidate - unknown
2025-12-17 15:34:58,954 - INFO - Saved evidence clip: evidence/videos/gesture_candidate_unknown_20251217_153458.avi
2025-12-17 15:34:58,956 - ERROR - Error queueing clip for gesture: Object of type int32 is not JSON serializable
2025-12-17 15:34:59,108 - INFO - Tracking servo moved to 103°
2025-12-17 15:34:59,150 - INFO - Security event logged: TRACKING_MOVEMENT - unknown
2025-12-17 15:34:59,275 - INFO - Security event logged: VIDEO_gesture_candidate - unknown
2025-12-17 15:34:59,275 - INFO - Saved evidence clip: evidence/videos/gesture_candidate_unknown_20251217_153459.avi
2025-12-17 15:34:59,277 - ERROR - Error queueing clip for gesture: Object of type int32 is not JSON serializable
2025-12-17 15:35:02,053 - INFO - Tracking servo moved to 91°
2025-12-17 15:35:02,099 - INFO - Security event logged: TRACKING_MOVEMENT - unknown
2025-12-17 15:35:02,354 - INFO - Security event logged: VIDEO_gesture_candidate - unknown
2025-12-17 15:35:02,355 - INFO - Saved evidence clip: evidence/videos/gesture_candidate_unknown_20251217_153502.avi
2025-12-17 15:35:02,357 - ERROR - Error queueing clip for gesture: Object of type int32 is not JSON serializable
2025-12-17 15:35:03,108 - INFO - Tracking servo moved to 90°
2025-12-17 15:35:03,150 - INFO - Security event logged: TRACKING_MOVEMENT - unknown
2025-12-17 15:35:08,522 - WARNING - Unknown person detected - starting tracking
2025-12-17 15:35:08,522 - WARNING - 🚨 SECURITY ALERT: INTRUDER_DETECTED
2025-12-17 15:35:08,533 - WARNING - Alert logged: INTRUDER_DETECTED - CRITICAL - Unknown person attempting access
2025-12-17 15:35:08,533 - INFO - 📱 SMS to POLICE: SECURITY ALERT: INTRUDER_DETECTED - Unknown person attempting access - Location: Your Address
2025-12-17 15:35:08,533 - INFO - 📱 SMS to OWNER: HOME SECURITY: INTRUDER_DETECTED - Unknown person attempting access
2025-12-17 15:35:08,575 - INFO - Security event logged: GSM_ALERT_SENT - system
2025-12-17 15:35:08,576 - INFO - 🔒 SECURITY RELAY ACTIVATED - Additional security measures enabled
2025-12-17 15:35:08,615 - INFO - Security event logged: RELAY_ACTIVATED - system
2025-12-17 15:35:08,615 - INFO - Tracking servo moved to 83°
2025-12-17 15:35:08,659 - INFO - Security event logged: TRACKING_MOVEMENT - unknown
2025-12-17 15:35:08,794 - INFO - Security event logged: VIDEO_gesture_candidate - unknown
2025-12-17 15:35:08,794 - INFO - Saved evidence clip: evidence/videos/gesture_candidate_unknown_20251217_153508.avi
2025-12-17 15:35:08,796 - ERROR - Error queueing clip for gesture: Object of type int32 is not JSON serializable
2025-12-17 15:35:08,821 - INFO - Tracking servo moved to 77°
2025-12-17 15:35:08,862 - INFO - Security event logged: TRACKING_MOVEMENT - unknown
2025-12-17 15:35:08,991 - INFO - Security event logged: VIDEO_gesture_candidate - unknown
2025-12-17 15:35:08,992 - INFO - Saved evidence clip: evidence/videos/gesture_candidate_unknown_20251217_153508.avi
2025-12-17 15:35:08,994 - ERROR - Error queueing clip for gesture: Object of type int32 is not JSON serializable
2025-12-17 15:35:09,053 - INFO - Tracking servo moved to 69°
2025-12-17 15:35:09,096 - INFO - Security event logged: TRACKING_MOVEMENT - unknown
2025-12-17 15:35:09,226 - INFO - Security event logged: VIDEO_gesture_candidate - unknown
2025-12-17 15:35:09,226 - INFO - Saved evidence clip: evidence/videos/gesture_candidate_unknown_20251217_153509.avi
2025-12-17 15:35:09,228 - ERROR - Error queueing clip for gesture: Object of type int32 is not JSON serializable
2025-12-17 15:35:10,452 - INFO - Tracking servo moved to 56°
2025-12-17 15:35:10,497 - INFO - Security event logged: TRACKING_MOVEMENT - unknown
2025-12-17 15:35:10,635 - INFO - Security event logged: VIDEO_gesture_candidate - unknown
2025-12-17 15:35:10,635 - INFO - Saved evidence clip: evidence/videos/gesture_candidate_unknown_20251217_153510.avi
2025-12-17 15:35:10,636 - ERROR - Error queueing clip for gesture: Object of type int32 is not JSON serializable
2025-12-17 15:35:10,662 - INFO - Tracking servo moved to 43°
2025-12-17 15:35:10,702 - INFO - Security event logged: TRACKING_MOVEMENT - unknown
2025-12-17 15:35:10,831 - INFO - Security event logged: VIDEO_gesture_candidate - unknown
2025-12-17 15:35:10,831 - INFO - Saved evidence clip: evidence/videos/gesture_candidate_unknown_20251217_153510.avi
2025-12-17 15:35:10,833 - ERROR - Error queueing clip for gesture: Object of type int32 is not JSON serializable
2025-12-17 15:35:10,866 - INFO - Tracking servo moved to 31°
2025-12-17 15:35:10,907 - INFO - Security event logged: TRACKING_MOVEMENT - unknown
2025-12-17 15:35:11,035 - INFO - Security event logged: VIDEO_gesture_candidate - unknown
2025-12-17 15:35:11,035 - INFO - Saved evidence clip: evidence/videos/gesture_candidate_unknown_20251217_153510.avi
2025-12-17 15:35:11,037 - ERROR - Error queueing clip for gesture: Object of type int32 is not JSON serializable
2025-12-17 15:35:11,071 - INFO - Tracking servo moved to 19°
2025-12-17 15:35:11,114 - INFO - Security event logged: TRACKING_MOVEMENT - unknown
2025-12-17 15:35:11,249 - INFO - Security event logged: VIDEO_gesture_candidate - unknown
2025-12-17 15:35:11,250 - INFO - Saved evidence clip: evidence/videos/gesture_candidate_unknown_20251217_153511.avi
2025-12-17 15:35:11,253 - ERROR - Error queueing clip for gesture: Object of type int32 is not JSON serializable
2025-12-17 15:35:11,273 - INFO - Tracking servo moved to 7°
2025-12-17 15:35:11,313 - INFO - Security event logged: TRACKING_MOVEMENT - unknown
2025-12-17 15:35:11,447 - INFO - Security event logged: VIDEO_gesture_candidate - unknown
2025-12-17 15:35:11,448 - INFO - Saved evidence clip: evidence/videos/gesture_candidate_unknown_20251217_153511.avi
2025-12-17 15:35:11,449 - ERROR - Error queueing clip for gesture: Object of type int32 is not JSON serializable
2025-12-17 15:35:11,474 - INFO - Tracking servo moved to 0°
2025-12-17 15:35:11,514 - INFO - Security event logged: TRACKING_MOVEMENT - unknown
2025-12-17 15:35:11,641 - INFO - Security event logged: VIDEO_gesture_candidate - unknown
2025-12-17 15:35:11,641 - INFO - Saved evidence clip: evidence/videos/gesture_candidate_unknown_20251217_153511.avi
2025-12-17 15:35:11,643 - ERROR - Error queueing clip for gesture: Object of type int32 is not JSON serializable
2025-12-17 15:35:11,677 - INFO - Tracking servo moved to 0°
2025-12-17 15:35:11,715 - INFO - Security event logged: TRACKING_MOVEMENT - unknown
2025-12-17 15:35:11,847 - INFO - Security event logged: VIDEO_gesture_candidate - unknown
2025-12-17 15:35:11,847 - INFO - Saved evidence clip: evidence/videos/gesture_candidate_unknown_20251217_153511.avi
2025-12-17 15:35:11,849 - ERROR - Error queueing clip for gesture: Object of type int32 is not JSON serializable
2025-12-17 15:35:11,877 - INFO - Tracking servo moved to 0°
2025-12-17 15:35:11,917 - INFO - Security event logged: TRACKING_MOVEMENT - unknown
2025-12-17 15:35:12,050 - INFO - Security event logged: VIDEO_gesture_candidate - unknown
2025-12-17 15:35:12,051 - INFO - Saved evidence clip: evidence/videos/gesture_candidate_unknown_20251217_153511.avi
2025-12-17 15:35:12,053 - ERROR - Error queueing clip for gesture: Object of type int32 is not JSON serializable
2025-12-17 15:35:12,084 - INFO - Tracking servo moved to 0°
2025-12-17 15:35:12,125 - INFO - Security event logged: TRACKING_MOVEMENT - unknown
2025-12-17 15:35:12,253 - INFO - Security event logged: VIDEO_gesture_candidate - unknown
2025-12-17 15:35:12,253 - INFO - Saved evidence clip: evidence/videos/gesture_candidate_unknown_20251217_153512.avi
2025-12-17 15:35:12,255 - ERROR - Error queueing clip for gesture: Object of type int32 is not JSON serializable
2025-12-17 15:35:12,287 - INFO - Tracking servo moved to 0°
2025-12-17 15:35:12,326 - INFO - Security event logged: TRACKING_MOVEMENT - unknown
2025-12-17 15:35:12,461 - INFO - Security event logged: VIDEO_gesture_candidate - unknown
2025-12-17 15:35:12,462 - INFO - Saved evidence clip: evidence/videos/gesture_candidate_unknown_20251217_153512.avi
2025-12-17 15:35:12,463 - ERROR - Error queueing clip for gesture: Object of type int32 is not JSON serializable
2025-12-17 15:35:12,490 - INFO - Tracking servo moved to 0°
2025-12-17 15:35:12,529 - INFO - Security event logged: TRACKING_MOVEMENT - unknown
2025-12-17 15:35:12,662 - INFO - Security event logged: VIDEO_gesture_candidate - unknown
2025-12-17 15:35:12,662 - INFO - Saved evidence clip: evidence/videos/gesture_candidate_unknown_20251217_153512.avi
2025-12-17 15:35:12,664 - ERROR - Error queueing clip for gesture: Object of type int32 is not JSON serializable
2025-12-17 15:35:12,707 - INFO - Tracking servo moved to 0°
2025-12-17 15:35:12,749 - INFO - Security event logged: TRACKING_MOVEMENT - unknown
2025-12-17 15:35:12,874 - INFO - Security event logged: VIDEO_gesture_candidate - unknown
2025-12-17 15:35:12,874 - INFO - Saved evidence clip: evidence/videos/gesture_candidate_unknown_20251217_153512.avi
2025-12-17 15:35:12,876 - ERROR - Error queueing clip for gesture: Object of type int32 is not JSON serializable
2025-12-17 15:35:12,897 - INFO - Tracking servo moved to 0°
2025-12-17 15:35:12,936 - INFO - Security event logged: TRACKING_MOVEMENT - unknown
2025-12-17 15:35:13,074 - INFO - Security event logged: VIDEO_gesture_candidate - unknown
2025-12-17 15:35:13,074 - INFO - Saved evidence clip: evidence/videos/gesture_candidate_unknown_20251217_153512.avi
2025-12-17 15:35:13,077 - ERROR - Error queueing clip for gesture: Object of type int32 is not JSON serializable
2025-12-17 15:35:13,097 - INFO - Tracking servo moved to 0°
2025-12-17 15:35:13,138 - INFO - Security event logged: TRACKING_MOVEMENT - unknown
2025-12-17 15:35:13,269 - INFO - Security event logged: VIDEO_gesture_candidate - unknown
2025-12-17 15:35:13,269 - INFO - Saved evidence clip: evidence/videos/gesture_candidate_unknown_20251217_153513.avi
2025-12-17 15:35:13,272 - ERROR - Error queueing clip for gesture: Object of type int32 is not JSON serializable
2025-12-17 15:35:13,332 - INFO - Tracking servo moved to 0°
2025-12-17 15:35:13,372 - INFO - Security event logged: TRACKING_MOVEMENT - unknown
2025-12-17 15:35:13,506 - INFO - Security event logged: VIDEO_gesture_candidate - unknown
2025-12-17 15:35:13,506 - INFO - Saved evidence clip: evidence/videos/gesture_candidate_unknown_20251217_153513.avi
2025-12-17 15:35:13,509 - ERROR - Error queueing clip for gesture: Object of type int32 is not JSON serializable
2025-12-17 15:35:13,533 - INFO - Tracking servo moved to 0°
2025-12-17 15:35:13,573 - INFO - Security event logged: TRACKING_MOVEMENT - unknown
2025-12-17 15:35:13,707 - INFO - Security event logged: VIDEO_gesture_candidate - unknown
2025-12-17 15:35:13,708 - INFO - Saved evidence clip: evidence/videos/gesture_candidate_unknown_20251217_153513.avi
2025-12-17 15:35:13,709 - ERROR - Error queueing clip for gesture: Object of type int32 is not JSON serializable
2025-12-17 15:35:13,738 - INFO - Tracking servo moved to 0°
2025-12-17 15:35:13,782 - INFO - Security event logged: TRACKING_MOVEMENT - unknown
2025-12-17 15:35:13,912 - INFO - Security event logged: VIDEO_gesture_candidate - unknown
2025-12-17 15:35:13,912 - INFO - Saved evidence clip: evidence/videos/gesture_candidate_unknown_20251217_153513.avi
2025-12-17 15:35:13,914 - ERROR - Error queueing clip for gesture: Object of type int32 is not JSON serializable
2025-12-17 15:35:13,939 - INFO - Tracking servo moved to 0°
2025-12-17 15:35:13,979 - INFO - Security event logged: TRACKING_MOVEMENT - unknown
2025-12-17 15:35:14,105 - INFO - Security event logged: VIDEO_gesture_candidate - unknown
2025-12-17 15:35:14,106 - INFO - Saved evidence clip: evidence/videos/gesture_candidate_unknown_20251217_153513.avi
2025-12-17 15:35:14,108 - ERROR - Error queueing clip for gesture: Object of type int32 is not JSON serializable
2025-12-17 15:35:14,129 - INFO - Tracking servo moved to 0°
2025-12-17 15:35:14,169 - INFO - Security event logged: TRACKING_MOVEMENT - unknown
2025-12-17 15:35:14,296 - INFO - Security event logged: VIDEO_gesture_candidate - unknown
2025-12-17 15:35:14,297 - INFO - Saved evidence clip: evidence/videos/gesture_candidate_unknown_20251217_153514.avi
2025-12-17 15:35:14,298 - ERROR - Error queueing clip for gesture: Object of type int32 is not JSON serializable
2025-12-17 15:35:14,331 - INFO - Tracking servo moved to 0°
2025-12-17 15:35:14,370 - INFO - Security event logged: TRACKING_MOVEMENT - unknown
2025-12-17 15:35:14,504 - INFO - Security event logged: VIDEO_gesture_candidate - unknown
2025-12-17 15:35:14,505 - INFO - Saved evidence clip: evidence/videos/gesture_candidate_unknown_20251217_153514.avi
2025-12-17 15:35:14,507 - ERROR - Error queueing clip for gesture: Object of type int32 is not JSON serializable
2025-12-17 15:35:14,532 - INFO - Tracking servo moved to 90°
2025-12-17 15:35:14,572 - INFO - Security event logged: TRACKING_MOVEMENT - unknown
2025-12-17 15:35:14,597 - WARNING - Unknown person detected - starting tracking
2025-12-17 15:35:14,598 - WARNING - 🚨 SECURITY ALERT: INTRUDER_DETECTED
2025-12-17 15:35:14,607 - WARNING - Alert logged: INTRUDER_DETECTED - CRITICAL - Unknown person attempting access
2025-12-17 15:35:14,607 - INFO - 📱 SMS to POLICE: SECURITY ALERT: INTRUDER_DETECTED - Unknown person attempting access - Location: Your Address
2025-12-17 15:35:14,607 - INFO - 📱 SMS to OWNER: HOME SECURITY: INTRUDER_DETECTED - Unknown person attempting access
2025-12-17 15:35:14,647 - INFO - Security event logged: GSM_ALERT_SENT - system
2025-12-17 15:35:14,648 - INFO - 🔒 SECURITY RELAY ACTIVATED - Additional security measures enabled
2025-12-17 15:35:14,690 - INFO - Security event logged: RELAY_ACTIVATED - system
2025-12-17 15:35:14,691 - INFO - Tracking servo moved to 78°
2025-12-17 15:35:14,731 - INFO - Security event logged: TRACKING_MOVEMENT - unknown
2025-12-17 15:35:14,865 - INFO - Security event logged: VIDEO_gesture_candidate - unknown
2025-12-17 15:35:14,865 - INFO - Saved evidence clip: evidence/videos/gesture_candidate_unknown_20251217_153514.avi
2025-12-17 15:35:14,867 - ERROR - Error queueing clip for gesture: Object of type int32 is not JSON serializable
2025-12-17 15:35:14,919 - INFO - Tracking servo moved to 66°
2025-12-17 15:35:14,962 - INFO - Security event logged: TRACKING_MOVEMENT - unknown
2025-12-17 15:35:15,093 - INFO - Security event logged: VIDEO_gesture_candidate - unknown
2025-12-17 15:35:15,094 - INFO - Saved evidence clip: evidence/videos/gesture_candidate_unknown_20251217_153514.avi
2025-12-17 15:35:15,095 - ERROR - Error queueing clip for gesture: Object of type int32 is not JSON serializable
2025-12-17 15:35:15,129 - INFO - Tracking servo moved to 54°
2025-12-17 15:35:15,168 - INFO - Security event logged: TRACKING_MOVEMENT - unknown
2025-12-17 15:35:15,297 - INFO - Security event logged: VIDEO_gesture_candidate - unknown
2025-12-17 15:35:15,298 - INFO - Saved evidence clip: evidence/videos/gesture_candidate_unknown_20251217_153515.avi
2025-12-17 15:35:15,300 - ERROR - Error queueing clip for gesture: Object of type int32 is not JSON serializable
2025-12-17 15:35:15,991 - INFO - Tracking servo moved to 39°
2025-12-17 15:35:16,033 - INFO - Security event logged: TRACKING_MOVEMENT - unknown
2025-12-17 15:35:16,167 - INFO - Security event logged: VIDEO_gesture_candidate - unknown
2025-12-17 15:35:16,167 - INFO - Saved evidence clip: evidence/videos/gesture_candidate_unknown_20251217_153516.avi
2025-12-17 15:35:16,169 - ERROR - Error queueing clip for gesture: Object of type int32 is not JSON serializable
2025-12-17 15:35:16,188 - INFO - Tracking servo moved to 24°
2025-12-17 15:35:16,225 - INFO - Security event logged: TRACKING_MOVEMENT - unknown
2025-12-17 15:35:16,353 - INFO - Security event logged: VIDEO_gesture_candidate - unknown
2025-12-17 15:35:16,353 - INFO - Saved evidence clip: evidence/videos/gesture_candidate_unknown_20251217_153516.avi
2025-12-17 15:35:16,355 - ERROR - Error queueing clip for gesture: Object of type int32 is not JSON serializable
2025-12-17 15:35:16,407 - INFO - Tracking servo moved to 11°
2025-12-17 15:35:16,451 - INFO - Security event logged: TRACKING_MOVEMENT - unknown
2025-12-17 15:35:16,583 - INFO - Security event logged: VIDEO_gesture_candidate - unknown
2025-12-17 15:35:16,583 - INFO - Saved evidence clip: evidence/videos/gesture_candidate_unknown_20251217_153516.avi
2025-12-17 15:35:16,586 - ERROR - Error queueing clip for gesture: Object of type int32 is not JSON serializable
2025-12-17 15:35:16,611 - INFO - Tracking servo moved to 0°
2025-12-17 15:35:16,650 - INFO - Security event logged: TRACKING_MOVEMENT - unknown
2025-12-17 15:35:16,781 - INFO - Security event logged: VIDEO_gesture_candidate - unknown
2025-12-17 15:35:16,781 - INFO - Saved evidence clip: evidence/videos/gesture_candidate_unknown_20251217_153516.avi
2025-12-17 15:35:16,783 - ERROR - Error queueing clip for gesture: Object of type int32 is not JSON serializable
2025-12-17 15:35:16,812 - INFO - Tracking servo moved to 0°
2025-12-17 15:35:16,855 - INFO - Security event logged: TRACKING_MOVEMENT - unknown
2025-12-17 15:35:16,985 - INFO - Security event logged: VIDEO_gesture_candidate - unknown
2025-12-17 15:35:16,986 - INFO - Saved evidence clip: evidence/videos/gesture_candidate_unknown_20251217_153516.avi
2025-12-17 15:35:16,987 - ERROR - Error queueing clip for gesture: Object of type int32 is not JSON serializable
2025-12-17 15:35:17,443 - INFO - Tracking servo moved to 18°
2025-12-17 15:35:17,485 - INFO - Security event logged: TRACKING_MOVEMENT - unknown
2025-12-17 15:35:17,618 - INFO - Security event logged: VIDEO_gesture_candidate - unknown
2025-12-17 15:35:17,618 - INFO - Saved evidence clip: evidence/videos/gesture_candidate_unknown_20251217_153517.avi
2025-12-17 15:35:17,620 - ERROR - Error queueing clip for gesture: Object of type int32 is not JSON serializable
2025-12-17 15:35:17,654 - INFO - Tracking servo moved to 36°
2025-12-17 15:35:17,695 - INFO - Security event logged: TRACKING_MOVEMENT - unknown
2025-12-17 15:35:17,823 - INFO - Security event logged: VIDEO_gesture_candidate - unknown
2025-12-17 15:35:17,823 - INFO - Saved evidence clip: evidence/videos/gesture_candidate_unknown_20251217_153517.avi
2025-12-17 15:35:17,825 - ERROR - Error queueing clip for gesture: Object of type int32 is not JSON serializable
2025-12-17 15:35:18,710 - INFO - Tracking servo moved to 29°
2025-12-17 15:35:18,752 - INFO - Security event logged: TRACKING_MOVEMENT - unknown
2025-12-17 15:35:18,880 - INFO - Security event logged: VIDEO_gesture_candidate - unknown
2025-12-17 15:35:18,880 - INFO - Saved evidence clip: evidence/videos/gesture_candidate_unknown_20251217_153518.avi
2025-12-17 15:35:18,883 - ERROR - Error queueing clip for gesture: Object of type int32 is not JSON serializable
2025-12-17 15:35:18,904 - INFO - Tracking servo moved to 22°
2025-12-17 15:35:18,941 - INFO - Security event logged: TRACKING_MOVEMENT - unknown
2025-12-17 15:35:19,072 - INFO - Security event logged: VIDEO_gesture_candidate - unknown
2025-12-17 15:35:19,073 - INFO - Saved evidence clip: evidence/videos/gesture_candidate_unknown_20251217_153518.avi
2025-12-17 15:35:19,075 - ERROR - Error queueing clip for gesture: Object of type int32 is not JSON serializable
2025-12-17 15:35:19,651 - INFO - Tracking servo moved to 90°
2025-12-17 15:35:19,693 - INFO - Security event logged: TRACKING_MOVEMENT - unknown
2025-12-17 15:35:32,583 - WARNING - Unknown person detected - starting tracking
2025-12-17 15:35:32,584 - WARNING - 🚨 SECURITY ALERT: INTRUDER_DETECTED
2025-12-17 15:35:32,594 - WARNING - Alert logged: INTRUDER_DETECTED - CRITICAL - Unknown person attempting access
2025-12-17 15:35:32,594 - INFO - 📱 SMS to POLICE: SECURITY ALERT: INTRUDER_DETECTED - Unknown person attempting access - Location: Your Address
2025-12-17 15:35:32,594 - INFO - 📱 SMS to OWNER: HOME SECURITY: INTRUDER_DETECTED - Unknown person attempting access
2025-12-17 15:35:32,633 - INFO - Security event logged: GSM_ALERT_SENT - system
2025-12-17 15:35:32,634 - INFO - 🔒 SECURITY RELAY ACTIVATED - Additional security measures enabled
2025-12-17 15:35:32,672 - INFO - Security event logged: RELAY_ACTIVATED - system
2025-12-17 15:35:32,673 - INFO - Tracking servo moved to 106°
2025-12-17 15:35:32,714 - INFO - Security event logged: TRACKING_MOVEMENT - unknown
2025-12-17 15:35:32,846 - INFO - Security event logged: VIDEO_gesture_candidate - unknown
2025-12-17 15:35:32,847 - INFO - Saved evidence clip: evidence/videos/gesture_candidate_unknown_20251217_153532.avi
2025-12-17 15:35:32,849 - ERROR - Error queueing clip for gesture: Object of type int32 is not JSON serializable
2025-12-17 15:35:34,054 - INFO - Tracking servo moved to 102°
2025-12-17 15:35:34,096 - INFO - Security event logged: TRACKING_MOVEMENT - unknown
2025-12-17 15:35:34,224 - INFO - Security event logged: VIDEO_gesture_candidate - unknown
2025-12-17 15:35:34,225 - INFO - Saved evidence clip: evidence/videos/gesture_candidate_unknown_20251217_153534.avi
2025-12-17 15:35:34,227 - ERROR - Error queueing clip for gesture: Object of type int32 is not JSON serializable
2025-12-17 15:35:37,587 - INFO - Tracking servo moved to 90°
2025-12-17 15:35:37,630 - INFO - Security event logged: TRACKING_MOVEMENT - unknown
2025-12-17 15:35:40,709 - WARNING - Unknown person detected - starting tracking
2025-12-17 15:35:40,709 - WARNING - 🚨 SECURITY ALERT: INTRUDER_DETECTED
2025-12-17 15:35:40,718 - WARNING - Alert logged: INTRUDER_DETECTED - CRITICAL - Unknown person attempting access
2025-12-17 15:35:40,719 - INFO - 📱 SMS to POLICE: SECURITY ALERT: INTRUDER_DETECTED - Unknown person attempting access - Location: Your Address
2025-12-17 15:35:40,719 - INFO - 📱 SMS to OWNER: HOME SECURITY: INTRUDER_DETECTED - Unknown person attempting access
2025-12-17 15:35:40,760 - INFO - Security event logged: GSM_ALERT_SENT - system
2025-12-17 15:35:40,760 - INFO - 🔒 SECURITY RELAY ACTIVATED - Additional security measures enabled
2025-12-17 15:35:40,802 - INFO - Security event logged: RELAY_ACTIVATED - system
2025-12-17 15:35:40,802 - INFO - Tracking servo moved to 79°
2025-12-17 15:35:40,845 - INFO - Security event logged: TRACKING_MOVEMENT - unknown
2025-12-17 15:35:40,975 - INFO - Security event logged: VIDEO_gesture_candidate - unknown
2025-12-17 15:35:40,975 - INFO - Saved evidence clip: evidence/videos/gesture_candidate_unknown_20251217_153540.avi
2025-12-17 15:35:40,977 - ERROR - Error queueing clip for gesture: Object of type int32 is not JSON serializable
2025-12-17 15:35:43,383 - INFO - Tracking servo moved to 66°
2025-12-17 15:35:43,427 - INFO - Security event logged: TRACKING_MOVEMENT - unknown
2025-12-17 15:35:43,561 - INFO - Security event logged: VIDEO_gesture_candidate - unknown
2025-12-17 15:35:43,561 - INFO - Saved evidence clip: evidence/videos/gesture_candidate_unknown_20251217_153543.avi
2025-12-17 15:35:43,564 - ERROR - Error queueing clip for gesture: Object of type int32 is not JSON serializable
2025-12-17 15:35:45,726 - INFO - Security event logged: VIDEO_gesture_candidate - unknown
2025-12-17 15:35:45,726 - INFO - Saved evidence clip: evidence/videos/gesture_candidate_unknown_20251217_153545.avi
2025-12-17 15:35:45,728 - ERROR - Error queueing clip for gesture: Object of type int32 is not JSON serializable
2025-12-17 15:35:45,888 - INFO - Security event logged: VIDEO_gesture_candidate - unknown
2025-12-17 15:35:45,889 - INFO - Saved evidence clip: evidence/videos/gesture_candidate_unknown_20251217_153545.avi
2025-12-17 15:35:45,890 - ERROR - Error queueing clip for gesture: Object of type int32 is not JSON serializable
2025-12-17 15:35:45,912 - INFO - Tracking servo moved to 90°
2025-12-17 15:35:45,951 - INFO - Security event logged: TRACKING_MOVEMENT - unknown
2025-12-17 15:35:47,383 - WARNING - Unknown person detected - starting tracking
2025-12-17 15:35:47,383 - WARNING - 🚨 SECURITY ALERT: INTRUDER_DETECTED
2025-12-17 15:35:47,393 - WARNING - Alert logged: INTRUDER_DETECTED - CRITICAL - Unknown person attempting access
2025-12-17 15:35:47,393 - INFO - 📱 SMS to POLICE: SECURITY ALERT: INTRUDER_DETECTED - Unknown person attempting access - Location: Your Address
2025-12-17 15:35:47,393 - INFO - 📱 SMS to OWNER: HOME SECURITY: INTRUDER_DETECTED - Unknown person attempting access
2025-12-17 15:35:47,432 - INFO - Security event logged: GSM_ALERT_SENT - system
2025-12-17 15:35:47,433 - INFO - 🔒 SECURITY RELAY ACTIVATED - Additional security measures enabled
2025-12-17 15:35:47,473 - INFO - Security event logged: RELAY_ACTIVATED - system
2025-12-17 15:35:47,474 - INFO - Tracking servo moved to 77°
2025-12-17 15:35:47,513 - INFO - Security event logged: TRACKING_MOVEMENT - unknown
2025-12-17 15:35:47,644 - INFO - Security event logged: VIDEO_gesture_candidate - unknown
2025-12-17 15:35:47,644 - INFO - Saved evidence clip: evidence/videos/gesture_candidate_unknown_20251217_153547.avi
2025-12-17 15:35:47,646 - ERROR - Error queueing clip for gesture: Object of type int32 is not JSON serializable
2025-12-17 15:35:47,718 - INFO - Tracking servo moved to 83°
2025-12-17 15:35:47,760 - INFO - Security event logged: TRACKING_MOVEMENT - unknown
2025-12-17 15:35:47,895 - INFO - Security event logged: VIDEO_gesture_candidate - unknown
2025-12-17 15:35:47,896 - INFO - Saved evidence clip: evidence/videos/gesture_candidate_unknown_20251217_153547.avi
2025-12-17 15:35:47,898 - ERROR - Error queueing clip for gesture: Object of type int32 is not JSON serializable
2025-12-17 15:35:47,957 - INFO - Tracking servo moved to 89°
2025-12-17 15:35:47,997 - INFO - Security event logged: TRACKING_MOVEMENT - unknown
2025-12-17 15:35:48,127 - INFO - Security event logged: VIDEO_gesture_candidate - unknown
2025-12-17 15:35:48,128 - INFO - Saved evidence clip: evidence/videos/gesture_candidate_unknown_20251217_153548.avi
2025-12-17 15:35:48,130 - ERROR - Error queueing clip for gesture: Object of type int32 is not JSON serializable
2025-12-17 15:35:48,519 - INFO - Tracking servo moved to 95°
2025-12-17 15:35:48,564 - INFO - Security event logged: TRACKING_MOVEMENT - unknown
2025-12-17 15:35:48,692 - INFO - Security event logged: VIDEO_gesture_candidate - unknown
2025-12-17 15:35:48,693 - INFO - Saved evidence clip: evidence/videos/gesture_candidate_unknown_20251217_153548.avi
2025-12-17 15:35:48,695 - ERROR - Error queueing clip for gesture: Object of type int32 is not JSON serializable
2025-12-17 15:35:49,110 - INFO - Tracking servo moved to 99°
2025-12-17 15:35:49,151 - INFO - Security event logged: TRACKING_MOVEMENT - unknown
2025-12-17 15:35:49,285 - INFO - Security event logged: VIDEO_gesture_candidate - unknown
2025-12-17 15:35:49,285 - INFO - Saved evidence clip: evidence/videos/gesture_candidate_unknown_20251217_153549.avi
2025-12-17 15:35:49,287 - ERROR - Error queueing clip for gesture: Object of type int32 is not JSON serializable
2025-12-17 15:35:49,384 - INFO - Tracking servo moved to 102°
2025-12-17 15:35:49,425 - INFO - Security event logged: TRACKING_MOVEMENT - unknown
2025-12-17 15:35:49,556 - INFO - Security event logged: VIDEO_gesture_candidate - unknown
2025-12-17 15:35:49,556 - INFO - Saved evidence clip: evidence/videos/gesture_candidate_unknown_20251217_153549.avi
2025-12-17 15:35:49,558 - ERROR - Error queueing clip for gesture: Object of type int32 is not JSON serializable
2025-12-17 15:35:49,611 - INFO - Tracking servo moved to 106°
2025-12-17 15:35:49,655 - INFO - Security event logged: TRACKING_MOVEMENT - unknown
2025-12-17 15:35:49,782 - INFO - Security event logged: VIDEO_gesture_candidate - unknown
2025-12-17 15:35:49,783 - INFO - Saved evidence clip: evidence/videos/gesture_candidate_unknown_20251217_153549.avi
2025-12-17 15:35:49,785 - ERROR - Error queueing clip for gesture: Object of type int32 is not JSON serializable
2025-12-17 15:35:49,814 - INFO - Tracking servo moved to 110°
2025-12-17 15:35:49,854 - INFO - Security event logged: TRACKING_MOVEMENT - unknown
2025-12-17 15:35:49,990 - INFO - Security event logged: VIDEO_gesture_candidate - unknown
2025-12-17 15:35:49,990 - INFO - Saved evidence clip: evidence/videos/gesture_candidate_unknown_20251217_153549.avi
2025-12-17 15:35:49,992 - ERROR - Error queueing clip for gesture: Object of type int32 is not JSON serializable
2025-12-17 15:35:50,015 - INFO - Tracking servo moved to 114°
2025-12-17 15:35:50,053 - INFO - Security event logged: TRACKING_MOVEMENT - unknown
2025-12-17 15:35:50,180 - INFO - Security event logged: VIDEO_gesture_candidate - unknown
2025-12-17 15:35:50,180 - INFO - Saved evidence clip: evidence/videos/gesture_candidate_unknown_20251217_153550.avi
2025-12-17 15:35:50,182 - ERROR - Error queueing clip for gesture: Object of type int32 is not JSON serializable
2025-12-17 15:35:50,248 - INFO - Tracking servo moved to 118°
2025-12-17 15:35:50,288 - INFO - Security event logged: TRACKING_MOVEMENT - unknown
2025-12-17 15:35:50,421 - INFO - Security event logged: VIDEO_gesture_candidate - unknown
2025-12-17 15:35:50,422 - INFO - Saved evidence clip: evidence/videos/gesture_candidate_unknown_20251217_153550.avi
2025-12-17 15:35:50,424 - ERROR - Error queueing clip for gesture: Object of type int32 is not JSON serializable
2025-12-17 15:35:50,450 - INFO - Tracking servo moved to 122°
2025-12-17 15:35:50,489 - INFO - Security event logged: TRACKING_MOVEMENT - unknown
2025-12-17 15:35:50,619 - INFO - Security event logged: VIDEO_gesture_candidate - unknown
2025-12-17 15:35:50,619 - INFO - Saved evidence clip: evidence/videos/gesture_candidate_unknown_20251217_153550.avi
2025-12-17 15:35:50,622 - ERROR - Error queueing clip for gesture: Object of type int32 is not JSON serializable
2025-12-17 15:35:50,652 - INFO - Tracking servo moved to 128°
2025-12-17 15:35:50,694 - INFO - Security event logged: TRACKING_MOVEMENT - unknown
2025-12-17 15:35:50,824 - INFO - Security event logged: VIDEO_gesture_candidate - unknown
2025-12-17 15:35:50,825 - INFO - Saved evidence clip: evidence/videos/gesture_candidate_unknown_20251217_153550.avi
2025-12-17 15:35:50,826 - ERROR - Error queueing clip for gesture: Object of type int32 is not JSON serializable
2025-12-17 15:35:51,190 - INFO - Tracking servo moved to 134°
2025-12-17 15:35:51,231 - INFO - Security event logged: TRACKING_MOVEMENT - unknown
2025-12-17 15:35:51,354 - INFO - Security event logged: VIDEO_gesture_candidate - unknown
2025-12-17 15:35:51,354 - INFO - Saved evidence clip: evidence/videos/gesture_candidate_unknown_20251217_153551.avi
2025-12-17 15:35:51,356 - ERROR - Error queueing clip for gesture: Object of type int32 is not JSON serializable
2025-12-17 15:35:51,401 - INFO - Tracking servo moved to 140°
2025-12-17 15:35:51,443 - INFO - Security event logged: TRACKING_MOVEMENT - unknown
2025-12-17 15:35:51,573 - INFO - Security event logged: VIDEO_gesture_candidate - unknown
2025-12-17 15:35:51,573 - INFO - Saved evidence clip: evidence/videos/gesture_candidate_unknown_20251217_153551.avi
2025-12-17 15:35:51,575 - ERROR - Error queueing clip for gesture: Object of type int32 is not JSON serializable
2025-12-17 15:35:51,993 - INFO - Tracking servo moved to 146°
2025-12-17 15:35:52,034 - INFO - Security event logged: TRACKING_MOVEMENT - unknown
2025-12-17 15:35:52,170 - INFO - Security event logged: VIDEO_gesture_candidate - unknown
2025-12-17 15:35:52,170 - INFO - Saved evidence clip: evidence/videos/gesture_candidate_unknown_20251217_153552.avi
2025-12-17 15:35:52,172 - ERROR - Error queueing clip for gesture: Object of type int32 is not JSON serializable
2025-12-17 15:35:52,226 - INFO - Tracking servo moved to 153°
2025-12-17 15:35:52,269 - INFO - Security event logged: TRACKING_MOVEMENT - unknown
2025-12-17 15:35:52,403 - INFO - Security event logged: VIDEO_gesture_candidate - unknown
2025-12-17 15:35:52,404 - INFO - Saved evidence clip: evidence/videos/gesture_candidate_unknown_20251217_153552.avi
2025-12-17 15:35:52,406 - ERROR - Error queueing clip for gesture: Object of type int32 is not JSON serializable
2025-12-17 15:35:52,424 - INFO - Tracking servo moved to 90°
2025-12-17 15:35:52,467 - INFO - Security event logged: TRACKING_MOVEMENT - unknown
2025-12-17 15:35:52,791 - WARNING - Unknown person detected - starting tracking
2025-12-17 15:35:52,791 - WARNING - 🚨 SECURITY ALERT: INTRUDER_DETECTED
2025-12-17 15:35:52,801 - WARNING - Alert logged: INTRUDER_DETECTED - CRITICAL - Unknown person attempting access
2025-12-17 15:35:52,801 - INFO - 📱 SMS to POLICE: SECURITY ALERT: INTRUDER_DETECTED - Unknown person attempting access - Location: Your Address
2025-12-17 15:35:52,801 - INFO - 📱 SMS to OWNER: HOME SECURITY: INTRUDER_DETECTED - Unknown person attempting access
2025-12-17 15:35:52,842 - INFO - Security event logged: GSM_ALERT_SENT - system
2025-12-17 15:35:52,842 - INFO - 🔒 SECURITY RELAY ACTIVATED - Additional security measures enabled
2025-12-17 15:35:52,884 - INFO - Security event logged: RELAY_ACTIVATED - system
2025-12-17 15:35:52,884 - INFO - Tracking servo moved to 97°
2025-12-17 15:35:52,925 - INFO - Security event logged: TRACKING_MOVEMENT - unknown
2025-12-17 15:35:53,052 - INFO - Security event logged: VIDEO_gesture_candidate - unknown
2025-12-17 15:35:53,052 - INFO - Saved evidence clip: evidence/videos/gesture_candidate_unknown_20251217_153552.avi
2025-12-17 15:35:53,054 - ERROR - Error queueing clip for gesture: Object of type int32 is not JSON serializable
2025-12-17 15:35:53,081 - INFO - Tracking servo moved to 104°
2025-12-17 15:35:53,118 - INFO - Security event logged: TRACKING_MOVEMENT - unknown
2025-12-17 15:35:53,239 - INFO - Security event logged: VIDEO_gesture_candidate - unknown
2025-12-17 15:35:53,240 - INFO - Saved evidence clip: evidence/videos/gesture_candidate_unknown_20251217_153553.avi
2025-12-17 15:35:53,241 - ERROR - Error queueing clip for gesture: Object of type int32 is not JSON serializable
2025-12-17 15:35:53,314 - INFO - Tracking servo moved to 111°
2025-12-17 15:35:53,352 - INFO - Security event logged: TRACKING_MOVEMENT - unknown
2025-12-17 15:35:53,479 - INFO - Security event logged: VIDEO_gesture_candidate - unknown
2025-12-17 15:35:53,480 - INFO - Saved evidence clip: evidence/videos/gesture_candidate_unknown_20251217_153553.avi
2025-12-17 15:35:53,481 - ERROR - Error queueing clip for gesture: Object of type int32 is not JSON serializable
2025-12-17 15:35:53,563 - INFO - Tracking servo moved to 118°
2025-12-17 15:35:53,604 - INFO - Security event logged: TRACKING_MOVEMENT - unknown
2025-12-17 15:35:53,725 - INFO - Security event logged: VIDEO_gesture_candidate - unknown
2025-12-17 15:35:53,726 - INFO - Saved evidence clip: evidence/videos/gesture_candidate_unknown_20251217_153553.avi
2025-12-17 15:35:53,728 - ERROR - Error queueing clip for gesture: Object of type int32 is not JSON serializable
2025-12-17 15:35:53,756 - INFO - Tracking servo moved to 125°
2025-12-17 15:35:53,793 - INFO - Security event logged: TRACKING_MOVEMENT - unknown
2025-12-17 15:35:53,917 - INFO - Security event logged: VIDEO_gesture_candidate - unknown
2025-12-17 15:35:53,917 - INFO - Saved evidence clip: evidence/videos/gesture_candidate_unknown_20251217_153553.avi
2025-12-17 15:35:53,919 - ERROR - Error queueing clip for gesture: Object of type int32 is not JSON serializable
2025-12-17 15:35:53,955 - INFO - Tracking servo moved to 132°
2025-12-17 15:35:53,996 - INFO - Security event logged: TRACKING_MOVEMENT - unknown
2025-12-17 15:35:54,122 - INFO - Security event logged: VIDEO_gesture_candidate - unknown
2025-12-17 15:35:54,123 - INFO - Saved evidence clip: evidence/videos/gesture_candidate_unknown_20251217_153554.avi
2025-12-17 15:35:54,125 - ERROR - Error queueing clip for gesture: Object of type int32 is not JSON serializable
2025-12-17 15:35:54,187 - INFO - Tracking servo moved to 139°
2025-12-17 15:35:54,229 - INFO - Security event logged: TRACKING_MOVEMENT - unknown
2025-12-17 15:35:54,358 - INFO - Security event logged: VIDEO_gesture_candidate - unknown
2025-12-17 15:35:54,359 - INFO - Saved evidence clip: evidence/videos/gesture_candidate_unknown_20251217_153554.avi
2025-12-17 15:35:54,360 - ERROR - Error queueing clip for gesture: Object of type int32 is not JSON serializable
2025-12-17 15:35:54,409 - INFO - Tracking servo moved to 147°
2025-12-17 15:35:54,448 - INFO - Security event logged: TRACKING_MOVEMENT - unknown
2025-12-17 15:35:54,578 - INFO - Security event logged: VIDEO_gesture_candidate - unknown
2025-12-17 15:35:54,579 - INFO - Saved evidence clip: evidence/videos/gesture_candidate_unknown_20251217_153554.avi
2025-12-17 15:35:54,581 - ERROR - Error queueing clip for gesture: Object of type int32 is not JSON serializable
2025-12-17 15:35:54,608 - INFO - Tracking servo moved to 135°
2025-12-17 15:35:54,645 - INFO - Security event logged: TRACKING_MOVEMENT - unknown
2025-12-17 15:35:54,773 - INFO - Security event logged: VIDEO_gesture_candidate - unknown
2025-12-17 15:35:54,773 - INFO - Saved evidence clip: evidence/videos/gesture_candidate_unknown_20251217_153554.avi
2025-12-17 15:35:54,775 - ERROR - Error queueing clip for gesture: Object of type int32 is not JSON serializable
2025-12-17 15:35:55,046 - INFO - Tracking servo moved to 142°
2025-12-17 15:35:55,271 - INFO - Security event logged: TRACKING_MOVEMENT - unknown
2025-12-17 15:35:55,396 - INFO - Security event logged: VIDEO_gesture_candidate - unknown
2025-12-17 15:35:55,397 - INFO - Saved evidence clip: evidence/videos/gesture_candidate_unknown_20251217_153555.avi
2025-12-17 15:35:55,398 - ERROR - Error queueing clip for gesture: Object of type int32 is not JSON serializable
2025-12-17 15:35:55,419 - INFO - Tracking servo moved to 150°
2025-12-17 15:35:55,458 - INFO - Security event logged: TRACKING_MOVEMENT - unknown
2025-12-17 15:35:55,583 - INFO - Security event logged: VIDEO_gesture_candidate - unknown
2025-12-17 15:35:55,584 - INFO - Saved evidence clip: evidence/videos/gesture_candidate_unknown_20251217_153555.avi
2025-12-17 15:35:55,586 - ERROR - Error queueing clip for gesture: Object of type int32 is not JSON serializable
2025-12-17 15:35:55,621 - INFO - Tracking servo moved to 158°
2025-12-17 15:35:55,659 - INFO - Security event logged: TRACKING_MOVEMENT - unknown
2025-12-17 15:35:55,784 - INFO - Security event logged: VIDEO_gesture_candidate - unknown
2025-12-17 15:35:55,785 - INFO - Saved evidence clip: evidence/videos/gesture_candidate_unknown_20251217_153555.avi
2025-12-17 15:35:55,786 - ERROR - Error queueing clip for gesture: Object of type int32 is not JSON serializable
2025-12-17 15:35:55,809 - INFO - Tracking servo moved to 166°
2025-12-17 15:35:55,847 - INFO - Security event logged: TRACKING_MOVEMENT - unknown
2025-12-17 15:35:55,979 - INFO - Security event logged: VIDEO_gesture_candidate - unknown
2025-12-17 15:35:55,979 - INFO - Saved evidence clip: evidence/videos/gesture_candidate_unknown_20251217_153555.avi
2025-12-17 15:35:55,982 - ERROR - Error queueing clip for gesture: Object of type int32 is not JSON serializable
2025-12-17 15:35:56,011 - INFO - Tracking servo moved to 154°
2025-12-17 15:35:56,047 - INFO - Security event logged: TRACKING_MOVEMENT - unknown
2025-12-17 15:35:56,175 - INFO - Security event logged: VIDEO_gesture_candidate - unknown
2025-12-17 15:35:56,175 - INFO - Saved evidence clip: evidence/videos/gesture_candidate_unknown_20251217_153556.avi
2025-12-17 15:35:56,177 - ERROR - Error queueing clip for gesture: Object of type int32 is not JSON serializable
2025-12-17 15:35:56,310 - INFO - Tracking servo moved to 162°
2025-12-17 15:35:56,349 - INFO - Security event logged: TRACKING_MOVEMENT - unknown
2025-12-17 15:35:56,469 - INFO - Security event logged: VIDEO_gesture_candidate - unknown
2025-12-17 15:35:56,470 - INFO - Saved evidence clip: evidence/videos/gesture_candidate_unknown_20251217_153556.avi
2025-12-17 15:35:56,472 - ERROR - Error queueing clip for gesture: Object of type int32 is not JSON serializable
2025-12-17 15:35:56,496 - INFO - Tracking servo moved to 170°
2025-12-17 15:35:56,532 - INFO - Security event logged: TRACKING_MOVEMENT - unknown
2025-12-17 15:35:56,655 - INFO - Security event logged: VIDEO_gesture_candidate - unknown
2025-12-17 15:35:56,655 - INFO - Saved evidence clip: evidence/videos/gesture_candidate_unknown_20251217_153556.avi
2025-12-17 15:35:56,657 - ERROR - Error queueing clip for gesture: Object of type int32 is not JSON serializable
2025-12-17 15:35:56,790 - INFO - Tracking servo moved to 178°
2025-12-17 15:35:56,828 - INFO - Security event logged: TRACKING_MOVEMENT - unknown
2025-12-17 15:35:56,951 - INFO - Security event logged: VIDEO_gesture_candidate - unknown
2025-12-17 15:35:56,952 - INFO - Saved evidence clip: evidence/videos/gesture_candidate_unknown_20251217_153556.avi
2025-12-17 15:35:56,953 - ERROR - Error queueing clip for gesture: Object of type int32 is not JSON serializable
2025-12-17 15:35:56,954 - WARNING - 🚨 SECURITY ALERT: SUSPICIOUS_MOTION
2025-12-17 15:35:56,962 - WARNING - Alert logged: SUSPICIOUS_MOTION - HIGH - Suspicious movement detected near entrance
2025-12-17 15:35:56,962 - INFO - 📱 SMS to POLICE: SECURITY ALERT: SUSPICIOUS_MOTION - Suspicious movement detected near entrance - Location: Your Address
2025-12-17 15:35:56,962 - INFO - 📱 SMS to OWNER: HOME SECURITY: SUSPICIOUS_MOTION - Suspicious movement detected near entrance
2025-12-17 15:35:56,997 - INFO - Security event logged: GSM_ALERT_SENT - system
2025-12-17 15:35:56,998 - INFO - 🔒 SECURITY RELAY ACTIVATED - Additional security measures enabled
2025-12-17 15:35:57,035 - INFO - Security event logged: RELAY_ACTIVATED - system
2025-12-17 15:35:57,109 - INFO - Tracking servo moved to 180°
2025-12-17 15:35:57,148 - INFO - Security event logged: TRACKING_MOVEMENT - unknown
2025-12-17 15:35:57,268 - INFO - Security event logged: VIDEO_gesture_candidate - unknown
2025-12-17 15:35:57,269 - INFO - Saved evidence clip: evidence/videos/gesture_candidate_unknown_20251217_153557.avi
2025-12-17 15:35:57,271 - ERROR - Error queueing clip for gesture: Object of type int32 is not JSON serializable
2025-12-17 15:35:57,325 - INFO - Tracking servo moved to 180°
2025-12-17 15:35:57,365 - INFO - Security event logged: TRACKING_MOVEMENT - unknown
2025-12-17 15:35:57,487 - INFO - Security event logged: VIDEO_gesture_candidate - unknown
2025-12-17 15:35:57,488 - INFO - Saved evidence clip: evidence/videos/gesture_candidate_unknown_20251217_153557.avi
2025-12-17 15:35:57,490 - ERROR - Error queueing clip for gesture: Object of type int32 is not JSON serializable
2025-12-17 15:35:57,546 - INFO - Tracking servo moved to 180°
2025-12-17 15:35:57,586 - INFO - Security event logged: TRACKING_MOVEMENT - unknown
2025-12-17 15:35:57,709 - INFO - Security event logged: VIDEO_gesture_candidate - unknown
2025-12-17 15:35:57,709 - INFO - Saved evidence clip: evidence/videos/gesture_candidate_unknown_20251217_153557.avi
2025-12-17 15:35:57,712 - ERROR - Error queueing clip for gesture: Object of type int32 is not JSON serializable
2025-12-17 15:35:57,762 - INFO - Tracking servo moved to 180°
2025-12-17 15:35:57,802 - INFO - Security event logged: TRACKING_MOVEMENT - unknown
2025-12-17 15:35:57,927 - INFO - Security event logged: VIDEO_gesture_candidate - unknown
2025-12-17 15:35:57,928 - INFO - Saved evidence clip: evidence/videos/gesture_candidate_unknown_20251217_153557.avi
2025-12-17 15:35:57,929 - ERROR - Error queueing clip for gesture: Object of type int32 is not JSON serializable
2025-12-17 15:35:57,951 - INFO - Tracking servo moved to 180°
2025-12-17 15:35:57,986 - INFO - Security event logged: TRACKING_MOVEMENT - unknown
2025-12-17 15:35:58,109 - INFO - Security event logged: VIDEO_gesture_candidate - unknown
2025-12-17 15:35:58,109 - INFO - Saved evidence clip: evidence/videos/gesture_candidate_unknown_20251217_153557.avi
2025-12-17 15:35:58,111 - ERROR - Error queueing clip for gesture: Object of type int32 is not JSON serializable
2025-12-17 15:35:58,138 - INFO - Tracking servo moved to 180°
2025-12-17 15:35:58,176 - INFO - Security event logged: TRACKING_MOVEMENT - unknown
2025-12-17 15:35:58,302 - INFO - Security event logged: VIDEO_gesture_candidate - unknown
2025-12-17 15:35:58,302 - INFO - Saved evidence clip: evidence/videos/gesture_candidate_unknown_20251217_153558.avi
2025-12-17 15:35:58,304 - ERROR - Error queueing clip for gesture: Object of type int32 is not JSON serializable
2025-12-17 15:35:58,328 - INFO - Tracking servo moved to 180°
2025-12-17 15:35:58,364 - INFO - Security event logged: TRACKING_MOVEMENT - unknown
2025-12-17 15:35:58,493 - INFO - Security event logged: VIDEO_gesture_candidate - unknown
2025-12-17 15:35:58,494 - INFO - Saved evidence clip: evidence/videos/gesture_candidate_unknown_20251217_153558.avi
2025-12-17 15:35:58,496 - ERROR - Error queueing clip for gesture: Object of type int32 is not JSON serializable
2025-12-17 15:35:58,530 - INFO - Tracking servo moved to 180°
2025-12-17 15:35:58,567 - INFO - Security event logged: TRACKING_MOVEMENT - unknown
2025-12-17 15:35:58,688 - INFO - Security event logged: VIDEO_gesture_candidate - unknown
2025-12-17 15:35:58,688 - INFO - Saved evidence clip: evidence/videos/gesture_candidate_unknown_20251217_153558.avi
2025-12-17 15:35:58,690 - ERROR - Error queueing clip for gesture: Object of type int32 is not JSON serializable
2025-12-17 15:35:58,721 - INFO - Tracking servo moved to 180°
2025-12-17 15:35:58,759 - INFO - Security event logged: TRACKING_MOVEMENT - unknown
2025-12-17 15:35:58,882 - INFO - Security event logged: VIDEO_gesture_candidate - unknown
2025-12-17 15:35:58,883 - INFO - Saved evidence clip: evidence/videos/gesture_candidate_unknown_20251217_153558.avi
2025-12-17 15:35:58,885 - ERROR - Error queueing clip for gesture: Object of type int32 is not JSON serializable
2025-12-17 15:35:58,907 - INFO - Tracking servo moved to 168°
2025-12-17 15:35:58,945 - INFO - Security event logged: TRACKING_MOVEMENT - unknown
2025-12-17 15:35:59,069 - INFO - Security event logged: VIDEO_gesture_candidate - unknown
2025-12-17 15:35:59,070 - INFO - Saved evidence clip: evidence/videos/gesture_candidate_unknown_20251217_153558.avi
2025-12-17 15:35:59,071 - ERROR - Error queueing clip for gesture: Object of type int32 is not JSON serializable
2025-12-17 15:35:59,094 - INFO - Tracking servo moved to 90°
2025-12-17 15:35:59,131 - INFO - Security event logged: TRACKING_MOVEMENT - unknown
2025-12-17 15:35:59,161 - WARNING - Unknown person detected - starting tracking
2025-12-17 15:35:59,162 - WARNING - 🚨 SECURITY ALERT: INTRUDER_DETECTED
2025-12-17 15:35:59,169 - WARNING - Alert logged: INTRUDER_DETECTED - CRITICAL - Unknown person attempting access
2025-12-17 15:35:59,170 - INFO - 📱 SMS to POLICE: SECURITY ALERT: INTRUDER_DETECTED - Unknown person attempting access - Location: Your Address
2025-12-17 15:35:59,170 - INFO - 📱 SMS to OWNER: HOME SECURITY: INTRUDER_DETECTED - Unknown person attempting access
2025-12-17 15:35:59,210 - INFO - Security event logged: GSM_ALERT_SENT - system
2025-12-17 15:35:59,211 - INFO - 🔒 SECURITY RELAY ACTIVATED - Additional security measures enabled
2025-12-17 15:35:59,247 - INFO - Security event logged: RELAY_ACTIVATED - system
2025-12-17 15:35:59,247 - INFO - Tracking servo moved to 98°
2025-12-17 15:35:59,285 - INFO - Security event logged: TRACKING_MOVEMENT - unknown
2025-12-17 15:35:59,411 - INFO - Security event logged: VIDEO_gesture_candidate - unknown
2025-12-17 15:35:59,411 - INFO - Saved evidence clip: evidence/videos/gesture_candidate_unknown_20251217_153559.avi
2025-12-17 15:35:59,413 - ERROR - Error queueing clip for gesture: Object of type int32 is not JSON serializable
2025-12-17 15:35:59,446 - INFO - Tracking servo moved to 106°
2025-12-17 15:35:59,483 - INFO - Security event logged: TRACKING_MOVEMENT - unknown
2025-12-17 15:35:59,604 - INFO - Security event logged: VIDEO_gesture_candidate - unknown
2025-12-17 15:35:59,605 - INFO - Saved evidence clip: evidence/videos/gesture_candidate_unknown_20251217_153559.avi
2025-12-17 15:35:59,607 - ERROR - Error queueing clip for gesture: Object of type int32 is not JSON serializable
2025-12-17 15:35:59,646 - INFO - Tracking servo moved to 114°
2025-12-17 15:35:59,683 - INFO - Security event logged: TRACKING_MOVEMENT - unknown
2025-12-17 15:35:59,806 - INFO - Security event logged: VIDEO_gesture_candidate - unknown
2025-12-17 15:35:59,807 - INFO - Saved evidence clip: evidence/videos/gesture_candidate_unknown_20251217_153559.avi
2025-12-17 15:35:59,809 - ERROR - Error queueing clip for gesture: Object of type int32 is not JSON serializable
2025-12-17 15:35:59,834 - INFO - Tracking servo moved to 101°
2025-12-17 15:35:59,873 - INFO - Security event logged: TRACKING_MOVEMENT - unknown
2025-12-17 15:35:59,998 - INFO - Security event logged: VIDEO_gesture_candidate - unknown
2025-12-17 15:35:59,998 - INFO - Saved evidence clip: evidence/videos/gesture_candidate_unknown_20251217_153559.avi
2025-12-17 15:36:00,000 - ERROR - Error queueing clip for gesture: Object of type int32 is not JSON serializable
2025-12-17 15:36:00,023 - INFO - Tracking servo moved to 109°
2025-12-17 15:36:00,065 - INFO - Security event logged: TRACKING_MOVEMENT - unknown
2025-12-17 15:36:00,188 - INFO - Security event logged: VIDEO_gesture_candidate - unknown
2025-12-17 15:36:00,189 - INFO - Saved evidence clip: evidence/videos/gesture_candidate_unknown_20251217_153600.avi
2025-12-17 15:36:00,191 - ERROR - Error queueing clip for gesture: Object of type int32 is not JSON serializable
2025-12-17 15:36:00,245 - INFO - Tracking servo moved to 117°
2025-12-17 15:36:00,285 - INFO - Security event logged: TRACKING_MOVEMENT - unknown
2025-12-17 15:36:00,405 - INFO - Security event logged: VIDEO_gesture_candidate - unknown
2025-12-17 15:36:00,406 - INFO - Saved evidence clip: evidence/videos/gesture_candidate_unknown_20251217_153600.avi
2025-12-17 15:36:00,408 - ERROR - Error queueing clip for gesture: Object of type int32 is not JSON serializable
2025-12-17 15:36:00,442 - INFO - Tracking servo moved to 125°
2025-12-17 15:36:00,479 - INFO - Security event logged: TRACKING_MOVEMENT - unknown
2025-12-17 15:36:00,600 - INFO - Security event logged: VIDEO_gesture_candidate - unknown
2025-12-17 15:36:00,600 - INFO - Saved evidence clip: evidence/videos/gesture_candidate_unknown_20251217_153600.avi
2025-12-17 15:36:00,602 - ERROR - Error queueing clip for gesture: Object of type int32 is not JSON serializable
2025-12-17 15:36:00,647 - INFO - Tracking servo moved to 133°
2025-12-17 15:36:00,688 - INFO - Security event logged: TRACKING_MOVEMENT - unknown
2025-12-17 15:36:00,809 - INFO - Security event logged: VIDEO_gesture_candidate - unknown
2025-12-17 15:36:00,809 - INFO - Saved evidence clip: evidence/videos/gesture_candidate_unknown_20251217_153600.avi
2025-12-17 15:36:00,811 - ERROR - Error queueing clip for gesture: Object of type int32 is not JSON serializable
2025-12-17 15:36:00,849 - INFO - Tracking servo moved to 141°
2025-12-17 15:36:00,891 - INFO - Security event logged: TRACKING_MOVEMENT - unknown
2025-12-17 15:36:01,015 - INFO - Security event logged: VIDEO_gesture_candidate - unknown
2025-12-17 15:36:01,015 - INFO - Saved evidence clip: evidence/videos/gesture_candidate_unknown_20251217_153600.avi
2025-12-17 15:36:01,017 - ERROR - Error queueing clip for gesture: Object of type int32 is not JSON serializable
2025-12-17 15:36:01,051 - INFO - Tracking servo moved to 150°
2025-12-17 15:36:01,088 - INFO - Security event logged: TRACKING_MOVEMENT - unknown
2025-12-17 15:36:01,212 - INFO - Security event logged: VIDEO_gesture_candidate - unknown
2025-12-17 15:36:01,212 - INFO - Saved evidence clip: evidence/videos/gesture_candidate_unknown_20251217_153601.avi
2025-12-17 15:36:01,214 - ERROR - Error queueing clip for gesture: Object of type int32 is not JSON serializable
2025-12-17 15:36:01,380 - INFO - Tracking servo moved to 162°
2025-12-17 15:36:01,452 - INFO - Security event logged: TRACKING_MOVEMENT - unknown
2025-12-17 15:36:01,579 - INFO - Security event logged: VIDEO_gesture_candidate - unknown
2025-12-17 15:36:01,580 - INFO - Saved evidence clip: evidence/videos/gesture_candidate_unknown_20251217_153601.avi
2025-12-17 15:36:01,582 - ERROR - Error queueing clip for gesture: Object of type int32 is not JSON serializable
2025-12-17 15:36:01,610 - INFO - Tracking servo moved to 174°
2025-12-17 15:36:01,650 - INFO - Security event logged: TRACKING_MOVEMENT - unknown
2025-12-17 15:36:01,772 - INFO - Security event logged: VIDEO_gesture_candidate - unknown
2025-12-17 15:36:01,773 - INFO - Saved evidence clip: evidence/videos/gesture_candidate_unknown_20251217_153601.avi
2025-12-17 15:36:01,775 - ERROR - Error queueing clip for gesture: Object of type int32 is not JSON serializable
2025-12-17 15:36:01,784 - INFO - Gesture result poller stopped
2025-12-17 15:36:02,105 - INFO - Security System stopped and cleaned up
2025-12-17 15:43:04,859 - INFO - Face recognition model loaded successfully
2025-12-17 15:43:04,859 - INFO - Known faces: ['owner']
2025-12-17 15:43:04,872 - INFO - Database setup completed
2025-12-17 15:43:04,875 - INFO - File storage setup completed
2025-12-17 15:43:04,876 - WARNING - Could not establish serial connection: could not open port 'COM11': FileNotFoundError(2, 'The system cannot find the file specified.', None, 2). Running in simulation mode.
2025-12-17 15:43:04,876 - INFO - Camera Tracking System initialized
2025-12-17 15:43:27,129 - INFO - Camera initialized successfully
2025-12-17 15:43:27,136 - INFO - Gesture result poller started
2025-12-17 15:43:27,136 - INFO - Security System STARTED - Press 'q' to quit, 't' to train, 'l' to lock door
2025-12-17 15:43:29,077 - WARNING - 🚨 SECURITY ALERT: SUSPICIOUS_MOTION
2025-12-17 15:43:29,091 - WARNING - Alert logged: SUSPICIOUS_MOTION - HIGH - Suspicious movement detected near entrance
2025-12-17 15:43:29,092 - INFO - 📱 SMS to POLICE: SECURITY ALERT: SUSPICIOUS_MOTION - Suspicious movement detected near entrance - Location: Your Address
2025-12-17 15:43:29,092 - INFO - 📱 SMS to OWNER: HOME SECURITY: SUSPICIOUS_MOTION - Suspicious movement detected near entrance
2025-12-17 15:43:29,162 - INFO - Security event logged: GSM_ALERT_SENT - system
2025-12-17 15:43:29,162 - INFO - 🔒 SECURITY RELAY ACTIVATED - Additional security measures enabled
2025-12-17 15:43:29,244 - INFO - Security event logged: RELAY_ACTIVATED - system
2025-12-17 15:43:29,303 - WARNING - Unknown person detected - starting tracking
2025-12-17 15:43:29,304 - WARNING - 🚨 SECURITY ALERT: INTRUDER_DETECTED
2025-12-17 15:43:29,316 - WARNING - Alert logged: INTRUDER_DETECTED - CRITICAL - Unknown person attempting access
2025-12-17 15:43:29,317 - INFO - 📱 SMS to POLICE: SECURITY ALERT: INTRUDER_DETECTED - Unknown person attempting access - Location: Your Address
2025-12-17 15:43:29,317 - INFO - 📱 SMS to OWNER: HOME SECURITY: INTRUDER_DETECTED - Unknown person attempting access
2025-12-17 15:43:29,397 - INFO - Security event logged: GSM_ALERT_SENT - system
2025-12-17 15:43:29,399 - INFO - 🔒 SECURITY RELAY ACTIVATED - Additional security measures enabled
2025-12-17 15:43:29,477 - INFO - Security event logged: RELAY_ACTIVATED - system
2025-12-17 15:43:29,789 - INFO - Security event logged: VIDEO_gesture_candidate - unknown
2025-12-17 15:43:29,789 - INFO - Saved evidence clip: evidence/videos/gesture_candidate_unknown_20251217_154329.avi
2025-12-17 15:43:29,814 - ERROR - Error queueing clip for gesture: Object of type int32 is not JSON serializable
2025-12-17 15:43:30,041 - INFO - DOOR UNLOCKED - Servo 1 rotated 90°
2025-12-17 15:43:30,155 - INFO - Security event logged: DOOR_UNLOCKED - owner
2025-12-17 15:43:30,333 - INFO - Tracking servo moved to 61°
2025-12-17 15:43:30,402 - INFO - Security event logged: TRACKING_MOVEMENT - unknown
2025-12-17 15:43:30,663 - INFO - Security event logged: VIDEO_gesture_candidate - unknown
2025-12-17 15:43:30,666 - INFO - Saved evidence clip: evidence/videos/gesture_candidate_unknown_20251217_154330.avi
2025-12-17 15:43:30,690 - ERROR - Error queueing clip for gesture: Object of type int32 is not JSON serializable
2025-12-17 15:43:32,700 - INFO - Tracking servo moved to 32°
2025-12-17 15:43:32,805 - INFO - Security event logged: TRACKING_MOVEMENT - unknown
2025-12-17 15:43:33,068 - INFO - Security event logged: VIDEO_gesture_candidate - unknown
2025-12-17 15:43:33,068 - INFO - Saved evidence clip: evidence/videos/gesture_candidate_unknown_20251217_154332.avi
2025-12-17 15:43:33,088 - ERROR - Error queueing clip for gesture: Object of type int32 is not JSON serializable
2025-12-17 15:43:33,863 - INFO - Security event logged: VIDEO_gesture_candidate - unknown
2025-12-17 15:43:33,864 - INFO - Saved evidence clip: evidence/videos/gesture_candidate_unknown_20251217_154333.avi
2025-12-17 15:43:33,882 - ERROR - Error queueing clip for gesture: Object of type int32 is not JSON serializable
2025-12-17 15:43:33,938 - INFO - Tracking servo moved to 43°
2025-12-17 15:43:34,016 - INFO - Security event logged: TRACKING_MOVEMENT - unknown
2025-12-17 15:43:34,277 - INFO - Security event logged: VIDEO_gesture_candidate - unknown
2025-12-17 15:43:34,278 - INFO - Saved evidence clip: evidence/videos/gesture_candidate_unknown_20251217_154334.avi
2025-12-17 15:43:34,293 - ERROR - Error queueing clip for gesture: Object of type int32 is not JSON serializable
2025-12-17 15:43:34,338 - INFO - Tracking servo moved to 90°
2025-12-17 15:43:34,414 - INFO - Security event logged: TRACKING_MOVEMENT - unknown
2025-12-17 15:43:37,097 - WARNING - Unknown person detected - starting tracking
2025-12-17 15:43:37,098 - WARNING - 🚨 SECURITY ALERT: INTRUDER_DETECTED
2025-12-17 15:43:37,108 - WARNING - Alert logged: INTRUDER_DETECTED - CRITICAL - Unknown person attempting access
2025-12-17 15:43:37,108 - INFO - 📱 SMS to POLICE: SECURITY ALERT: INTRUDER_DETECTED - Unknown person attempting access - Location: Your Address
2025-12-17 15:43:37,108 - INFO - 📱 SMS to OWNER: HOME SECURITY: INTRUDER_DETECTED - Unknown person attempting access
2025-12-17 15:43:37,194 - INFO - Security event logged: GSM_ALERT_SENT - system
2025-12-17 15:43:37,194 - INFO - 🔒 SECURITY RELAY ACTIVATED - Additional security measures enabled
2025-12-17 15:43:37,290 - INFO - Security event logged: RELAY_ACTIVATED - system
2025-12-17 15:43:37,291 - INFO - Tracking servo moved to 103°
2025-12-17 15:43:37,395 - INFO - Security event logged: TRACKING_MOVEMENT - unknown
2025-12-17 15:43:37,681 - INFO - Security event logged: VIDEO_gesture_candidate - unknown
2025-12-17 15:43:37,682 - INFO - Saved evidence clip: evidence/videos/gesture_candidate_unknown_20251217_154337.avi
2025-12-17 15:43:37,700 - ERROR - Error queueing clip for gesture: Object of type int32 is not JSON serializable
2025-12-17 15:43:37,870 - INFO - Tracking servo moved to 110°
2025-12-17 15:43:37,940 - INFO - Security event logged: TRACKING_MOVEMENT - unknown
2025-12-17 15:43:38,195 - INFO - Security event logged: VIDEO_gesture_candidate - unknown
2025-12-17 15:43:38,197 - INFO - Saved evidence clip: evidence/videos/gesture_candidate_unknown_20251217_154337.avi
2025-12-17 15:43:38,211 - ERROR - Error queueing clip for gesture: Object of type int32 is not JSON serializable
2025-12-17 15:43:39,783 - INFO - Security event logged: VIDEO_gesture_candidate - unknown
2025-12-17 15:43:39,784 - INFO - Saved evidence clip: evidence/videos/gesture_candidate_unknown_20251217_154339.avi
2025-12-17 15:43:39,802 - ERROR - Error queueing clip for gesture: Object of type int32 is not JSON serializable
2025-12-17 15:43:40,527 - INFO - Tracking servo moved to 112°
2025-12-17 15:43:40,616 - INFO - Security event logged: TRACKING_MOVEMENT - unknown
2025-12-17 15:43:40,890 - INFO - Security event logged: VIDEO_gesture_candidate - unknown
2025-12-17 15:43:40,891 - INFO - Saved evidence clip: evidence/videos/gesture_candidate_unknown_20251217_154340.avi
2025-12-17 15:43:40,907 - ERROR - Error queueing clip for gesture: Object of type int32 is not JSON serializable
2025-12-17 15:43:40,912 - INFO - DOOR LOCKED - Servo 1 rotated 0°
2025-12-17 15:43:41,017 - INFO - Security event logged: DOOR_LOCKED - system
2025-12-17 15:43:41,071 - INFO - DOOR UNLOCKED - Servo 1 rotated 90°
2025-12-17 15:43:41,152 - INFO - Security event logged: DOOR_UNLOCKED - owner
2025-12-17 15:43:42,103 - INFO - Tracking servo moved to 90°
2025-12-17 15:43:42,180 - INFO - Security event logged: TRACKING_MOVEMENT - unknown
2025-12-17 15:43:42,310 - WARNING - Unknown person detected - starting tracking
2025-12-17 15:43:42,311 - WARNING - 🚨 SECURITY ALERT: INTRUDER_DETECTED
2025-12-17 15:43:42,322 - WARNING - Alert logged: INTRUDER_DETECTED - CRITICAL - Unknown person attempting access
2025-12-17 15:43:42,322 - INFO - 📱 SMS to POLICE: SECURITY ALERT: INTRUDER_DETECTED - Unknown person attempting access - Location: Your Address
2025-12-17 15:43:42,322 - INFO - 📱 SMS to OWNER: HOME SECURITY: INTRUDER_DETECTED - Unknown person attempting access
2025-12-17 15:43:42,414 - INFO - Security event logged: GSM_ALERT_SENT - system
2025-12-17 15:43:42,415 - INFO - 🔒 SECURITY RELAY ACTIVATED - Additional security measures enabled
2025-12-17 15:43:42,511 - INFO - Security event logged: RELAY_ACTIVATED - system
2025-12-17 15:43:42,512 - INFO - Tracking servo moved to 77°
2025-12-17 15:43:42,611 - INFO - Security event logged: TRACKING_MOVEMENT - unknown
2025-12-17 15:43:42,848 - INFO - Security event logged: VIDEO_gesture_candidate - unknown
2025-12-17 15:43:42,849 - INFO - Saved evidence clip: evidence/videos/gesture_candidate_unknown_20251217_154342.avi
2025-12-17 15:43:42,868 - ERROR - Error queueing clip for gesture: Object of type int32 is not JSON serializable
2025-12-17 15:43:43,166 - INFO - Security event logged: VIDEO_gesture_candidate - unknown
2025-12-17 15:43:43,167 - INFO - Saved evidence clip: evidence/videos/gesture_candidate_unknown_20251217_154342.avi
2025-12-17 15:43:43,184 - ERROR - Error queueing clip for gesture: Object of type int32 is not JSON serializable
2025-12-17 15:43:43,242 - INFO - Tracking servo moved to 64°
2025-12-17 15:43:43,323 - INFO - Security event logged: TRACKING_MOVEMENT - unknown
2025-12-17 15:43:43,568 - INFO - Security event logged: VIDEO_gesture_candidate - unknown
2025-12-17 15:43:43,573 - INFO - Saved evidence clip: evidence/videos/gesture_candidate_unknown_20251217_154343.avi
2025-12-17 15:43:43,588 - ERROR - Error queueing clip for gesture: Object of type int32 is not JSON serializable
2025-12-17 15:43:43,632 - INFO - Tracking servo moved to 51°
2025-12-17 15:43:43,697 - INFO - Security event logged: TRACKING_MOVEMENT - unknown
2025-12-17 15:43:43,960 - INFO - Security event logged: VIDEO_gesture_candidate - unknown
2025-12-17 15:43:43,961 - INFO - Saved evidence clip: evidence/videos/gesture_candidate_unknown_20251217_154343.avi
2025-12-17 15:43:43,979 - ERROR - Error queueing clip for gesture: Object of type int32 is not JSON serializable
2025-12-17 15:43:44,054 - INFO - Tracking servo moved to 38°
2025-12-17 15:43:44,122 - INFO - Security event logged: TRACKING_MOVEMENT - unknown
2025-12-17 15:43:44,387 - INFO - Security event logged: VIDEO_gesture_candidate - unknown
2025-12-17 15:43:44,387 - INFO - Saved evidence clip: evidence/videos/gesture_candidate_unknown_20251217_154344.avi
2025-12-17 15:43:44,404 - ERROR - Error queueing clip for gesture: Object of type int32 is not JSON serializable
2025-12-17 15:43:44,466 - INFO - Tracking servo moved to 25°
2025-12-17 15:43:44,536 - INFO - Security event logged: TRACKING_MOVEMENT - unknown
2025-12-17 15:43:44,806 - INFO - Security event logged: VIDEO_gesture_candidate - unknown
2025-12-17 15:43:44,807 - INFO - Saved evidence clip: evidence/videos/gesture_candidate_unknown_20251217_154344.avi
2025-12-17 15:43:44,823 - ERROR - Error queueing clip for gesture: Object of type int32 is not JSON serializable
2025-12-17 15:43:44,871 - INFO - Tracking servo moved to 12°
2025-12-17 15:43:44,956 - INFO - Security event logged: TRACKING_MOVEMENT - unknown
2025-12-17 15:43:45,192 - INFO - Security event logged: VIDEO_gesture_candidate - unknown
2025-12-17 15:43:45,193 - INFO - Saved evidence clip: evidence/videos/gesture_candidate_unknown_20251217_154344.avi
2025-12-17 15:43:45,208 - ERROR - Error queueing clip for gesture: Object of type int32 is not JSON serializable
2025-12-17 15:43:45,537 - INFO - Security event logged: VIDEO_gesture_candidate - unknown
2025-12-17 15:43:45,538 - INFO - Saved evidence clip: evidence/videos/gesture_candidate_unknown_20251217_154345.avi
2025-12-17 15:43:45,557 - ERROR - Error queueing clip for gesture: Object of type int32 is not JSON serializable
2025-12-17 15:43:45,624 - INFO - Tracking servo moved to 0°
2025-12-17 15:43:45,693 - INFO - Security event logged: TRACKING_MOVEMENT - unknown
2025-12-17 15:43:45,979 - INFO - Security event logged: VIDEO_gesture_candidate - unknown
2025-12-17 15:43:45,979 - INFO - Saved evidence clip: evidence/videos/gesture_candidate_unknown_20251217_154345.avi
2025-12-17 15:43:45,994 - ERROR - Error queueing clip for gesture: Object of type int32 is not JSON serializable
2025-12-17 15:43:46,060 - INFO - Tracking servo moved to 0°
2025-12-17 15:43:46,167 - INFO - Security event logged: TRACKING_MOVEMENT - unknown
2025-12-17 15:43:46,453 - INFO - Security event logged: VIDEO_gesture_candidate - unknown
2025-12-17 15:43:46,454 - INFO - Saved evidence clip: evidence/videos/gesture_candidate_unknown_20251217_154346.avi
2025-12-17 15:43:46,472 - ERROR - Error queueing clip for gesture: Object of type int32 is not JSON serializable
2025-12-17 15:43:47,112 - INFO - Security event logged: VIDEO_gesture_candidate - unknown
2025-12-17 15:43:47,112 - INFO - Saved evidence clip: evidence/videos/gesture_candidate_unknown_20251217_154346.avi
2025-12-17 15:43:47,130 - ERROR - Error queueing clip for gesture: Object of type int32 is not JSON serializable
2025-12-17 15:43:48,169 - INFO - Tracking servo moved to 90°
2025-12-17 15:43:48,350 - INFO - Security event logged: TRACKING_MOVEMENT - unknown
2025-12-17 15:43:54,163 - WARNING - Unknown person detected - starting tracking
2025-12-17 15:43:54,164 - WARNING - 🚨 SECURITY ALERT: INTRUDER_DETECTED
2025-12-17 15:43:54,177 - WARNING - Alert logged: INTRUDER_DETECTED - CRITICAL - Unknown person attempting access
2025-12-17 15:43:54,177 - INFO - 📱 SMS to POLICE: SECURITY ALERT: INTRUDER_DETECTED - Unknown person attempting access - Location: Your Address
2025-12-17 15:43:54,178 - INFO - 📱 SMS to OWNER: HOME SECURITY: INTRUDER_DETECTED - Unknown person attempting access
2025-12-17 15:43:54,260 - INFO - Security event logged: GSM_ALERT_SENT - system
2025-12-17 15:43:54,261 - INFO - 🔒 SECURITY RELAY ACTIVATED - Additional security measures enabled
2025-12-17 15:43:54,349 - INFO - Security event logged: RELAY_ACTIVATED - system
2025-12-17 15:43:54,349 - INFO - Tracking servo moved to 76°
2025-12-17 15:43:54,450 - INFO - Security event logged: TRACKING_MOVEMENT - unknown
2025-12-17 15:43:54,719 - INFO - Security event logged: VIDEO_gesture_candidate - unknown
2025-12-17 15:43:54,720 - INFO - Saved evidence clip: evidence/videos/gesture_candidate_unknown_20251217_154354.avi
2025-12-17 15:43:54,736 - ERROR - Error queueing clip for gesture: Object of type int32 is not JSON serializable
2025-12-17 15:43:54,743 - INFO - DOOR LOCKED - Servo 1 rotated 0°
2025-12-17 15:43:54,839 - INFO - Security event logged: DOOR_LOCKED - system
2025-12-17 15:43:57,101 - INFO - Tracking servo moved to 104°
2025-12-17 15:43:57,190 - INFO - Security event logged: TRACKING_MOVEMENT - unknown
2025-12-17 15:43:57,462 - INFO - Security event logged: VIDEO_gesture_candidate - unknown
2025-12-17 15:43:57,463 - INFO - Saved evidence clip: evidence/videos/gesture_candidate_unknown_20251217_154357.avi
2025-12-17 15:43:57,482 - ERROR - Error queueing clip for gesture: Object of type int32 is not JSON serializable
2025-12-17 15:43:57,788 - INFO - Security event logged: VIDEO_gesture_candidate - unknown
2025-12-17 15:43:57,789 - INFO - Saved evidence clip: evidence/videos/gesture_candidate_unknown_20251217_154357.avi
2025-12-17 15:43:57,803 - ERROR - Error queueing clip for gesture: Object of type int32 is not JSON serializable
2025-12-17 15:43:57,846 - INFO - Tracking servo moved to 97°
2025-12-17 15:43:57,916 - INFO - Security event logged: TRACKING_MOVEMENT - unknown
2025-12-17 15:43:58,178 - INFO - Security event logged: VIDEO_gesture_candidate - unknown
2025-12-17 15:43:58,178 - INFO - Saved evidence clip: evidence/videos/gesture_candidate_unknown_20251217_154357.avi
2025-12-17 15:43:58,192 - ERROR - Error queueing clip for gesture: Object of type int32 is not JSON serializable
2025-12-17 15:43:58,239 - INFO - DOOR UNLOCKED - Servo 1 rotated 90°
2025-12-17 15:43:58,314 - INFO - Security event logged: DOOR_UNLOCKED - owner
2025-12-17 15:43:58,409 - INFO - Tracking servo moved to 93°
2025-12-17 15:43:58,509 - INFO - Security event logged: TRACKING_MOVEMENT - unknown
2025-12-17 15:43:58,752 - INFO - Security event logged: VIDEO_gesture_candidate - unknown
2025-12-17 15:43:58,753 - INFO - Saved evidence clip: evidence/videos/gesture_candidate_unknown_20251217_154358.avi
2025-12-17 15:43:58,771 - ERROR - Error queueing clip for gesture: Object of type int32 is not JSON serializable
2025-12-17 15:43:59,047 - INFO - Security event logged: VIDEO_gesture_candidate - unknown
2025-12-17 15:43:59,048 - INFO - Saved evidence clip: evidence/videos/gesture_candidate_unknown_20251217_154358.avi
2025-12-17 15:43:59,062 - ERROR - Error queueing clip for gesture: Object of type int32 is not JSON serializable
2025-12-17 15:43:59,122 - INFO - Tracking servo moved to 82°
2025-12-17 15:43:59,187 - INFO - Security event logged: TRACKING_MOVEMENT - unknown
2025-12-17 15:43:59,422 - INFO - Security event logged: VIDEO_gesture_candidate - unknown
2025-12-17 15:43:59,423 - INFO - Saved evidence clip: evidence/videos/gesture_candidate_unknown_20251217_154359.avi
2025-12-17 15:43:59,438 - ERROR - Error queueing clip for gesture: Object of type int32 is not JSON serializable
2025-12-17 15:43:59,597 - INFO - Tracking servo moved to 71°
2025-12-17 15:43:59,679 - INFO - Security event logged: TRACKING_MOVEMENT - unknown
2025-12-17 15:43:59,974 - INFO - Security event logged: VIDEO_gesture_candidate - unknown
2025-12-17 15:43:59,977 - INFO - Saved evidence clip: evidence/videos/gesture_candidate_unknown_20251217_154359.avi
2025-12-17 15:43:59,992 - ERROR - Error queueing clip for gesture: Object of type int32 is not JSON serializable
2025-12-17 15:44:00,046 - INFO - Tracking servo moved to 90°
2025-12-17 15:44:00,120 - INFO - Security event logged: TRACKING_MOVEMENT - unknown
2025-12-17 15:44:00,223 - WARNING - Unknown person detected - starting tracking
2025-12-17 15:44:00,223 - WARNING - 🚨 SECURITY ALERT: INTRUDER_DETECTED
2025-12-17 15:44:00,233 - WARNING - Alert logged: INTRUDER_DETECTED - CRITICAL - Unknown person attempting access
2025-12-17 15:44:00,233 - INFO - 📱 SMS to POLICE: SECURITY ALERT: INTRUDER_DETECTED - Unknown person attempting access - Location: Your Address
2025-12-17 15:44:00,233 - INFO - 📱 SMS to OWNER: HOME SECURITY: INTRUDER_DETECTED - Unknown person attempting access
2025-12-17 15:44:00,306 - INFO - Security event logged: GSM_ALERT_SENT - system
2025-12-17 15:44:00,306 - INFO - 🔒 SECURITY RELAY ACTIVATED - Additional security measures enabled
2025-12-17 15:44:00,411 - INFO - Security event logged: RELAY_ACTIVATED - system
2025-12-17 15:44:00,694 - INFO - Security event logged: VIDEO_gesture_candidate - unknown
2025-12-17 15:44:00,694 - INFO - Saved evidence clip: evidence/videos/gesture_candidate_unknown_20251217_154400.avi
2025-12-17 15:44:00,708 - ERROR - Error queueing clip for gesture: Object of type int32 is not JSON serializable
2025-12-17 15:44:00,818 - INFO - Tracking servo moved to 83°
2025-12-17 15:44:00,914 - INFO - Security event logged: TRACKING_MOVEMENT - unknown
2025-12-17 15:44:01,201 - INFO - Security event logged: VIDEO_gesture_candidate - unknown
2025-12-17 15:44:01,202 - INFO - Saved evidence clip: evidence/videos/gesture_candidate_unknown_20251217_154400.avi
2025-12-17 15:44:01,218 - ERROR - Error queueing clip for gesture: Object of type int32 is not JSON serializable
2025-12-17 15:44:01,836 - INFO - Tracking servo moved to 73°
2025-12-17 15:44:01,945 - INFO - Security event logged: TRACKING_MOVEMENT - unknown
2025-12-17 15:44:02,217 - INFO - Security event logged: VIDEO_gesture_candidate - unknown
2025-12-17 15:44:02,217 - INFO - Saved evidence clip: evidence/videos/gesture_candidate_unknown_20251217_154401.avi
2025-12-17 15:44:02,231 - ERROR - Error queueing clip for gesture: Object of type int32 is not JSON serializable
2025-12-17 15:44:02,295 - INFO - Tracking servo moved to 68°
2025-12-17 15:44:02,404 - INFO - Security event logged: TRACKING_MOVEMENT - unknown
2025-12-17 15:44:02,691 - INFO - Security event logged: VIDEO_gesture_candidate - unknown
2025-12-17 15:44:02,691 - INFO - Saved evidence clip: evidence/videos/gesture_candidate_unknown_20251217_154402.avi
2025-12-17 15:44:02,706 - ERROR - Error queueing clip for gesture: Object of type int32 is not JSON serializable
2025-12-17 15:44:03,650 - INFO - Tracking servo moved to 76°
2025-12-17 15:44:03,766 - INFO - Security event logged: TRACKING_MOVEMENT - unknown
2025-12-17 15:44:04,133 - INFO - Security event logged: VIDEO_gesture_candidate - unknown
2025-12-17 15:44:04,134 - INFO - Saved evidence clip: evidence/videos/gesture_candidate_unknown_20251217_154403.avi
2025-12-17 15:44:04,155 - ERROR - Error queueing clip for gesture: Object of type int32 is not JSON serializable
2025-12-17 15:44:04,209 - INFO - Tracking servo moved to 82°
2025-12-17 15:44:04,308 - INFO - Security event logged: TRACKING_MOVEMENT - unknown
2025-12-17 15:44:04,613 - INFO - Security event logged: VIDEO_gesture_candidate - unknown
2025-12-17 15:44:04,615 - INFO - Saved evidence clip: evidence/videos/gesture_candidate_unknown_20251217_154404.avi
2025-12-17 15:44:04,636 - ERROR - Error queueing clip for gesture: Object of type int32 is not JSON serializable
2025-12-17 15:44:04,738 - INFO - Tracking servo moved to 87°
2025-12-17 15:44:04,860 - INFO - Security event logged: TRACKING_MOVEMENT - unknown
2025-12-17 15:44:05,173 - INFO - Security event logged: VIDEO_gesture_candidate - unknown
2025-12-17 15:44:05,174 - INFO - Saved evidence clip: evidence/videos/gesture_candidate_unknown_20251217_154404.avi
2025-12-17 15:44:05,187 - ERROR - Error queueing clip for gesture: Object of type int32 is not JSON serializable
2025-12-17 15:44:05,228 - INFO - Tracking servo moved to 92°
2025-12-17 15:44:05,311 - INFO - Security event logged: TRACKING_MOVEMENT - unknown
2025-12-17 15:44:05,579 - INFO - Security event logged: VIDEO_gesture_candidate - unknown
2025-12-17 15:44:05,579 - INFO - Saved evidence clip: evidence/videos/gesture_candidate_unknown_20251217_154405.avi
2025-12-17 15:44:05,594 - ERROR - Error queueing clip for gesture: Object of type int32 is not JSON serializable
2025-12-17 15:44:05,654 - INFO - Tracking servo moved to 87°
2025-12-17 15:44:05,733 - INFO - Security event logged: TRACKING_MOVEMENT - unknown
2025-12-17 15:44:06,007 - INFO - Security event logged: VIDEO_gesture_candidate - unknown
2025-12-17 15:44:06,008 - INFO - Saved evidence clip: evidence/videos/gesture_candidate_unknown_20251217_154405.avi
2025-12-17 15:44:06,025 - ERROR - Error queueing clip for gesture: Object of type int32 is not JSON serializable
2025-12-17 15:44:06,130 - INFO - Tracking servo moved to 76°
2025-12-17 15:44:06,207 - INFO - Security event logged: TRACKING_MOVEMENT - unknown
2025-12-17 15:44:06,482 - INFO - Security event logged: VIDEO_gesture_candidate - unknown
2025-12-17 15:44:06,482 - INFO - Saved evidence clip: evidence/videos/gesture_candidate_unknown_20251217_154406.avi
2025-12-17 15:44:06,498 - ERROR - Error queueing clip for gesture: Object of type int32 is not JSON serializable
2025-12-17 15:44:06,555 - INFO - Tracking servo moved to 90°
2025-12-17 15:44:06,643 - INFO - Security event logged: TRACKING_MOVEMENT - unknown
2025-12-17 15:44:06,737 - WARNING - Unknown person detected - starting tracking
2025-12-17 15:44:06,737 - WARNING - 🚨 SECURITY ALERT: INTRUDER_DETECTED
2025-12-17 15:44:06,747 - WARNING - Alert logged: INTRUDER_DETECTED - CRITICAL - Unknown person attempting access
2025-12-17 15:44:06,747 - INFO - 📱 SMS to POLICE: SECURITY ALERT: INTRUDER_DETECTED - Unknown person attempting access - Location: Your Address
2025-12-17 15:44:06,747 - INFO - 📱 SMS to OWNER: HOME SECURITY: INTRUDER_DETECTED - Unknown person attempting access
2025-12-17 15:44:06,825 - INFO - Security event logged: GSM_ALERT_SENT - system
2025-12-17 15:44:06,826 - INFO - 🔒 SECURITY RELAY ACTIVATED - Additional security measures enabled
2025-12-17 15:44:06,920 - INFO - Security event logged: RELAY_ACTIVATED - system
2025-12-17 15:44:06,921 - INFO - Tracking servo moved to 80°
2025-12-17 15:44:07,023 - INFO - Security event logged: TRACKING_MOVEMENT - unknown
2025-12-17 15:44:07,265 - INFO - Security event logged: VIDEO_gesture_candidate - unknown
2025-12-17 15:44:07,265 - INFO - Saved evidence clip: evidence/videos/gesture_candidate_unknown_20251217_154407.avi
2025-12-17 15:44:07,280 - ERROR - Error queueing clip for gesture: Object of type int32 is not JSON serializable
2025-12-17 15:44:07,325 - INFO - Tracking servo moved to 69°
2025-12-17 15:44:07,412 - INFO - Security event logged: TRACKING_MOVEMENT - unknown
2025-12-17 15:44:07,676 - INFO - Security event logged: VIDEO_gesture_candidate - unknown
2025-12-17 15:44:07,676 - INFO - Saved evidence clip: evidence/videos/gesture_candidate_unknown_20251217_154407.avi
2025-12-17 15:44:07,691 - ERROR - Error queueing clip for gesture: Object of type int32 is not JSON serializable
2025-12-17 15:44:07,750 - INFO - Tracking servo moved to 57°
2025-12-17 15:44:07,832 - INFO - Security event logged: TRACKING_MOVEMENT - unknown
2025-12-17 15:44:08,094 - INFO - Security event logged: VIDEO_gesture_candidate - unknown
2025-12-17 15:44:08,095 - INFO - Saved evidence clip: evidence/videos/gesture_candidate_unknown_20251217_154407.avi
2025-12-17 15:44:08,112 - ERROR - Error queueing clip for gesture: Object of type int32 is not JSON serializable
2025-12-17 15:44:08,158 - INFO - Tracking servo moved to 45°
2025-12-17 15:44:08,235 - INFO - Security event logged: TRACKING_MOVEMENT - unknown
2025-12-17 15:44:08,508 - INFO - Security event logged: VIDEO_gesture_candidate - unknown
2025-12-17 15:44:08,509 - INFO - Saved evidence clip: evidence/videos/gesture_candidate_unknown_20251217_154408.avi
2025-12-17 15:44:08,525 - ERROR - Error queueing clip for gesture: Object of type int32 is not JSON serializable
2025-12-17 15:44:08,545 - INFO - DOOR LOCKED - Servo 1 rotated 0°
2025-12-17 15:44:08,628 - INFO - Security event logged: DOOR_LOCKED - system
2025-12-17 15:44:08,681 - INFO - Tracking servo moved to 30°
2025-12-17 15:44:08,757 - INFO - Security event logged: TRACKING_MOVEMENT - unknown
2025-12-17 15:44:09,024 - INFO - Security event logged: VIDEO_gesture_candidate - unknown
2025-12-17 15:44:09,024 - INFO - Saved evidence clip: evidence/videos/gesture_candidate_unknown_20251217_154408.avi
2025-12-17 15:44:09,045 - ERROR - Error queueing clip for gesture: Object of type int32 is not JSON serializable
2025-12-17 15:44:09,100 - INFO - Tracking servo moved to 10°
2025-12-17 15:44:09,192 - INFO - Security event logged: TRACKING_MOVEMENT - unknown
2025-12-17 15:44:09,455 - INFO - Security event logged: VIDEO_gesture_candidate - unknown
2025-12-17 15:44:09,457 - INFO - Saved evidence clip: evidence/videos/gesture_candidate_unknown_20251217_154409.avi
2025-12-17 15:44:09,471 - ERROR - Error queueing clip for gesture: Object of type int32 is not JSON serializable
2025-12-17 15:44:09,517 - INFO - Tracking servo moved to 0°
2025-12-17 15:44:09,596 - INFO - Security event logged: TRACKING_MOVEMENT - unknown
2025-12-17 15:44:09,890 - INFO - Security event logged: VIDEO_gesture_candidate - unknown
2025-12-17 15:44:09,891 - INFO - Saved evidence clip: evidence/videos/gesture_candidate_unknown_20251217_154409.avi
2025-12-17 15:44:09,905 - ERROR - Error queueing clip for gesture: Object of type int32 is not JSON serializable
2025-12-17 15:44:09,959 - INFO - DOOR UNLOCKED - Servo 1 rotated 90°
2025-12-17 15:44:10,033 - INFO - Security event logged: DOOR_UNLOCKED - owner
2025-12-17 15:44:11,769 - INFO - Tracking servo moved to 0°
2025-12-17 15:44:11,877 - INFO - Security event logged: TRACKING_MOVEMENT - unknown
2025-12-17 15:44:12,161 - INFO - Security event logged: VIDEO_gesture_candidate - unknown
2025-12-17 15:44:12,162 - INFO - Saved evidence clip: evidence/videos/gesture_candidate_unknown_20251217_154411.avi
2025-12-17 15:44:12,180 - ERROR - Error queueing clip for gesture: Object of type int32 is not JSON serializable
2025-12-17 15:44:12,228 - INFO - Tracking servo moved to 90°
2025-12-17 15:44:12,314 - INFO - Security event logged: TRACKING_MOVEMENT - unknown
2025-12-17 15:44:14,243 - WARNING - Unknown person detected - starting tracking
2025-12-17 15:44:14,244 - WARNING - 🚨 SECURITY ALERT: INTRUDER_DETECTED
2025-12-17 15:44:14,255 - WARNING - Alert logged: INTRUDER_DETECTED - CRITICAL - Unknown person attempting access
2025-12-17 15:44:14,255 - INFO - 📱 SMS to POLICE: SECURITY ALERT: INTRUDER_DETECTED - Unknown person attempting access - Location: Your Address
2025-12-17 15:44:14,256 - INFO - 📱 SMS to OWNER: HOME SECURITY: INTRUDER_DETECTED - Unknown person attempting access
2025-12-17 15:44:14,352 - INFO - Security event logged: GSM_ALERT_SENT - system
2025-12-17 15:44:14,353 - INFO - 🔒 SECURITY RELAY ACTIVATED - Additional security measures enabled
2025-12-17 15:44:14,453 - INFO - Security event logged: RELAY_ACTIVATED - system
2025-12-17 15:44:14,728 - INFO - Security event logged: VIDEO_gesture_candidate - unknown
2025-12-17 15:44:14,729 - INFO - Saved evidence clip: evidence/videos/gesture_candidate_unknown_20251217_154414.avi
2025-12-17 15:44:14,747 - ERROR - Error queueing clip for gesture: Object of type int32 is not JSON serializable
2025-12-17 15:44:14,802 - INFO - Tracking servo moved to 87°
2025-12-17 15:44:14,887 - INFO - Security event logged: TRACKING_MOVEMENT - unknown
2025-12-17 15:44:15,178 - INFO - Security event logged: VIDEO_gesture_candidate - unknown
2025-12-17 15:44:15,178 - INFO - Saved evidence clip: evidence/videos/gesture_candidate_unknown_20251217_154414.avi
2025-12-17 15:44:15,191 - ERROR - Error queueing clip for gesture: Object of type int32 is not JSON serializable
2025-12-17 15:44:15,239 - INFO - Tracking servo moved to 82°
2025-12-17 15:44:15,313 - INFO - Security event logged: TRACKING_MOVEMENT - unknown
2025-12-17 15:44:15,591 - INFO - Security event logged: VIDEO_gesture_candidate - unknown
2025-12-17 15:44:15,592 - INFO - Saved evidence clip: evidence/videos/gesture_candidate_unknown_20251217_154415.avi
2025-12-17 15:44:15,606 - ERROR - Error queueing clip for gesture: Object of type int32 is not JSON serializable
2025-12-17 15:44:15,922 - INFO - Security event logged: VIDEO_gesture_candidate - unknown
2025-12-17 15:44:15,924 - INFO - Saved evidence clip: evidence/videos/gesture_candidate_unknown_20251217_154415.avi
2025-12-17 15:44:15,940 - ERROR - Error queueing clip for gesture: Object of type int32 is not JSON serializable
2025-12-17 15:44:16,247 - INFO - Security event logged: VIDEO_gesture_candidate - unknown
2025-12-17 15:44:16,248 - INFO - Saved evidence clip: evidence/videos/gesture_candidate_unknown_20251217_154416.avi
2025-12-17 15:44:16,263 - ERROR - Error queueing clip for gesture: Object of type int32 is not JSON serializable
2025-12-17 15:44:16,583 - INFO - Security event logged: VIDEO_gesture_candidate - unknown
2025-12-17 15:44:16,583 - INFO - Saved evidence clip: evidence/videos/gesture_candidate_unknown_20251217_154416.avi
2025-12-17 15:44:16,602 - ERROR - Error queueing clip for gesture: Object of type int32 is not JSON serializable
2025-12-17 15:44:16,655 - INFO - Tracking servo moved to 53°
2025-12-17 15:44:16,739 - INFO - Security event logged: TRACKING_MOVEMENT - unknown
2025-12-17 15:44:16,991 - INFO - Security event logged: VIDEO_gesture_candidate - unknown
2025-12-17 15:44:16,992 - INFO - Saved evidence clip: evidence/videos/gesture_candidate_unknown_20251217_154416.avi
2025-12-17 15:44:17,006 - ERROR - Error queueing clip for gesture: Object of type int32 is not JSON serializable
2025-12-17 15:44:17,072 - INFO - Tracking servo moved to 24°
2025-12-17 15:44:17,149 - INFO - Security event logged: TRACKING_MOVEMENT - unknown
2025-12-17 15:44:17,438 - INFO - Security event logged: VIDEO_gesture_candidate - unknown
2025-12-17 15:44:17,439 - INFO - Saved evidence clip: evidence/videos/gesture_candidate_unknown_20251217_154417.avi
2025-12-17 15:44:17,457 - ERROR - Error queueing clip for gesture: Object of type int32 is not JSON serializable
2025-12-17 15:44:17,782 - INFO - Security event logged: VIDEO_gesture_candidate - unknown
2025-12-17 15:44:17,783 - INFO - Saved evidence clip: evidence/videos/gesture_candidate_unknown_20251217_154417.avi
2025-12-17 15:44:17,804 - ERROR - Error queueing clip for gesture: Object of type int32 is not JSON serializable
2025-12-17 15:44:17,975 - INFO - Tracking servo moved to 0°
2025-12-17 15:44:18,057 - INFO - Security event logged: TRACKING_MOVEMENT - unknown
2025-12-17 15:44:18,311 - INFO - Security event logged: VIDEO_gesture_candidate - unknown
2025-12-17 15:44:18,312 - INFO - Saved evidence clip: evidence/videos/gesture_candidate_unknown_20251217_154418.avi
2025-12-17 15:44:18,325 - ERROR - Error queueing clip for gesture: Object of type int32 is not JSON serializable
2025-12-17 15:44:18,956 - INFO - Security event logged: VIDEO_gesture_candidate - unknown
2025-12-17 15:44:18,958 - INFO - Saved evidence clip: evidence/videos/gesture_candidate_unknown_20251217_154418.avi
2025-12-17 15:44:18,969 - ERROR - Error queueing clip for gesture: Object of type int32 is not JSON serializable
2025-12-17 15:44:19,265 - INFO - Tracking servo moved to 90°
2025-12-17 15:44:19,334 - INFO - Security event logged: TRACKING_MOVEMENT - unknown
2025-12-17 15:44:19,640 - WARNING - Unknown person detected - starting tracking
2025-12-17 15:44:19,640 - WARNING - 🚨 SECURITY ALERT: INTRUDER_DETECTED
2025-12-17 15:44:19,651 - WARNING - Alert logged: INTRUDER_DETECTED - CRITICAL - Unknown person attempting access
2025-12-17 15:44:19,651 - INFO - 📱 SMS to POLICE: SECURITY ALERT: INTRUDER_DETECTED - Unknown person attempting access - Location: Your Address
2025-12-17 15:44:19,651 - INFO - 📱 SMS to OWNER: HOME SECURITY: INTRUDER_DETECTED - Unknown person attempting access
2025-12-17 15:44:19,730 - INFO - Security event logged: GSM_ALERT_SENT - system
2025-12-17 15:44:19,731 - INFO - 🔒 SECURITY RELAY ACTIVATED - Additional security measures enabled
2025-12-17 15:44:19,828 - INFO - Security event logged: RELAY_ACTIVATED - system
2025-12-17 15:44:19,829 - INFO - Tracking servo moved to 96°
2025-12-17 15:44:19,921 - INFO - Security event logged: TRACKING_MOVEMENT - unknown
2025-12-17 15:44:20,175 - INFO - Security event logged: VIDEO_gesture_candidate - unknown
2025-12-17 15:44:20,176 - INFO - Saved evidence clip: evidence/videos/gesture_candidate_unknown_20251217_154419.avi
2025-12-17 15:44:20,193 - ERROR - Error queueing clip for gesture: Object of type int32 is not JSON serializable
2025-12-17 15:44:20,198 - INFO - DOOR LOCKED - Servo 1 rotated 0°
2025-12-17 15:44:20,309 - INFO - Security event logged: DOOR_LOCKED - system
2025-12-17 15:44:20,361 - INFO - DOOR UNLOCKED - Servo 1 rotated 90°
2025-12-17 15:44:20,435 - INFO - Security event logged: DOOR_UNLOCKED - owner
2025-12-17 15:44:20,795 - INFO - Security event logged: VIDEO_gesture_candidate - unknown
2025-12-17 15:44:20,798 - INFO - Saved evidence clip: evidence/videos/gesture_candidate_unknown_20251217_154420.avi
2025-12-17 15:44:20,816 - ERROR - Error queueing clip for gesture: Object of type int32 is not JSON serializable
2025-12-17 15:44:21,113 - INFO - Security event logged: VIDEO_gesture_candidate - unknown
2025-12-17 15:44:21,114 - INFO - Saved evidence clip: evidence/videos/gesture_candidate_unknown_20251217_154420.avi
2025-12-17 15:44:21,131 - ERROR - Error queueing clip for gesture: Object of type int32 is not JSON serializable
2025-12-17 15:44:21,484 - INFO - Security event logged: VIDEO_gesture_candidate - unknown
2025-12-17 15:44:21,485 - INFO - Saved evidence clip: evidence/videos/gesture_candidate_unknown_20251217_154421.avi
2025-12-17 15:44:21,504 - ERROR - Error queueing clip for gesture: Object of type int32 is not JSON serializable
2025-12-17 15:44:21,805 - INFO - Security event logged: VIDEO_gesture_candidate - unknown
2025-12-17 15:44:21,806 - INFO - Saved evidence clip: evidence/videos/gesture_candidate_unknown_20251217_154421.avi
2025-12-17 15:44:21,823 - ERROR - Error queueing clip for gesture: Object of type int32 is not JSON serializable
2025-12-17 15:44:22,136 - INFO - Security event logged: VIDEO_gesture_candidate - unknown
2025-12-17 15:44:22,136 - INFO - Saved evidence clip: evidence/videos/gesture_candidate_unknown_20251217_154421.avi
2025-12-17 15:44:22,154 - ERROR - Error queueing clip for gesture: Object of type int32 is not JSON serializable
2025-12-17 15:44:22,495 - INFO - Security event logged: VIDEO_gesture_candidate - unknown
2025-12-17 15:44:22,496 - INFO - Saved evidence clip: evidence/videos/gesture_candidate_unknown_20251217_154422.avi
2025-12-17 15:44:22,511 - ERROR - Error queueing clip for gesture: Object of type int32 is not JSON serializable
2025-12-17 15:44:22,858 - INFO - Security event logged: VIDEO_gesture_candidate - unknown
2025-12-17 15:44:22,859 - INFO - Saved evidence clip: evidence/videos/gesture_candidate_unknown_20251217_154422.avi
2025-12-17 15:44:22,876 - ERROR - Error queueing clip for gesture: Object of type int32 is not JSON serializable
2025-12-17 15:44:23,369 - INFO - Security event logged: VIDEO_gesture_candidate - unknown
2025-12-17 15:44:23,369 - INFO - Saved evidence clip: evidence/videos/gesture_candidate_unknown_20251217_154423.avi
2025-12-17 15:44:23,383 - ERROR - Error queueing clip for gesture: Object of type int32 is not JSON serializable
2025-12-17 15:44:23,513 - INFO - Tracking servo moved to 67°
2025-12-17 15:44:23,582 - INFO - Security event logged: TRACKING_MOVEMENT - unknown
2025-12-17 15:44:23,809 - INFO - Security event logged: VIDEO_gesture_candidate - unknown
2025-12-17 15:44:23,810 - INFO - Saved evidence clip: evidence/videos/gesture_candidate_unknown_20251217_154423.avi
2025-12-17 15:44:23,823 - ERROR - Error queueing clip for gesture: Object of type int32 is not JSON serializable
2025-12-17 15:44:24,107 - INFO - Security event logged: VIDEO_gesture_candidate - unknown
2025-12-17 15:44:24,107 - INFO - Saved evidence clip: evidence/videos/gesture_candidate_unknown_20251217_154423.avi
2025-12-17 15:44:24,123 - ERROR - Error queueing clip for gesture: Object of type int32 is not JSON serializable
2025-12-17 15:44:24,560 - INFO - Security event logged: VIDEO_gesture_candidate - unknown
2025-12-17 15:44:24,560 - INFO - Saved evidence clip: evidence/videos/gesture_candidate_unknown_20251217_154424.avi
2025-12-17 15:44:24,578 - ERROR - Error queueing clip for gesture: Object of type int32 is not JSON serializable
2025-12-17 15:44:24,619 - INFO - Tracking servo moved to 38°
2025-12-17 15:44:24,712 - INFO - Security event logged: TRACKING_MOVEMENT - unknown
2025-12-17 15:44:25,000 - INFO - Security event logged: VIDEO_gesture_candidate - unknown
2025-12-17 15:44:25,001 - INFO - Saved evidence clip: evidence/videos/gesture_candidate_unknown_20251217_154424.avi
2025-12-17 15:44:25,019 - ERROR - Error queueing clip for gesture: Object of type int32 is not JSON serializable
2025-12-17 15:44:25,298 - INFO - Security event logged: VIDEO_gesture_candidate - unknown
2025-12-17 15:44:25,299 - INFO - Saved evidence clip: evidence/videos/gesture_candidate_unknown_20251217_154425.avi
2025-12-17 15:44:25,312 - ERROR - Error queueing clip for gesture: Object of type int32 is not JSON serializable
2025-12-17 15:44:25,358 - INFO - Tracking servo moved to 41°
2025-12-17 15:44:25,446 - INFO - Security event logged: TRACKING_MOVEMENT - unknown
2025-12-17 15:44:25,715 - INFO - Security event logged: VIDEO_gesture_candidate - unknown
2025-12-17 15:44:25,716 - INFO - Saved evidence clip: evidence/videos/gesture_candidate_unknown_20251217_154425.avi
2025-12-17 15:44:25,730 - ERROR - Error queueing clip for gesture: Object of type int32 is not JSON serializable
2025-12-17 15:44:25,775 - INFO - Tracking servo moved to 47°
2025-12-17 15:44:25,854 - INFO - Security event logged: TRACKING_MOVEMENT - unknown
2025-12-17 15:44:26,122 - INFO - Security event logged: VIDEO_gesture_candidate - unknown
2025-12-17 15:44:26,126 - INFO - Saved evidence clip: evidence/videos/gesture_candidate_unknown_20251217_154425.avi
2025-12-17 15:44:26,139 - ERROR - Error queueing clip for gesture: Object of type int32 is not JSON serializable
2025-12-17 15:44:26,174 - INFO - Tracking servo moved to 90°
2025-12-17 15:44:26,254 - INFO - Security event logged: TRACKING_MOVEMENT - unknown
2025-12-17 15:44:26,309 - WARNING - Unknown person detected - starting tracking
2025-12-17 15:44:26,310 - WARNING - 🚨 SECURITY ALERT: INTRUDER_DETECTED
2025-12-17 15:44:26,321 - WARNING - Alert logged: INTRUDER_DETECTED - CRITICAL - Unknown person attempting access
2025-12-17 15:44:26,322 - INFO - 📱 SMS to POLICE: SECURITY ALERT: INTRUDER_DETECTED - Unknown person attempting access - Location: Your Address
2025-12-17 15:44:26,322 - INFO - 📱 SMS to OWNER: HOME SECURITY: INTRUDER_DETECTED - Unknown person attempting access
2025-12-17 15:44:26,412 - INFO - Security event logged: GSM_ALERT_SENT - system
2025-12-17 15:44:26,413 - INFO - 🔒 SECURITY RELAY ACTIVATED - Additional security measures enabled
2025-12-17 15:44:26,517 - INFO - Security event logged: RELAY_ACTIVATED - system
2025-12-17 15:44:26,517 - INFO - Tracking servo moved to 100°
2025-12-17 15:44:26,624 - INFO - Security event logged: TRACKING_MOVEMENT - unknown
2025-12-17 15:44:26,928 - INFO - Security event logged: VIDEO_gesture_candidate - unknown
2025-12-17 15:44:26,929 - INFO - Saved evidence clip: evidence/videos/gesture_candidate_unknown_20251217_154426.avi
2025-12-17 15:44:26,943 - ERROR - Error queueing clip for gesture: Object of type int32 is not JSON serializable
2025-12-17 15:44:27,227 - INFO - Security event logged: VIDEO_gesture_candidate - unknown
2025-12-17 15:44:27,228 - INFO - Saved evidence clip: evidence/videos/gesture_candidate_unknown_20251217_154427.avi
2025-12-17 15:44:27,241 - ERROR - Error queueing clip for gesture: Object of type int32 is not JSON serializable
2025-12-17 15:44:27,567 - INFO - Security event logged: VIDEO_gesture_candidate - unknown
2025-12-17 15:44:27,567 - INFO - Saved evidence clip: evidence/videos/gesture_candidate_unknown_20251217_154427.avi
2025-12-17 15:44:27,582 - ERROR - Error queueing clip for gesture: Object of type int32 is not JSON serializable
2025-12-17 15:44:27,928 - INFO - Security event logged: VIDEO_gesture_candidate - unknown
2025-12-17 15:44:27,929 - INFO - Saved evidence clip: evidence/videos/gesture_candidate_unknown_20251217_154427.avi
2025-12-17 15:44:27,943 - ERROR - Error queueing clip for gesture: Object of type int32 is not JSON serializable
2025-12-17 15:44:28,295 - INFO - Security event logged: VIDEO_gesture_candidate - unknown
2025-12-17 15:44:28,296 - INFO - Saved evidence clip: evidence/videos/gesture_candidate_unknown_20251217_154428.avi
2025-12-17 15:44:28,314 - ERROR - Error queueing clip for gesture: Object of type int32 is not JSON serializable
2025-12-17 15:44:28,604 - INFO - Security event logged: VIDEO_gesture_candidate - unknown
2025-12-17 15:44:28,605 - INFO - Saved evidence clip: evidence/videos/gesture_candidate_unknown_20251217_154428.avi
2025-12-17 15:44:28,620 - ERROR - Error queueing clip for gesture: Object of type int32 is not JSON serializable
2025-12-17 15:44:28,677 - INFO - Tracking servo moved to 71°
2025-12-17 15:44:28,758 - INFO - Security event logged: TRACKING_MOVEMENT - unknown
2025-12-17 15:44:28,995 - INFO - Security event logged: VIDEO_gesture_candidate - unknown
2025-12-17 15:44:28,996 - INFO - Saved evidence clip: evidence/videos/gesture_candidate_unknown_20251217_154428.avi
2025-12-17 15:44:29,009 - ERROR - Error queueing clip for gesture: Object of type int32 is not JSON serializable
2025-12-17 15:44:29,286 - INFO - Security event logged: VIDEO_gesture_candidate - unknown
2025-12-17 15:44:29,287 - INFO - Saved evidence clip: evidence/videos/gesture_candidate_unknown_20251217_154429.avi
2025-12-17 15:44:29,300 - ERROR - Error queueing clip for gesture: Object of type int32 is not JSON serializable
2025-12-17 15:44:29,612 - INFO - Security event logged: VIDEO_gesture_candidate - unknown
2025-12-17 15:44:29,612 - INFO - Saved evidence clip: evidence/videos/gesture_candidate_unknown_20251217_154429.avi
2025-12-17 15:44:29,628 - ERROR - Error queueing clip for gesture: Object of type int32 is not JSON serializable
2025-12-17 15:44:29,694 - INFO - Tracking servo moved to 42°
2025-12-17 15:44:29,795 - INFO - Security event logged: TRACKING_MOVEMENT - unknown
2025-12-17 15:44:30,087 - INFO - Security event logged: VIDEO_gesture_candidate - unknown
2025-12-17 15:44:30,088 - INFO - Saved evidence clip: evidence/videos/gesture_candidate_unknown_20251217_154429.avi
2025-12-17 15:44:30,107 - ERROR - Error queueing clip for gesture: Object of type int32 is not JSON serializable
2025-12-17 15:44:30,431 - INFO - Security event logged: VIDEO_gesture_candidate - unknown
2025-12-17 15:44:30,432 - INFO - Saved evidence clip: evidence/videos/gesture_candidate_unknown_20251217_154430.avi
2025-12-17 15:44:30,452 - ERROR - Error queueing clip for gesture: Object of type int32 is not JSON serializable
2025-12-17 15:44:30,456 - INFO - DOOR LOCKED - Servo 1 rotated 0°
2025-12-17 15:44:30,557 - INFO - Security event logged: DOOR_LOCKED - system
2025-12-17 15:44:30,908 - INFO - Security event logged: VIDEO_gesture_candidate - unknown
2025-12-17 15:44:30,909 - INFO - Saved evidence clip: evidence/videos/gesture_candidate_unknown_20251217_154430.avi
2025-12-17 15:44:30,928 - ERROR - Error queueing clip for gesture: Object of type int32 is not JSON serializable
2025-12-17 15:44:30,934 - WARNING - 🚨 SECURITY ALERT: SUSPICIOUS_MOTION
2025-12-17 15:44:30,953 - WARNING - Alert logged: SUSPICIOUS_MOTION - HIGH - Suspicious movement detected near entrance
2025-12-17 15:44:30,954 - INFO - 📱 SMS to POLICE: SECURITY ALERT: SUSPICIOUS_MOTION - Suspicious movement detected near entrance - Location: Your Address
2025-12-17 15:44:30,954 - INFO - 📱 SMS to OWNER: HOME SECURITY: SUSPICIOUS_MOTION - Suspicious movement detected near entrance
2025-12-17 15:44:31,038 - INFO - Security event logged: GSM_ALERT_SENT - system
2025-12-17 15:44:31,038 - INFO - 🔒 SECURITY RELAY ACTIVATED - Additional security measures enabled
2025-12-17 15:44:31,132 - INFO - Security event logged: RELAY_ACTIVATED - system
2025-12-17 15:44:31,446 - INFO - Security event logged: VIDEO_gesture_candidate - unknown
2025-12-17 15:44:31,447 - INFO - Saved evidence clip: evidence/videos/gesture_candidate_unknown_20251217_154431.avi
2025-12-17 15:44:31,465 - ERROR - Error queueing clip for gesture: Object of type int32 is not JSON serializable
2025-12-17 15:44:31,754 - INFO - Security event logged: VIDEO_gesture_candidate - unknown
2025-12-17 15:44:31,755 - INFO - Saved evidence clip: evidence/videos/gesture_candidate_unknown_20251217_154431.avi
2025-12-17 15:44:31,767 - ERROR - Error queueing clip for gesture: Object of type int32 is not JSON serializable
2025-12-17 15:44:32,102 - INFO - Security event logged: VIDEO_gesture_candidate - unknown
2025-12-17 15:44:32,103 - INFO - Saved evidence clip: evidence/videos/gesture_candidate_unknown_20251217_154431.avi
2025-12-17 15:44:32,118 - ERROR - Error queueing clip for gesture: Object of type int32 is not JSON serializable
2025-12-17 15:44:32,454 - INFO - Security event logged: VIDEO_gesture_candidate - unknown
2025-12-17 15:44:32,455 - INFO - Saved evidence clip: evidence/videos/gesture_candidate_unknown_20251217_154432.avi
2025-12-17 15:44:32,471 - ERROR - Error queueing clip for gesture: Object of type int32 is not JSON serializable
2025-12-17 15:44:32,736 - INFO - Security event logged: VIDEO_gesture_candidate - unknown
2025-12-17 15:44:32,737 - INFO - Saved evidence clip: evidence/videos/gesture_candidate_unknown_20251217_154432.avi
2025-12-17 15:44:32,752 - ERROR - Error queueing clip for gesture: Object of type int32 is not JSON serializable
2025-12-17 15:44:33,086 - INFO - Security event logged: VIDEO_gesture_candidate - unknown
2025-12-17 15:44:33,088 - INFO - Saved evidence clip: evidence/videos/gesture_candidate_unknown_20251217_154432.avi
2025-12-17 15:44:33,106 - ERROR - Error queueing clip for gesture: Object of type int32 is not JSON serializable
2025-12-17 15:44:33,154 - INFO - Tracking servo moved to 90°
2025-12-17 15:44:33,242 - INFO - Security event logged: TRACKING_MOVEMENT - unknown
2025-12-17 15:44:33,285 - WARNING - Unknown person detected - starting tracking
2025-12-17 15:44:33,286 - WARNING - 🚨 SECURITY ALERT: INTRUDER_DETECTED
2025-12-17 15:44:33,295 - WARNING - Alert logged: INTRUDER_DETECTED - CRITICAL - Unknown person attempting access
2025-12-17 15:44:33,297 - INFO - 📱 SMS to POLICE: SECURITY ALERT: INTRUDER_DETECTED - Unknown person attempting access - Location: Your Address
2025-12-17 15:44:33,297 - INFO - 📱 SMS to OWNER: HOME SECURITY: INTRUDER_DETECTED - Unknown person attempting access
2025-12-17 15:44:33,374 - INFO - Security event logged: GSM_ALERT_SENT - system
2025-12-17 15:44:33,374 - INFO - 🔒 SECURITY RELAY ACTIVATED - Additional security measures enabled
2025-12-17 15:44:33,475 - INFO - Security event logged: RELAY_ACTIVATED - system
2025-12-17 15:44:33,781 - INFO - Security event logged: VIDEO_gesture_candidate - unknown
2025-12-17 15:44:33,782 - INFO - Saved evidence clip: evidence/videos/gesture_candidate_unknown_20251217_154433.avi
2025-12-17 15:44:33,803 - ERROR - Error queueing clip for gesture: Object of type int32 is not JSON serializable
2025-12-17 15:44:34,112 - INFO - Security event logged: VIDEO_gesture_candidate - unknown
2025-12-17 15:44:34,112 - INFO - Saved evidence clip: evidence/videos/gesture_candidate_unknown_20251217_154433.avi
2025-12-17 15:44:34,130 - ERROR - Error queueing clip for gesture: Object of type int32 is not JSON serializable
2025-12-17 15:44:34,441 - INFO - Security event logged: VIDEO_gesture_candidate - unknown
2025-12-17 15:44:34,441 - INFO - Saved evidence clip: evidence/videos/gesture_candidate_unknown_20251217_154434.avi
2025-12-17 15:44:34,458 - ERROR - Error queueing clip for gesture: Object of type int32 is not JSON serializable
2025-12-17 15:44:34,638 - INFO - Tracking servo moved to 61°
2025-12-17 15:44:34,738 - INFO - Security event logged: TRACKING_MOVEMENT - unknown
2025-12-17 15:44:35,035 - INFO - Security event logged: VIDEO_gesture_candidate - unknown
2025-12-17 15:44:35,036 - INFO - Saved evidence clip: evidence/videos/gesture_candidate_unknown_20251217_154434.avi
2025-12-17 15:44:35,050 - ERROR - Error queueing clip for gesture: Object of type int32 is not JSON serializable
2025-12-17 15:44:35,987 - INFO - Tracking servo moved to 32°
2025-12-17 15:44:36,100 - INFO - Security event logged: TRACKING_MOVEMENT - unknown
2025-12-17 15:44:36,355 - INFO - Security event logged: VIDEO_gesture_candidate - unknown
2025-12-17 15:44:36,355 - INFO - Saved evidence clip: evidence/videos/gesture_candidate_unknown_20251217_154436.avi
2025-12-17 15:44:36,367 - ERROR - Error queueing clip for gesture: Object of type int32 is not JSON serializable
2025-12-17 15:44:36,416 - INFO - Tracking servo moved to 37°
2025-12-17 15:44:36,496 - INFO - Security event logged: TRACKING_MOVEMENT - unknown
2025-12-17 15:44:36,790 - INFO - Security event logged: VIDEO_gesture_candidate - unknown
2025-12-17 15:44:36,791 - INFO - Saved evidence clip: evidence/videos/gesture_candidate_unknown_20251217_154436.avi
2025-12-17 15:44:36,811 - ERROR - Error queueing clip for gesture: Object of type int32 is not JSON serializable
2025-12-17 15:44:36,863 - INFO - Tracking servo moved to 27°
2025-12-17 15:44:36,943 - INFO - Security event logged: TRACKING_MOVEMENT - unknown
2025-12-17 15:44:37,223 - INFO - Security event logged: VIDEO_gesture_candidate - unknown
2025-12-17 15:44:37,223 - INFO - Saved evidence clip: evidence/videos/gesture_candidate_unknown_20251217_154436.avi
2025-12-17 15:44:37,241 - ERROR - Error queueing clip for gesture: Object of type int32 is not JSON serializable
2025-12-17 15:44:37,376 - INFO - Tracking servo moved to 33°
2025-12-17 15:44:37,455 - INFO - Security event logged: TRACKING_MOVEMENT - unknown
2025-12-17 15:44:37,735 - INFO - Security event logged: VIDEO_gesture_candidate - unknown
2025-12-17 15:44:37,737 - INFO - Saved evidence clip: evidence/videos/gesture_candidate_unknown_20251217_154437.avi
2025-12-17 15:44:37,754 - ERROR - Error queueing clip for gesture: Object of type int32 is not JSON serializable
2025-12-17 15:44:37,816 - INFO - Tracking servo moved to 38°
2025-12-17 15:44:37,893 - INFO - Security event logged: TRACKING_MOVEMENT - unknown
2025-12-17 15:44:38,181 - INFO - Security event logged: VIDEO_gesture_candidate - unknown
2025-12-17 15:44:38,182 - INFO - Saved evidence clip: evidence/videos/gesture_candidate_unknown_20251217_154437.avi
2025-12-17 15:44:38,203 - ERROR - Error queueing clip for gesture: Object of type int32 is not JSON serializable
2025-12-17 15:44:38,254 - INFO - Tracking servo moved to 43°
2025-12-17 15:44:38,330 - INFO - Security event logged: TRACKING_MOVEMENT - unknown
2025-12-17 15:44:38,601 - INFO - Security event logged: VIDEO_gesture_candidate - unknown
2025-12-17 15:44:38,603 - INFO - Saved evidence clip: evidence/videos/gesture_candidate_unknown_20251217_154438.avi
2025-12-17 15:44:38,620 - ERROR - Error queueing clip for gesture: Object of type int32 is not JSON serializable
2025-12-17 15:44:38,677 - INFO - Tracking servo moved to 48°
2025-12-17 15:44:38,771 - INFO - Security event logged: TRACKING_MOVEMENT - unknown
2025-12-17 15:44:39,017 - INFO - Security event logged: VIDEO_gesture_candidate - unknown
2025-12-17 15:44:39,018 - INFO - Saved evidence clip: evidence/videos/gesture_candidate_unknown_20251217_154438.avi
2025-12-17 15:44:39,031 - ERROR - Error queueing clip for gesture: Object of type int32 is not JSON serializable
2025-12-17 15:44:39,083 - INFO - DOOR UNLOCKED - Servo 1 rotated 90°
2025-12-17 15:44:39,169 - INFO - Security event logged: DOOR_UNLOCKED - owner
2025-12-17 15:44:39,184 - INFO - Tracking servo moved to 90°
2025-12-17 15:44:39,276 - INFO - Security event logged: TRACKING_MOVEMENT - unknown
2025-12-17 15:44:39,346 - WARNING - Unknown person detected - starting tracking
2025-12-17 15:44:39,347 - WARNING - 🚨 SECURITY ALERT: INTRUDER_DETECTED
2025-12-17 15:44:39,358 - WARNING - Alert logged: INTRUDER_DETECTED - CRITICAL - Unknown person attempting access
2025-12-17 15:44:39,358 - INFO - 📱 SMS to POLICE: SECURITY ALERT: INTRUDER_DETECTED - Unknown person attempting access - Location: Your Address
2025-12-17 15:44:39,360 - INFO - 📱 SMS to OWNER: HOME SECURITY: INTRUDER_DETECTED - Unknown person attempting access
2025-12-17 15:44:39,457 - INFO - Security event logged: GSM_ALERT_SENT - system
2025-12-17 15:44:39,458 - INFO - 🔒 SECURITY RELAY ACTIVATED - Additional security measures enabled
2025-12-17 15:44:39,570 - INFO - Security event logged: RELAY_ACTIVATED - system
2025-12-17 15:44:39,571 - INFO - Tracking servo moved to 96°
2025-12-17 15:44:39,679 - INFO - Security event logged: TRACKING_MOVEMENT - unknown
2025-12-17 15:44:39,972 - INFO - Security event logged: VIDEO_gesture_candidate - unknown
2025-12-17 15:44:39,973 - INFO - Saved evidence clip: evidence/videos/gesture_candidate_unknown_20251217_154439.avi
2025-12-17 15:44:39,994 - ERROR - Error queueing clip for gesture: Object of type int32 is not JSON serializable
2025-12-17 15:44:40,048 - INFO - Tracking servo moved to 102°
2025-12-17 15:44:40,135 - INFO - Security event logged: TRACKING_MOVEMENT - unknown
2025-12-17 15:44:40,385 - INFO - Security event logged: VIDEO_gesture_candidate - unknown
2025-12-17 15:44:40,386 - INFO - Saved evidence clip: evidence/videos/gesture_candidate_unknown_20251217_154440.avi
2025-12-17 15:44:40,399 - ERROR - Error queueing clip for gesture: Object of type int32 is not JSON serializable
2025-12-17 15:44:40,451 - INFO - Tracking servo moved to 108°
2025-12-17 15:44:40,534 - INFO - Security event logged: TRACKING_MOVEMENT - unknown
2025-12-17 15:44:40,813 - INFO - Security event logged: VIDEO_gesture_candidate - unknown
2025-12-17 15:44:40,814 - INFO - Saved evidence clip: evidence/videos/gesture_candidate_unknown_20251217_154440.avi
2025-12-17 15:44:40,831 - ERROR - Error queueing clip for gesture: Object of type int32 is not JSON serializable
2025-12-17 15:44:41,355 - INFO - Tracking servo moved to 112°
2025-12-17 15:44:41,437 - INFO - Security event logged: TRACKING_MOVEMENT - unknown
2025-12-17 15:44:41,701 - INFO - Security event logged: VIDEO_gesture_candidate - unknown
2025-12-17 15:44:41,701 - INFO - Saved evidence clip: evidence/videos/gesture_candidate_unknown_20251217_154441.avi
2025-12-17 15:44:41,717 - ERROR - Error queueing clip for gesture: Object of type int32 is not JSON serializable
2025-12-17 15:44:42,089 - INFO - DOOR LOCKED - Servo 1 rotated 0°
2025-12-17 15:44:42,153 - INFO - Gesture result poller stopped
2025-12-17 15:44:42,209 - INFO - Security event logged: DOOR_LOCKED - system
2025-12-17 15:44:42,209 - INFO - Security System stopped and cleaned up
2025-12-17 15:54:54,631 - INFO - Face recognition model loaded successfully
2025-12-17 15:54:54,632 - INFO - Known faces: ['owner']
2025-12-17 15:54:54,635 - INFO - Database setup completed
2025-12-17 15:54:54,635 - INFO - File storage setup completed
2025-12-17 15:54:54,636 - WARNING - Could not establish serial connection: could not open port 'COM11': FileNotFoundError(2, 'The system cannot find the file specified.', None, 2). Running in simulation mode.
2025-12-17 15:54:54,636 - INFO - Camera Tracking System initialized
2025-12-17 15:54:54,669 - WARNING - 🚨 SECURITY ALERT: SUSPICIOUS_MOTION
2025-12-17 15:54:54,678 - WARNING - Alert logged: SUSPICIOUS_MOTION - HIGH - Suspicious movement detected near entrance
2025-12-17 15:54:54,679 - INFO - 📱 SMS to POLICE: SECURITY ALERT: SUSPICIOUS_MOTION - Suspicious movement detected near entrance - Location: Your Address
2025-12-17 15:54:54,679 - INFO - 📱 SMS to OWNER: HOME SECURITY: SUSPICIOUS_MOTION - Suspicious movement detected near entrance
2025-12-17 15:54:54,745 - INFO - Security event logged: GSM_ALERT_SENT - system
2025-12-17 15:54:54,746 - INFO - 🔒 SECURITY RELAY ACTIVATED - Additional security measures enabled
2025-12-17 15:54:54,848 - INFO - Security event logged: RELAY_ACTIVATED - system
2025-12-17 17:14:00,044 - INFO - Face recognition model loaded successfully
2025-12-17 17:14:00,044 - INFO - Known faces: ['owner']
2025-12-17 17:14:00,046 - INFO - Database setup completed
2025-12-17 17:14:00,047 - INFO - File storage setup completed
2025-12-17 17:14:00,047 - WARNING - Could not establish serial connection: could not open port 'COM11': FileNotFoundError(2, 'The system cannot find the file specified.', None, 2). Running in simulation mode.
2025-12-17 17:14:00,047 - INFO - Camera Tracking System initialized
2025-12-17 17:14:00,048 - INFO - Gesture result poller started
2025-12-17 17:14:00,048 - INFO - Security System STARTED - Press 'q' to quit, 't' to train, 'l' to lock door
2025-12-17 17:14:02,038 - WARNING - 🚨 SECURITY ALERT: SUSPICIOUS_MOTION
2025-12-17 17:14:02,069 - WARNING - Alert logged: SUSPICIOUS_MOTION - HIGH - Suspicious movement detected near entrance
2025-12-17 17:14:02,069 - INFO - 📱 SMS to POLICE: SECURITY ALERT: SUSPICIOUS_MOTION - Suspicious movement detected near entrance - Location: Your Address
2025-12-17 17:14:02,070 - INFO - 📱 SMS to OWNER: HOME SECURITY: SUSPICIOUS_MOTION - Suspicious movement detected near entrance
2025-12-17 17:14:02,150 - INFO - Security event logged: GSM_ALERT_SENT - system
2025-12-17 17:14:02,152 - INFO - 🔒 SECURITY RELAY ACTIVATED - Additional security measures enabled
2025-12-17 17:14:02,238 - INFO - Security event logged: RELAY_ACTIVATED - system
2025-12-17 17:14:02,329 - ERROR - Can't receive frame from camera
2025-12-17 17:14:02,329 - INFO - Security System stopped and cleaned up
2025-12-17 17:16:00,026 - INFO - Face recognition model loaded successfully
2025-12-17 17:16:00,026 - INFO - Known faces: ['owner']
2025-12-17 17:16:00,031 - INFO - Database setup completed
2025-12-17 17:16:00,031 - INFO - File storage setup completed
2025-12-17 17:16:00,032 - WARNING - Could not establish serial connection: could not open port 'COM11': FileNotFoundError(2, 'The system cannot find the file specified.', None, 2). Running in simulation mode.
2025-12-17 17:16:00,032 - INFO - Camera Tracking System initialized
2025-12-17 17:16:00,034 - INFO - Gesture result poller started
2025-12-17 17:16:00,034 - INFO - Security System STARTED - Press 'q' to quit, 't' to train, 'l' to lock door
2025-12-17 17:16:01,885 - WARNING - 🚨 SECURITY ALERT: SUSPICIOUS_MOTION
2025-12-17 17:16:01,896 - WARNING - Alert logged: SUSPICIOUS_MOTION - HIGH - Suspicious movement detected near entrance
2025-12-17 17:16:01,896 - INFO - 📱 SMS to POLICE: SECURITY ALERT: SUSPICIOUS_MOTION - Suspicious movement detected near entrance - Location: Your Address
2025-12-17 17:16:01,896 - INFO - 📱 SMS to OWNER: HOME SECURITY: SUSPICIOUS_MOTION - Suspicious movement detected near entrance
2025-12-17 17:16:01,988 - INFO - Security event logged: GSM_ALERT_SENT - system
2025-12-17 17:16:01,988 - INFO - 🔒 SECURITY RELAY ACTIVATED - Additional security measures enabled
2025-12-17 17:16:02,081 - INFO - Security event logged: RELAY_ACTIVATED - system
2025-12-17 17:16:02,173 - ERROR - Can't receive frame from camera
2025-12-17 17:16:02,173 - INFO - Security System stopped and cleaned up
2025-12-17 17:17:34,330 - INFO - Face recognition model loaded successfully
2025-12-17 17:17:34,330 - INFO - Known faces: ['owner']
2025-12-17 17:17:34,333 - INFO - Database setup completed
2025-12-17 17:17:34,333 - INFO - File storage setup completed
2025-12-17 17:17:34,334 - WARNING - Could not establish serial connection: could not open port 'COM11': FileNotFoundError(2, 'The system cannot find the file specified.', None, 2). Running in simulation mode.
2025-12-17 17:17:34,334 - INFO - Camera Tracking System initialized
2025-12-17 17:17:58,367 - INFO - Camera initialized successfully
2025-12-17 17:17:58,369 - INFO - Gesture result poller started
2025-12-17 17:17:58,369 - INFO - Security System STARTED - Press 'q' to quit, 't' to train, 'l' to lock door
2025-12-17 17:17:58,762 - WARNING - 🚨 SECURITY ALERT: SUSPICIOUS_MOTION
2025-12-17 17:17:58,771 - WARNING - Alert logged: SUSPICIOUS_MOTION - HIGH - Suspicious movement detected near entrance
2025-12-17 17:17:58,771 - INFO - 📱 SMS to POLICE: SECURITY ALERT: SUSPICIOUS_MOTION - Suspicious movement detected near entrance - Location: Your Address
2025-12-17 17:17:58,771 - INFO - 📱 SMS to OWNER: HOME SECURITY: SUSPICIOUS_MOTION - Suspicious movement detected near entrance
2025-12-17 17:17:58,919 - INFO - Security event logged: GSM_ALERT_SENT - system
2025-12-17 17:17:58,919 - INFO - 🔒 SECURITY RELAY ACTIVATED - Additional security measures enabled
2025-12-17 17:17:59,040 - INFO - Security event logged: RELAY_ACTIVATED - system
2025-12-17 17:18:01,677 - WARNING - Unknown person detected - starting tracking
2025-12-17 17:18:01,678 - WARNING - 🚨 SECURITY ALERT: INTRUDER_DETECTED
2025-12-17 17:18:01,691 - WARNING - Alert logged: INTRUDER_DETECTED - CRITICAL - Unknown person attempting access
2025-12-17 17:18:01,691 - INFO - 📱 SMS to POLICE: SECURITY ALERT: INTRUDER_DETECTED - Unknown person attempting access - Location: Your Address
2025-12-17 17:18:01,692 - INFO - 📱 SMS to OWNER: HOME SECURITY: INTRUDER_DETECTED - Unknown person attempting access
2025-12-17 17:18:01,813 - INFO - Security event logged: GSM_ALERT_SENT - system
2025-12-17 17:18:01,813 - INFO - 🔒 SECURITY RELAY ACTIVATED - Additional security measures enabled
2025-12-17 17:18:01,939 - INFO - Security event logged: RELAY_ACTIVATED - system
2025-12-17 17:18:01,940 - INFO - Tracking servo moved to 117°
2025-12-17 17:18:02,080 - INFO - Security event logged: TRACKING_MOVEMENT - unknown
2025-12-17 17:18:02,477 - INFO - Security event logged: VIDEO_gesture_candidate - unknown
2025-12-17 17:18:02,477 - INFO - Saved evidence clip: evidence/videos/gesture_candidate_unknown_20251217_171802.avi
2025-12-17 17:18:02,509 - ERROR - Error queueing clip for gesture: Object of type int32 is not JSON serializable
2025-12-17 17:18:05,801 - INFO - Tracking servo moved to 96°
2025-12-17 17:18:06,002 - INFO - Security event logged: TRACKING_MOVEMENT - unknown
2025-12-17 17:18:06,554 - INFO - Security event logged: VIDEO_gesture_candidate - unknown
2025-12-17 17:18:06,555 - INFO - Saved evidence clip: evidence/videos/gesture_candidate_unknown_20251217_171806.avi
2025-12-17 17:18:06,592 - ERROR - Error queueing clip for gesture: Object of type int32 is not JSON serializable
2025-12-17 17:18:06,705 - INFO - Tracking servo moved to 90°
2025-12-17 17:18:06,903 - INFO - Security event logged: TRACKING_MOVEMENT - unknown
2025-12-17 17:18:07,025 - WARNING - Unknown person detected - starting tracking
2025-12-17 17:18:07,026 - WARNING - 🚨 SECURITY ALERT: INTRUDER_DETECTED
2025-12-17 17:18:07,044 - WARNING - Alert logged: INTRUDER_DETECTED - CRITICAL - Unknown person attempting access
2025-12-17 17:18:07,045 - INFO - 📱 SMS to POLICE: SECURITY ALERT: INTRUDER_DETECTED - Unknown person attempting access - Location: Your Address
2025-12-17 17:18:07,045 - INFO - 📱 SMS to OWNER: HOME SECURITY: INTRUDER_DETECTED - Unknown person attempting access
2025-12-17 17:18:07,242 - INFO - Security event logged: GSM_ALERT_SENT - system
2025-12-17 17:18:07,245 - INFO - 🔒 SECURITY RELAY ACTIVATED - Additional security measures enabled
2025-12-17 17:18:07,441 - INFO - Security event logged: RELAY_ACTIVATED - system
2025-12-17 17:18:07,444 - INFO - Tracking servo moved to 67°
2025-12-17 17:18:07,646 - INFO - Security event logged: TRACKING_MOVEMENT - unknown
2025-12-17 17:18:08,194 - INFO - Security event logged: VIDEO_gesture_candidate - unknown
2025-12-17 17:18:08,195 - INFO - Saved evidence clip: evidence/videos/gesture_candidate_unknown_20251217_171807.avi
2025-12-17 17:18:08,230 - ERROR - Error queueing clip for gesture: Object of type int32 is not JSON serializable
2025-12-17 17:18:08,330 - INFO - Tracking servo moved to 46°
2025-12-17 17:18:08,524 - INFO - Security event logged: TRACKING_MOVEMENT - unknown
2025-12-17 17:18:09,028 - INFO - Security event logged: VIDEO_gesture_candidate - unknown
2025-12-17 17:18:09,028 - INFO - Saved evidence clip: evidence/videos/gesture_candidate_unknown_20251217_171808.avi
2025-12-17 17:18:09,056 - ERROR - Error queueing clip for gesture: Object of type int32 is not JSON serializable
2025-12-17 17:18:12,092 - INFO - Tracking servo moved to 90°
2025-12-17 17:18:12,335 - INFO - Security event logged: TRACKING_MOVEMENT - unknown
2025-12-17 17:18:58,834 - WARNING - 🚨 SECURITY ALERT: SUSPICIOUS_MOTION
2025-12-17 17:18:58,849 - WARNING - Alert logged: SUSPICIOUS_MOTION - HIGH - Suspicious movement detected near entrance
2025-12-17 17:18:58,849 - INFO - 📱 SMS to POLICE: SECURITY ALERT: SUSPICIOUS_MOTION - Suspicious movement detected near entrance - Location: Your Address
2025-12-17 17:18:58,849 - INFO - 📱 SMS to OWNER: HOME SECURITY: SUSPICIOUS_MOTION - Suspicious movement detected near entrance
2025-12-17 17:18:59,049 - INFO - Security event logged: GSM_ALERT_SENT - system
2025-12-17 17:18:59,050 - INFO - 🔒 SECURITY RELAY ACTIVATED - Additional security measures enabled
2025-12-17 17:18:59,260 - INFO - Security event logged: RELAY_ACTIVATED - system
2025-12-17 17:19:17,614 - WARNING - Unknown person detected - starting tracking
2025-12-17 17:19:17,614 - WARNING - 🚨 SECURITY ALERT: INTRUDER_DETECTED
2025-12-17 17:19:17,627 - WARNING - Alert logged: INTRUDER_DETECTED - CRITICAL - Unknown person attempting access
2025-12-17 17:19:17,627 - INFO - 📱 SMS to POLICE: SECURITY ALERT: INTRUDER_DETECTED - Unknown person attempting access - Location: Your Address
2025-12-17 17:19:17,628 - INFO - 📱 SMS to OWNER: HOME SECURITY: INTRUDER_DETECTED - Unknown person attempting access
2025-12-17 17:19:17,749 - INFO - Security event logged: GSM_ALERT_SENT - system
2025-12-17 17:19:17,750 - INFO - 🔒 SECURITY RELAY ACTIVATED - Additional security measures enabled
2025-12-17 17:19:17,883 - INFO - Security event logged: RELAY_ACTIVATED - system
2025-12-17 17:19:17,883 - INFO - Tracking servo moved to 56°
2025-12-17 17:19:18,012 - INFO - Security event logged: TRACKING_MOVEMENT - unknown
2025-12-17 17:19:18,432 - INFO - Security event logged: VIDEO_gesture_candidate - unknown
2025-12-17 17:19:18,433 - INFO - Saved evidence clip: evidence/videos/gesture_candidate_unknown_20251217_171918.avi
2025-12-17 17:19:18,459 - ERROR - Error queueing clip for gesture: Object of type int32 is not JSON serializable
2025-12-17 17:19:18,835 - INFO - Tracking servo moved to 70°
2025-12-17 17:19:18,960 - INFO - Security event logged: TRACKING_MOVEMENT - unknown
2025-12-17 17:19:19,379 - INFO - Security event logged: VIDEO_gesture_candidate - unknown
2025-12-17 17:19:19,379 - INFO - Saved evidence clip: evidence/videos/gesture_candidate_unknown_20251217_171918.avi
2025-12-17 17:19:19,408 - ERROR - Error queueing clip for gesture: Object of type int32 is not JSON serializable
2025-12-17 17:19:22,554 - INFO - Tracking servo moved to 98°
2025-12-17 17:19:22,672 - INFO - Security event logged: TRACKING_MOVEMENT - unknown
2025-12-17 17:19:23,077 - INFO - Security event logged: VIDEO_gesture_candidate - unknown
2025-12-17 17:19:23,078 - INFO - Saved evidence clip: evidence/videos/gesture_candidate_unknown_20251217_171922.avi
2025-12-17 17:19:23,100 - ERROR - Error queueing clip for gesture: Object of type int32 is not JSON serializable
2025-12-17 17:19:23,181 - INFO - Tracking servo moved to 90°
2025-12-17 17:19:23,311 - INFO - Security event logged: TRACKING_MOVEMENT - unknown
2025-12-17 17:19:23,379 - WARNING - Unknown person detected - starting tracking
2025-12-17 17:19:23,379 - WARNING - 🚨 SECURITY ALERT: INTRUDER_DETECTED
2025-12-17 17:19:23,393 - WARNING - Alert logged: INTRUDER_DETECTED - CRITICAL - Unknown person attempting access
2025-12-17 17:19:23,393 - INFO - 📱 SMS to POLICE: SECURITY ALERT: INTRUDER_DETECTED - Unknown person attempting access - Location: Your Address
2025-12-17 17:19:23,393 - INFO - 📱 SMS to OWNER: HOME SECURITY: INTRUDER_DETECTED - Unknown person attempting access
2025-12-17 17:19:23,523 - INFO - Security event logged: GSM_ALERT_SENT - system
2025-12-17 17:19:23,524 - INFO - 🔒 SECURITY RELAY ACTIVATED - Additional security measures enabled
2025-12-17 17:19:23,650 - INFO - Security event logged: RELAY_ACTIVATED - system
2025-12-17 17:19:23,650 - INFO - Tracking servo moved to 119°
2025-12-17 17:19:23,785 - INFO - Security event logged: TRACKING_MOVEMENT - unknown
2025-12-17 17:19:24,340 - INFO - Security event logged: VIDEO_gesture_candidate - unknown
2025-12-17 17:19:24,341 - INFO - Saved evidence clip: evidence/videos/gesture_candidate_unknown_20251217_171923.avi
2025-12-17 17:19:24,362 - ERROR - Error queueing clip for gesture: Object of type int32 is not JSON serializable
2025-12-17 17:19:25,969 - INFO - Tracking servo moved to 148°
2025-12-17 17:19:26,097 - INFO - Security event logged: TRACKING_MOVEMENT - unknown
2025-12-17 17:19:26,496 - INFO - Security event logged: VIDEO_gesture_candidate - unknown
2025-12-17 17:19:26,497 - INFO - Saved evidence clip: evidence/videos/gesture_candidate_unknown_20251217_171926.avi
2025-12-17 17:19:26,531 - ERROR - Error queueing clip for gesture: Object of type int32 is not JSON serializable
2025-12-17 17:19:28,404 - INFO - Tracking servo moved to 90°
2025-12-17 17:19:28,529 - INFO - Security event logged: TRACKING_MOVEMENT - unknown
2025-12-17 17:20:14,593 - WARNING - 🚨 SECURITY ALERT: SUSPICIOUS_MOTION
2025-12-17 17:20:14,620 - WARNING - Alert logged: SUSPICIOUS_MOTION - HIGH - Suspicious movement detected near entrance
2025-12-17 17:20:14,620 - INFO - 📱 SMS to POLICE: SECURITY ALERT: SUSPICIOUS_MOTION - Suspicious movement detected near entrance - Location: Your Address
2025-12-17 17:20:14,620 - INFO - 📱 SMS to OWNER: HOME SECURITY: SUSPICIOUS_MOTION - Suspicious movement detected near entrance
2025-12-17 17:20:14,812 - INFO - Security event logged: GSM_ALERT_SENT - system
2025-12-17 17:20:14,813 - INFO - 🔒 SECURITY RELAY ACTIVATED - Additional security measures enabled
2025-12-17 17:20:15,011 - INFO - Security event logged: RELAY_ACTIVATED - system
2025-12-17 17:20:31,563 - WARNING - Unknown person detected - starting tracking
2025-12-17 17:20:31,563 - WARNING - 🚨 SECURITY ALERT: INTRUDER_DETECTED
2025-12-17 17:20:31,579 - WARNING - Alert logged: INTRUDER_DETECTED - CRITICAL - Unknown person attempting access
2025-12-17 17:20:31,579 - INFO - 📱 SMS to POLICE: SECURITY ALERT: INTRUDER_DETECTED - Unknown person attempting access - Location: Your Address
2025-12-17 17:20:31,580 - INFO - 📱 SMS to OWNER: HOME SECURITY: INTRUDER_DETECTED - Unknown person attempting access
2025-12-17 17:20:31,763 - INFO - Security event logged: GSM_ALERT_SENT - system
2025-12-17 17:20:31,764 - INFO - 🔒 SECURITY RELAY ACTIVATED - Additional security measures enabled
2025-12-17 17:20:31,955 - INFO - Security event logged: RELAY_ACTIVATED - system
2025-12-17 17:20:31,956 - INFO - Tracking servo moved to 56°
2025-12-17 17:20:32,085 - INFO - Security event logged: TRACKING_MOVEMENT - unknown
2025-12-17 17:20:32,468 - INFO - Security event logged: VIDEO_gesture_candidate - unknown
2025-12-17 17:20:32,468 - INFO - Saved evidence clip: evidence/videos/gesture_candidate_unknown_20251217_172032.avi
2025-12-17 17:20:32,493 - ERROR - Error queueing clip for gesture: Object of type int32 is not JSON serializable
2025-12-17 17:20:36,589 - INFO - Tracking servo moved to 90°
2025-12-17 17:20:36,713 - INFO - Security event logged: TRACKING_MOVEMENT - unknown
2025-12-17 17:20:39,908 - WARNING - Unknown person detected - starting tracking
2025-12-17 17:20:39,908 - WARNING - 🚨 SECURITY ALERT: INTRUDER_DETECTED
2025-12-17 17:20:39,919 - WARNING - Alert logged: INTRUDER_DETECTED - CRITICAL - Unknown person attempting access
2025-12-17 17:20:39,919 - INFO - 📱 SMS to POLICE: SECURITY ALERT: INTRUDER_DETECTED - Unknown person attempting access - Location: Your Address
2025-12-17 17:20:39,919 - INFO - 📱 SMS to OWNER: HOME SECURITY: INTRUDER_DETECTED - Unknown person attempting access
2025-12-17 17:20:40,065 - INFO - Security event logged: GSM_ALERT_SENT - system
2025-12-17 17:20:40,066 - INFO - 🔒 SECURITY RELAY ACTIVATED - Additional security measures enabled
2025-12-17 17:20:40,186 - INFO - Security event logged: RELAY_ACTIVATED - system
2025-12-17 17:20:40,186 - INFO - Tracking servo moved to 58°
2025-12-17 17:20:40,308 - INFO - Security event logged: TRACKING_MOVEMENT - unknown
2025-12-17 17:20:40,683 - INFO - Security event logged: VIDEO_gesture_candidate - unknown
2025-12-17 17:20:40,683 - INFO - Saved evidence clip: evidence/videos/gesture_candidate_unknown_20251217_172040.avi
2025-12-17 17:20:40,704 - ERROR - Error queueing clip for gesture: Object of type int32 is not JSON serializable
2025-12-17 17:20:43,042 - INFO - Face recognition model loaded successfully
2025-12-17 17:20:43,044 - INFO - Known faces: ['owner']
2025-12-17 17:20:43,049 - INFO - Database setup completed
2025-12-17 17:20:43,049 - INFO - File storage setup completed
2025-12-17 17:20:43,050 - WARNING - Could not establish serial connection: could not open port 'COM11': FileNotFoundError(2, 'The system cannot find the file specified.', None, 2). Running in simulation mode.
2025-12-17 17:20:43,050 - INFO - Camera Tracking System initialized
2025-12-17 17:20:43,407 - INFO - Tracking servo moved to 66°
2025-12-17 17:20:43,525 - INFO - Security event logged: TRACKING_MOVEMENT - unknown
2025-12-17 17:20:43,903 - INFO - Security event logged: VIDEO_gesture_candidate - unknown
2025-12-17 17:20:43,903 - INFO - Saved evidence clip: evidence/videos/gesture_candidate_unknown_20251217_172043.avi
2025-12-17 17:20:43,925 - ERROR - Error queueing clip for gesture: Object of type int32 is not JSON serializable
2025-12-17 17:20:44,959 - INFO - Tracking servo moved to 90°
2025-12-17 17:20:45,149 - INFO - Security event logged: TRACKING_MOVEMENT - unknown
2025-12-17 17:20:47,549 - WARNING - Unknown person detected - starting tracking
2025-12-17 17:20:47,549 - WARNING - 🚨 SECURITY ALERT: INTRUDER_DETECTED
2025-12-17 17:20:47,559 - WARNING - Alert logged: INTRUDER_DETECTED - CRITICAL - Unknown person attempting access
2025-12-17 17:20:47,559 - INFO - 📱 SMS to POLICE: SECURITY ALERT: INTRUDER_DETECTED - Unknown person attempting access - Location: Your Address
2025-12-17 17:20:47,559 - INFO - 📱 SMS to OWNER: HOME SECURITY: INTRUDER_DETECTED - Unknown person attempting access
2025-12-17 17:20:47,630 - INFO - Security event logged: GSM_ALERT_SENT - system
2025-12-17 17:20:47,630 - INFO - 🔒 SECURITY RELAY ACTIVATED - Additional security measures enabled
2025-12-17 17:20:47,700 - INFO - Security event logged: RELAY_ACTIVATED - system
2025-12-17 17:20:47,700 - INFO - Tracking servo moved to 58°
2025-12-17 17:20:47,798 - INFO - Security event logged: TRACKING_MOVEMENT - unknown
2025-12-17 17:20:48,065 - INFO - Security event logged: VIDEO_gesture_candidate - unknown
2025-12-17 17:20:48,065 - INFO - Saved evidence clip: evidence/videos/gesture_candidate_unknown_20251217_172047.avi
2025-12-17 17:20:48,078 - ERROR - Error queueing clip for gesture: Object of type int32 is not JSON serializable
2025-12-17 17:20:48,126 - INFO - Tracking servo moved to 65°
2025-12-17 17:20:48,202 - INFO - Security event logged: TRACKING_MOVEMENT - unknown
2025-12-17 17:20:48,444 - INFO - Security event logged: VIDEO_gesture_candidate - unknown
2025-12-17 17:20:48,444 - INFO - Saved evidence clip: evidence/videos/gesture_candidate_unknown_20251217_172048.avi
2025-12-17 17:20:48,457 - ERROR - Error queueing clip for gesture: Object of type int32 is not JSON serializable
2025-12-17 17:20:48,510 - INFO - Tracking servo moved to 32°
2025-12-17 17:20:48,581 - INFO - Security event logged: TRACKING_MOVEMENT - unknown
2025-12-17 17:20:48,814 - INFO - Security event logged: VIDEO_gesture_candidate - unknown
2025-12-17 17:20:48,814 - INFO - Saved evidence clip: evidence/videos/gesture_candidate_unknown_20251217_172048.avi
2025-12-17 17:20:48,827 - ERROR - Error queueing clip for gesture: Object of type int32 is not JSON serializable
2025-12-17 17:20:48,893 - INFO - Tracking servo moved to 38°
2025-12-17 17:20:48,982 - INFO - Security event logged: TRACKING_MOVEMENT - unknown
2025-12-17 17:20:49,243 - INFO - Security event logged: VIDEO_gesture_candidate - unknown
2025-12-17 17:20:49,243 - INFO - Saved evidence clip: evidence/videos/gesture_candidate_unknown_20251217_172048.avi
2025-12-17 17:20:49,262 - ERROR - Error queueing clip for gesture: Object of type int32 is not JSON serializable
2025-12-17 17:20:49,314 - INFO - Tracking servo moved to 44°
2025-12-17 17:20:49,401 - INFO - Security event logged: TRACKING_MOVEMENT - unknown
2025-12-17 17:20:49,666 - INFO - Security event logged: VIDEO_gesture_candidate - unknown
2025-12-17 17:20:49,666 - INFO - Saved evidence clip: evidence/videos/gesture_candidate_unknown_20251217_172049.avi
2025-12-17 17:20:49,683 - ERROR - Error queueing clip for gesture: Object of type int32 is not JSON serializable
2025-12-17 17:20:49,725 - INFO - Tracking servo moved to 49°
2025-12-17 17:20:49,808 - INFO - Security event logged: TRACKING_MOVEMENT - unknown
2025-12-17 17:20:50,066 - INFO - Security event logged: VIDEO_gesture_candidate - unknown
2025-12-17 17:20:50,066 - INFO - Saved evidence clip: evidence/videos/gesture_candidate_unknown_20251217_172049.avi
2025-12-17 17:20:50,086 - ERROR - Error queueing clip for gesture: Object of type int32 is not JSON serializable
2025-12-17 17:20:50,160 - INFO - Tracking servo moved to 54°
2025-12-17 17:20:50,234 - INFO - Security event logged: TRACKING_MOVEMENT - unknown
2025-12-17 17:20:50,473 - INFO - Security event logged: VIDEO_gesture_candidate - unknown
2025-12-17 17:20:50,473 - INFO - Saved evidence clip: evidence/videos/gesture_candidate_unknown_20251217_172050.avi
2025-12-17 17:20:50,490 - ERROR - Error queueing clip for gesture: Object of type int32 is not JSON serializable
2025-12-17 17:20:50,544 - INFO - Tracking servo moved to 59°
2025-12-17 17:20:50,620 - INFO - Security event logged: TRACKING_MOVEMENT - unknown
2025-12-17 17:20:50,872 - INFO - Security event logged: VIDEO_gesture_candidate - unknown
2025-12-17 17:20:50,873 - INFO - Saved evidence clip: evidence/videos/gesture_candidate_unknown_20251217_172050.avi
2025-12-17 17:20:50,887 - ERROR - Error queueing clip for gesture: Object of type int32 is not JSON serializable
2025-12-17 17:20:50,930 - INFO - Tracking servo moved to 64°
2025-12-17 17:20:51,001 - INFO - Security event logged: TRACKING_MOVEMENT - unknown
2025-12-17 17:20:51,225 - INFO - Security event logged: VIDEO_gesture_candidate - unknown
2025-12-17 17:20:51,225 - INFO - Saved evidence clip: evidence/videos/gesture_candidate_unknown_20251217_172051.avi
2025-12-17 17:20:51,240 - ERROR - Error queueing clip for gesture: Object of type int32 is not JSON serializable
2025-12-17 17:20:51,295 - INFO - Tracking servo moved to 70°
2025-12-17 17:20:51,395 - INFO - Security event logged: TRACKING_MOVEMENT - unknown
2025-12-17 17:20:51,655 - INFO - Security event logged: VIDEO_gesture_candidate - unknown
2025-12-17 17:20:51,656 - INFO - Saved evidence clip: evidence/videos/gesture_candidate_unknown_20251217_172051.avi
2025-12-17 17:20:51,668 - ERROR - Error queueing clip for gesture: Object of type int32 is not JSON serializable
2025-12-17 17:20:51,732 - INFO - Tracking servo moved to 73°
2025-12-17 17:20:51,802 - INFO - Security event logged: TRACKING_MOVEMENT - unknown
2025-12-17 17:20:52,027 - INFO - Security event logged: VIDEO_gesture_candidate - unknown
2025-12-17 17:20:52,029 - INFO - Saved evidence clip: evidence/videos/gesture_candidate_unknown_20251217_172051.avi
2025-12-17 17:20:52,041 - ERROR - Error queueing clip for gesture: Object of type int32 is not JSON serializable
2025-12-17 17:20:52,086 - INFO - Tracking servo moved to 78°
2025-12-17 17:20:52,161 - INFO - Security event logged: TRACKING_MOVEMENT - unknown
2025-12-17 17:20:52,382 - INFO - Security event logged: VIDEO_gesture_candidate - unknown
2025-12-17 17:20:52,382 - INFO - Saved evidence clip: evidence/videos/gesture_candidate_unknown_20251217_172052.avi
2025-12-17 17:20:52,396 - ERROR - Error queueing clip for gesture: Object of type int32 is not JSON serializable
2025-12-17 17:20:52,490 - INFO - Tracking servo moved to 85°
2025-12-17 17:20:52,567 - INFO - Security event logged: TRACKING_MOVEMENT - unknown
2025-12-17 17:20:52,802 - INFO - Security event logged: VIDEO_gesture_candidate - unknown
2025-12-17 17:20:52,802 - INFO - Saved evidence clip: evidence/videos/gesture_candidate_unknown_20251217_172052.avi
2025-12-17 17:20:52,816 - ERROR - Error queueing clip for gesture: Object of type int32 is not JSON serializable
2025-12-17 17:20:52,863 - INFO - Tracking servo moved to 91°
2025-12-17 17:20:52,947 - INFO - Security event logged: TRACKING_MOVEMENT - unknown
2025-12-17 17:20:53,232 - INFO - Security event logged: VIDEO_gesture_candidate - unknown
2025-12-17 17:20:53,232 - INFO - Saved evidence clip: evidence/videos/gesture_candidate_unknown_20251217_172052.avi
2025-12-17 17:20:53,246 - ERROR - Error queueing clip for gesture: Object of type int32 is not JSON serializable
2025-12-17 17:20:53,290 - INFO - Tracking servo moved to 94°
2025-12-17 17:20:53,381 - INFO - Security event logged: TRACKING_MOVEMENT - unknown
2025-12-17 17:20:53,645 - INFO - Security event logged: VIDEO_gesture_candidate - unknown
2025-12-17 17:20:53,646 - INFO - Saved evidence clip: evidence/videos/gesture_candidate_unknown_20251217_172053.avi
2025-12-17 17:20:53,667 - ERROR - Error queueing clip for gesture: Object of type int32 is not JSON serializable
2025-12-17 17:20:53,714 - INFO - Tracking servo moved to 90°
2025-12-17 17:20:53,792 - INFO - Security event logged: TRACKING_MOVEMENT - unknown
2025-12-17 17:20:53,928 - WARNING - Unknown person detected - starting tracking
2025-12-17 17:20:53,928 - WARNING - 🚨 SECURITY ALERT: INTRUDER_DETECTED
2025-12-17 17:20:53,939 - WARNING - Alert logged: INTRUDER_DETECTED - CRITICAL - Unknown person attempting access
2025-12-17 17:20:53,939 - INFO - 📱 SMS to POLICE: SECURITY ALERT: INTRUDER_DETECTED - Unknown person attempting access - Location: Your Address
2025-12-17 17:20:53,939 - INFO - 📱 SMS to OWNER: HOME SECURITY: INTRUDER_DETECTED - Unknown person attempting access
2025-12-17 17:20:54,011 - INFO - Security event logged: GSM_ALERT_SENT - system
2025-12-17 17:20:54,011 - INFO - 🔒 SECURITY RELAY ACTIVATED - Additional security measures enabled
2025-12-17 17:20:54,093 - INFO - Security event logged: RELAY_ACTIVATED - system
2025-12-17 17:20:54,094 - INFO - Tracking servo moved to 94°
2025-12-17 17:20:54,169 - INFO - Security event logged: TRACKING_MOVEMENT - unknown
2025-12-17 17:20:54,415 - INFO - Security event logged: VIDEO_gesture_candidate - unknown
2025-12-17 17:20:54,415 - INFO - Saved evidence clip: evidence/videos/gesture_candidate_unknown_20251217_172054.avi
2025-12-17 17:20:54,432 - ERROR - Error queueing clip for gesture: Object of type int32 is not JSON serializable
2025-12-17 17:20:54,473 - INFO - Tracking servo moved to 99°
2025-12-17 17:20:54,546 - INFO - Security event logged: TRACKING_MOVEMENT - unknown
2025-12-17 17:20:54,769 - INFO - Security event logged: VIDEO_gesture_candidate - unknown
2025-12-17 17:20:54,770 - INFO - Saved evidence clip: evidence/videos/gesture_candidate_unknown_20251217_172054.avi
2025-12-17 17:20:54,788 - ERROR - Error queueing clip for gesture: Object of type int32 is not JSON serializable
2025-12-17 17:20:54,839 - INFO - Tracking servo moved to 104°
2025-12-17 17:20:54,917 - INFO - Security event logged: TRACKING_MOVEMENT - unknown
2025-12-17 17:20:55,301 - INFO - Security event logged: VIDEO_gesture_candidate - unknown
2025-12-17 17:20:55,302 - INFO - Saved evidence clip: evidence/videos/gesture_candidate_unknown_20251217_172054.avi
2025-12-17 17:20:55,323 - ERROR - Error queueing clip for gesture: Object of type int32 is not JSON serializable
2025-12-17 17:20:55,366 - INFO - Tracking servo moved to 108°
2025-12-17 17:20:55,456 - INFO - Security event logged: TRACKING_MOVEMENT - unknown
2025-12-17 17:20:55,689 - INFO - Security event logged: VIDEO_gesture_candidate - unknown
2025-12-17 17:20:55,690 - INFO - Saved evidence clip: evidence/videos/gesture_candidate_unknown_20251217_172055.avi
2025-12-17 17:20:55,702 - ERROR - Error queueing clip for gesture: Object of type int32 is not JSON serializable
2025-12-17 17:20:55,770 - INFO - Tracking servo moved to 112°
2025-12-17 17:20:55,852 - INFO - Security event logged: TRACKING_MOVEMENT - unknown
2025-12-17 17:20:56,131 - INFO - Security event logged: VIDEO_gesture_candidate - unknown
2025-12-17 17:20:56,133 - INFO - Saved evidence clip: evidence/videos/gesture_candidate_unknown_20251217_172055.avi
2025-12-17 17:20:56,149 - ERROR - Error queueing clip for gesture: Object of type int32 is not JSON serializable
2025-12-17 17:20:56,202 - INFO - Tracking servo moved to 116°
2025-12-17 17:20:56,313 - INFO - Security event logged: TRACKING_MOVEMENT - unknown
2025-12-17 17:20:56,583 - INFO - Security event logged: VIDEO_gesture_candidate - unknown
2025-12-17 17:20:56,583 - INFO - Saved evidence clip: evidence/videos/gesture_candidate_unknown_20251217_172056.avi
2025-12-17 17:20:56,601 - ERROR - Error queueing clip for gesture: Object of type int32 is not JSON serializable
2025-12-17 17:20:56,650 - INFO - Tracking servo moved to 120°
2025-12-17 17:20:56,770 - INFO - Security event logged: TRACKING_MOVEMENT - unknown
2025-12-17 17:20:57,081 - INFO - Security event logged: VIDEO_gesture_candidate - unknown
2025-12-17 17:20:57,081 - INFO - Saved evidence clip: evidence/videos/gesture_candidate_unknown_20251217_172056.avi
2025-12-17 17:20:57,095 - ERROR - Error queueing clip for gesture: Object of type int32 is not JSON serializable
2025-12-17 17:20:57,151 - INFO - Tracking servo moved to 125°
2025-12-17 17:20:57,259 - INFO - Security event logged: TRACKING_MOVEMENT - unknown
2025-12-17 17:20:57,510 - INFO - Security event logged: VIDEO_gesture_candidate - unknown
2025-12-17 17:20:57,510 - INFO - Saved evidence clip: evidence/videos/gesture_candidate_unknown_20251217_172057.avi
2025-12-17 17:20:57,523 - ERROR - Error queueing clip for gesture: Object of type int32 is not JSON serializable
2025-12-17 17:20:57,579 - INFO - Tracking servo moved to 129°
2025-12-17 17:20:57,651 - INFO - Security event logged: TRACKING_MOVEMENT - unknown
2025-12-17 17:20:57,880 - INFO - Security event logged: VIDEO_gesture_candidate - unknown
2025-12-17 17:20:57,880 - INFO - Saved evidence clip: evidence/videos/gesture_candidate_unknown_20251217_172057.avi
2025-12-17 17:20:57,894 - ERROR - Error queueing clip for gesture: Object of type int32 is not JSON serializable
2025-12-17 17:20:57,940 - INFO - Tracking servo moved to 133°
2025-12-17 17:20:58,015 - INFO - Security event logged: TRACKING_MOVEMENT - unknown
2025-12-17 17:20:58,258 - INFO - Security event logged: VIDEO_gesture_candidate - unknown
2025-12-17 17:20:58,259 - INFO - Saved evidence clip: evidence/videos/gesture_candidate_unknown_20251217_172058.avi
2025-12-17 17:20:58,272 - ERROR - Error queueing clip for gesture: Object of type int32 is not JSON serializable
2025-12-17 17:20:58,326 - INFO - Tracking servo moved to 137°
2025-12-17 17:20:58,403 - INFO - Security event logged: TRACKING_MOVEMENT - unknown
2025-12-17 17:20:58,644 - INFO - Security event logged: VIDEO_gesture_candidate - unknown
2025-12-17 17:20:58,644 - INFO - Saved evidence clip: evidence/videos/gesture_candidate_unknown_20251217_172058.avi
2025-12-17 17:20:58,659 - ERROR - Error queueing clip for gesture: Object of type int32 is not JSON serializable
2025-12-17 17:20:58,711 - INFO - Tracking servo moved to 141°
2025-12-17 17:20:58,797 - INFO - Security event logged: TRACKING_MOVEMENT - unknown
2025-12-17 17:20:59,099 - INFO - Security event logged: VIDEO_gesture_candidate - unknown
2025-12-17 17:20:59,099 - INFO - Saved evidence clip: evidence/videos/gesture_candidate_unknown_20251217_172058.avi
2025-12-17 17:20:59,112 - ERROR - Error queueing clip for gesture: Object of type int32 is not JSON serializable
2025-12-17 17:20:59,167 - INFO - Tracking servo moved to 145°
2025-12-17 17:20:59,255 - INFO - Security event logged: TRACKING_MOVEMENT - unknown
2025-12-17 17:20:59,480 - INFO - Security event logged: VIDEO_gesture_candidate - unknown
2025-12-17 17:20:59,481 - INFO - Saved evidence clip: evidence/videos/gesture_candidate_unknown_20251217_172059.avi
2025-12-17 17:20:59,493 - ERROR - Error queueing clip for gesture: Object of type int32 is not JSON serializable
2025-12-17 17:20:59,547 - INFO - Tracking servo moved to 149°
2025-12-17 17:20:59,618 - INFO - Security event logged: TRACKING_MOVEMENT - unknown
2025-12-17 17:20:59,879 - INFO - Security event logged: VIDEO_gesture_candidate - unknown
2025-12-17 17:20:59,879 - INFO - Saved evidence clip: evidence/videos/gesture_candidate_unknown_20251217_172059.avi
2025-12-17 17:20:59,891 - ERROR - Error queueing clip for gesture: Object of type int32 is not JSON serializable
2025-12-17 17:20:59,934 - INFO - Tracking servo moved to 152°
2025-12-17 17:21:00,007 - INFO - Security event logged: TRACKING_MOVEMENT - unknown
2025-12-17 17:21:00,244 - INFO - Security event logged: VIDEO_gesture_candidate - unknown
2025-12-17 17:21:00,244 - INFO - Saved evidence clip: evidence/videos/gesture_candidate_unknown_20251217_172100.avi
2025-12-17 17:21:00,258 - ERROR - Error queueing clip for gesture: Object of type int32 is not JSON serializable
2025-12-17 17:21:00,325 - INFO - Tracking servo moved to 155°
2025-12-17 17:21:00,442 - INFO - Security event logged: TRACKING_MOVEMENT - unknown
2025-12-17 17:21:00,680 - INFO - Security event logged: VIDEO_gesture_candidate - unknown
2025-12-17 17:21:00,680 - INFO - Saved evidence clip: evidence/videos/gesture_candidate_unknown_20251217_172100.avi
2025-12-17 17:21:00,694 - ERROR - Error queueing clip for gesture: Object of type int32 is not JSON serializable
2025-12-17 17:21:00,750 - INFO - Tracking servo moved to 158°
2025-12-17 17:21:00,828 - INFO - Security event logged: TRACKING_MOVEMENT - unknown
2025-12-17 17:21:01,082 - INFO - Security event logged: VIDEO_gesture_candidate - unknown
2025-12-17 17:21:01,082 - INFO - Saved evidence clip: evidence/videos/gesture_candidate_unknown_20251217_172100.avi
2025-12-17 17:21:01,098 - ERROR - Error queueing clip for gesture: Object of type int32 is not JSON serializable
2025-12-17 17:21:01,143 - INFO - Tracking servo moved to 161°
2025-12-17 17:21:01,215 - INFO - Security event logged: TRACKING_MOVEMENT - unknown
2025-12-17 17:21:01,467 - INFO - Security event logged: VIDEO_gesture_candidate - unknown
2025-12-17 17:21:01,468 - INFO - Saved evidence clip: evidence/videos/gesture_candidate_unknown_20251217_172101.avi
2025-12-17 17:21:01,486 - ERROR - Error queueing clip for gesture: Object of type int32 is not JSON serializable
2025-12-17 17:21:01,537 - INFO - Tracking servo moved to 164°
2025-12-17 17:21:01,640 - INFO - Security event logged: TRACKING_MOVEMENT - unknown
2025-12-17 17:21:01,887 - INFO - Security event logged: VIDEO_gesture_candidate - unknown
2025-12-17 17:21:01,887 - INFO - Saved evidence clip: evidence/videos/gesture_candidate_unknown_20251217_172101.avi
2025-12-17 17:21:01,901 - ERROR - Error queueing clip for gesture: Object of type int32 is not JSON serializable
2025-12-17 17:21:02,188 - INFO - Security event logged: VIDEO_gesture_candidate - unknown
2025-12-17 17:21:02,188 - INFO - Saved evidence clip: evidence/videos/gesture_candidate_unknown_20251217_172101.avi
2025-12-17 17:21:02,201 - ERROR - Error queueing clip for gesture: Object of type int32 is not JSON serializable
2025-12-17 17:21:02,510 - INFO - Security event logged: VIDEO_gesture_candidate - unknown
2025-12-17 17:21:02,511 - INFO - Saved evidence clip: evidence/videos/gesture_candidate_unknown_20251217_172102.avi
2025-12-17 17:21:02,533 - ERROR - Error queueing clip for gesture: Object of type int32 is not JSON serializable
2025-12-17 17:21:02,842 - INFO - Security event logged: VIDEO_gesture_candidate - unknown
2025-12-17 17:21:02,842 - INFO - Saved evidence clip: evidence/videos/gesture_candidate_unknown_20251217_172102.avi
2025-12-17 17:21:02,859 - ERROR - Error queueing clip for gesture: Object of type int32 is not JSON serializable
2025-12-17 17:21:02,917 - INFO - Tracking servo moved to 167°
2025-12-17 17:21:02,993 - INFO - Security event logged: TRACKING_MOVEMENT - unknown
2025-12-17 17:21:03,236 - INFO - Security event logged: VIDEO_gesture_candidate - unknown
2025-12-17 17:21:03,237 - INFO - Saved evidence clip: evidence/videos/gesture_candidate_unknown_20251217_172103.avi
2025-12-17 17:21:03,257 - ERROR - Error queueing clip for gesture: Object of type int32 is not JSON serializable
2025-12-17 17:21:03,323 - INFO - Tracking servo moved to 171°
2025-12-17 17:21:03,408 - INFO - Security event logged: TRACKING_MOVEMENT - unknown
2025-12-17 17:21:03,676 - INFO - Security event logged: VIDEO_gesture_candidate - unknown
2025-12-17 17:21:03,677 - INFO - Saved evidence clip: evidence/videos/gesture_candidate_unknown_20251217_172103.avi
2025-12-17 17:21:03,690 - ERROR - Error queueing clip for gesture: Object of type int32 is not JSON serializable
2025-12-17 17:21:03,732 - INFO - Tracking servo moved to 175°
2025-12-17 17:21:03,805 - INFO - Security event logged: TRACKING_MOVEMENT - unknown
2025-12-17 17:21:04,041 - INFO - Security event logged: VIDEO_gesture_candidate - unknown
2025-12-17 17:21:04,041 - INFO - Saved evidence clip: evidence/videos/gesture_candidate_unknown_20251217_172103.avi
2025-12-17 17:21:04,057 - ERROR - Error queueing clip for gesture: Object of type int32 is not JSON serializable
2025-12-17 17:21:04,109 - INFO - Tracking servo moved to 178°
2025-12-17 17:21:04,179 - INFO - Security event logged: TRACKING_MOVEMENT - unknown
2025-12-17 17:21:04,449 - INFO - Security event logged: VIDEO_gesture_candidate - unknown
2025-12-17 17:21:04,449 - INFO - Saved evidence clip: evidence/videos/gesture_candidate_unknown_20251217_172104.avi
2025-12-17 17:21:04,465 - ERROR - Error queueing clip for gesture: Object of type int32 is not JSON serializable
2025-12-17 17:21:04,783 - INFO - Security event logged: VIDEO_gesture_candidate - unknown
2025-12-17 17:21:04,783 - INFO - Saved evidence clip: evidence/videos/gesture_candidate_unknown_20251217_172104.avi
2025-12-17 17:21:04,800 - ERROR - Error queueing clip for gesture: Object of type int32 is not JSON serializable
2025-12-17 17:21:05,124 - INFO - Security event logged: VIDEO_gesture_candidate - unknown
2025-12-17 17:21:05,125 - INFO - Saved evidence clip: evidence/videos/gesture_candidate_unknown_20251217_172104.avi
2025-12-17 17:21:05,141 - ERROR - Error queueing clip for gesture: Object of type int32 is not JSON serializable
2025-12-17 17:21:05,478 - INFO - Security event logged: VIDEO_gesture_candidate - unknown
2025-12-17 17:21:05,479 - INFO - Saved evidence clip: evidence/videos/gesture_candidate_unknown_20251217_172105.avi
2025-12-17 17:21:05,501 - ERROR - Error queueing clip for gesture: Object of type int32 is not JSON serializable
2025-12-17 17:21:05,849 - INFO - Security event logged: VIDEO_gesture_candidate - unknown
2025-12-17 17:21:05,849 - INFO - Saved evidence clip: evidence/videos/gesture_candidate_unknown_20251217_172105.avi
2025-12-17 17:21:05,863 - ERROR - Error queueing clip for gesture: Object of type int32 is not JSON serializable
2025-12-17 17:21:06,145 - INFO - Security event logged: VIDEO_gesture_candidate - unknown
2025-12-17 17:21:06,145 - INFO - Saved evidence clip: evidence/videos/gesture_candidate_unknown_20251217_172105.avi
2025-12-17 17:21:06,158 - ERROR - Error queueing clip for gesture: Object of type int32 is not JSON serializable
2025-12-17 17:21:06,203 - INFO - Tracking servo moved to 180°
2025-12-17 17:21:06,283 - INFO - Security event logged: TRACKING_MOVEMENT - unknown
2025-12-17 17:21:06,573 - INFO - Security event logged: VIDEO_gesture_candidate - unknown
2025-12-17 17:21:06,574 - INFO - Saved evidence clip: evidence/videos/gesture_candidate_unknown_20251217_172106.avi
2025-12-17 17:21:06,593 - ERROR - Error queueing clip for gesture: Object of type int32 is not JSON serializable
2025-12-17 17:21:06,650 - INFO - Tracking servo moved to 180°
2025-12-17 17:21:06,732 - INFO - Security event logged: TRACKING_MOVEMENT - unknown
2025-12-17 17:21:06,982 - INFO - Security event logged: VIDEO_gesture_candidate - unknown
2025-12-17 17:21:06,982 - INFO - Saved evidence clip: evidence/videos/gesture_candidate_unknown_20251217_172106.avi
2025-12-17 17:21:06,999 - ERROR - Error queueing clip for gesture: Object of type int32 is not JSON serializable
2025-12-17 17:21:07,042 - INFO - Tracking servo moved to 180°
2025-12-17 17:21:07,140 - INFO - Security event logged: TRACKING_MOVEMENT - unknown
2025-12-17 17:21:07,394 - INFO - Security event logged: VIDEO_gesture_candidate - unknown
2025-12-17 17:21:07,394 - INFO - Saved evidence clip: evidence/videos/gesture_candidate_unknown_20251217_172107.avi
2025-12-17 17:21:07,408 - ERROR - Error queueing clip for gesture: Object of type int32 is not JSON serializable
2025-12-17 17:21:07,444 - INFO - Tracking servo moved to 180°
2025-12-17 17:21:07,519 - INFO - Security event logged: TRACKING_MOVEMENT - unknown
2025-12-17 17:21:07,772 - INFO - Security event logged: VIDEO_gesture_candidate - unknown
2025-12-17 17:21:07,772 - INFO - Saved evidence clip: evidence/videos/gesture_candidate_unknown_20251217_172107.avi
2025-12-17 17:21:07,787 - ERROR - Error queueing clip for gesture: Object of type int32 is not JSON serializable
2025-12-17 17:21:07,833 - INFO - Tracking servo moved to 180°
2025-12-17 17:21:07,918 - INFO - Security event logged: TRACKING_MOVEMENT - unknown
2025-12-17 17:21:08,160 - INFO - Security event logged: VIDEO_gesture_candidate - unknown
2025-12-17 17:21:08,160 - INFO - Saved evidence clip: evidence/videos/gesture_candidate_unknown_20251217_172107.avi
2025-12-17 17:21:08,174 - ERROR - Error queueing clip for gesture: Object of type int32 is not JSON serializable
2025-12-17 17:21:08,452 - INFO - Security event logged: VIDEO_gesture_candidate - unknown
2025-12-17 17:21:08,452 - INFO - Saved evidence clip: evidence/videos/gesture_candidate_unknown_20251217_172108.avi
2025-12-17 17:21:08,465 - ERROR - Error queueing clip for gesture: Object of type int32 is not JSON serializable
2025-12-17 17:21:08,517 - INFO - Tracking servo moved to 180°
2025-12-17 17:21:08,592 - INFO - Security event logged: TRACKING_MOVEMENT - unknown
2025-12-17 17:21:08,831 - INFO - Security event logged: VIDEO_gesture_candidate - unknown
2025-12-17 17:21:08,832 - INFO - Saved evidence clip: evidence/videos/gesture_candidate_unknown_20251217_172108.avi
2025-12-17 17:21:08,845 - ERROR - Error queueing clip for gesture: Object of type int32 is not JSON serializable
2025-12-17 17:21:08,894 - INFO - Tracking servo moved to 180°
2025-12-17 17:21:08,964 - INFO - Security event logged: TRACKING_MOVEMENT - unknown
2025-12-17 17:21:09,231 - INFO - Security event logged: VIDEO_gesture_candidate - unknown
2025-12-17 17:21:09,231 - INFO - Saved evidence clip: evidence/videos/gesture_candidate_unknown_20251217_172108.avi
2025-12-17 17:21:09,250 - ERROR - Error queueing clip for gesture: Object of type int32 is not JSON serializable
2025-12-17 17:21:09,309 - INFO - Tracking servo moved to 180°
2025-12-17 17:21:09,395 - INFO - Security event logged: TRACKING_MOVEMENT - unknown
2025-12-17 17:21:09,676 - INFO - Security event logged: VIDEO_gesture_candidate - unknown
2025-12-17 17:21:09,677 - INFO - Saved evidence clip: evidence/videos/gesture_candidate_unknown_20251217_172109.avi
2025-12-17 17:21:09,693 - ERROR - Error queueing clip for gesture: Object of type int32 is not JSON serializable
2025-12-17 17:21:09,756 - INFO - Tracking servo moved to 180°
2025-12-17 17:21:09,856 - INFO - Security event logged: TRACKING_MOVEMENT - unknown
2025-12-17 17:21:10,109 - INFO - Security event logged: VIDEO_gesture_candidate - unknown
2025-12-17 17:21:10,109 - INFO - Saved evidence clip: evidence/videos/gesture_candidate_unknown_20251217_172109.avi
2025-12-17 17:21:10,122 - ERROR - Error queueing clip for gesture: Object of type int32 is not JSON serializable
2025-12-17 17:21:10,415 - INFO - Security event logged: VIDEO_gesture_candidate - unknown
2025-12-17 17:21:10,416 - INFO - Saved evidence clip: evidence/videos/gesture_candidate_unknown_20251217_172110.avi
2025-12-17 17:21:10,429 - ERROR - Error queueing clip for gesture: Object of type int32 is not JSON serializable
2025-12-17 17:21:10,786 - INFO - Security event logged: VIDEO_gesture_candidate - unknown
2025-12-17 17:21:10,786 - INFO - Saved evidence clip: evidence/videos/gesture_candidate_unknown_20251217_172110.avi
2025-12-17 17:21:10,798 - ERROR - Error queueing clip for gesture: Object of type int32 is not JSON serializable
2025-12-17 17:21:10,844 - INFO - Tracking servo moved to 180°
2025-12-17 17:21:10,922 - INFO - Security event logged: TRACKING_MOVEMENT - unknown
2025-12-17 17:21:11,177 - INFO - Security event logged: VIDEO_gesture_candidate - unknown
2025-12-17 17:21:11,177 - INFO - Saved evidence clip: evidence/videos/gesture_candidate_unknown_20251217_172110.avi
2025-12-17 17:21:11,194 - ERROR - Error queueing clip for gesture: Object of type int32 is not JSON serializable
2025-12-17 17:21:11,233 - INFO - Tracking servo moved to 180°
2025-12-17 17:21:11,310 - INFO - Security event logged: TRACKING_MOVEMENT - unknown
2025-12-17 17:21:11,554 - INFO - Security event logged: VIDEO_gesture_candidate - unknown
2025-12-17 17:21:11,555 - INFO - Saved evidence clip: evidence/videos/gesture_candidate_unknown_20251217_172111.avi
2025-12-17 17:21:11,579 - ERROR - Error queueing clip for gesture: Object of type int32 is not JSON serializable
2025-12-17 17:21:11,899 - INFO - Security event logged: VIDEO_gesture_candidate - unknown
2025-12-17 17:21:11,900 - INFO - Saved evidence clip: evidence/videos/gesture_candidate_unknown_20251217_172111.avi
2025-12-17 17:21:11,913 - ERROR - Error queueing clip for gesture: Object of type int32 is not JSON serializable
2025-12-17 17:21:12,237 - INFO - Security event logged: VIDEO_gesture_candidate - unknown
2025-12-17 17:21:12,237 - INFO - Saved evidence clip: evidence/videos/gesture_candidate_unknown_20251217_172111.avi
2025-12-17 17:21:12,250 - ERROR - Error queueing clip for gesture: Object of type int32 is not JSON serializable
2025-12-17 17:21:12,298 - INFO - Tracking servo moved to 180°
2025-12-17 17:21:12,380 - INFO - Security event logged: TRACKING_MOVEMENT - unknown
2025-12-17 17:21:12,643 - INFO - Security event logged: VIDEO_gesture_candidate - unknown
2025-12-17 17:21:12,644 - INFO - Saved evidence clip: evidence/videos/gesture_candidate_unknown_20251217_172112.avi
2025-12-17 17:21:12,658 - ERROR - Error queueing clip for gesture: Object of type int32 is not JSON serializable
2025-12-17 17:21:12,696 - INFO - Tracking servo moved to 180°
2025-12-17 17:21:12,778 - INFO - Security event logged: TRACKING_MOVEMENT - unknown
2025-12-17 17:21:13,020 - INFO - Security event logged: VIDEO_gesture_candidate - unknown
2025-12-17 17:21:13,020 - INFO - Saved evidence clip: evidence/videos/gesture_candidate_unknown_20251217_172112.avi
2025-12-17 17:21:13,041 - ERROR - Error queueing clip for gesture: Object of type int32 is not JSON serializable
2025-12-17 17:21:13,082 - INFO - Tracking servo moved to 90°
2025-12-17 17:21:13,169 - INFO - Security event logged: TRACKING_MOVEMENT - unknown
2025-12-17 17:21:14,136 - WARNING - Unknown person detected - starting tracking
2025-12-17 17:21:14,136 - WARNING - 🚨 SECURITY ALERT: INTRUDER_DETECTED
2025-12-17 17:21:14,144 - WARNING - Alert logged: INTRUDER_DETECTED - CRITICAL - Unknown person attempting access
2025-12-17 17:21:14,144 - INFO - 📱 SMS to POLICE: SECURITY ALERT: INTRUDER_DETECTED - Unknown person attempting access - Location: Your Address
2025-12-17 17:21:14,145 - INFO - 📱 SMS to OWNER: HOME SECURITY: INTRUDER_DETECTED - Unknown person attempting access
2025-12-17 17:21:14,225 - INFO - Security event logged: GSM_ALERT_SENT - system
2025-12-17 17:21:14,225 - INFO - 🔒 SECURITY RELAY ACTIVATED - Additional security measures enabled
2025-12-17 17:21:14,321 - INFO - Security event logged: RELAY_ACTIVATED - system
2025-12-17 17:21:14,321 - INFO - Tracking servo moved to 106°
2025-12-17 17:21:14,409 - INFO - Security event logged: TRACKING_MOVEMENT - unknown
2025-12-17 17:21:14,724 - INFO - Security event logged: VIDEO_gesture_candidate - unknown
2025-12-17 17:21:14,725 - INFO - Saved evidence clip: evidence/videos/gesture_candidate_unknown_20251217_172114.avi
2025-12-17 17:21:14,746 - ERROR - Error queueing clip for gesture: Object of type int32 is not JSON serializable
2025-12-17 17:21:14,749 - WARNING - 🚨 SECURITY ALERT: SUSPICIOUS_MOTION
2025-12-17 17:21:14,776 - WARNING - Alert logged: SUSPICIOUS_MOTION - HIGH - Suspicious movement detected near entrance
2025-12-17 17:21:14,776 - INFO - 📱 SMS to POLICE: SECURITY ALERT: SUSPICIOUS_MOTION - Suspicious movement detected near entrance - Location: Your Address
2025-12-17 17:21:14,776 - INFO - 📱 SMS to OWNER: HOME SECURITY: SUSPICIOUS_MOTION - Suspicious movement detected near entrance
2025-12-17 17:21:14,885 - INFO - Security event logged: GSM_ALERT_SENT - system
2025-12-17 17:21:14,885 - INFO - 🔒 SECURITY RELAY ACTIVATED - Additional security measures enabled
2025-12-17 17:21:14,971 - INFO - Security event logged: RELAY_ACTIVATED - system
2025-12-17 17:21:15,059 - INFO - Tracking servo moved to 120°
2025-12-17 17:21:15,182 - INFO - Security event logged: TRACKING_MOVEMENT - unknown
2025-12-17 17:21:15,484 - INFO - Security event logged: VIDEO_gesture_candidate - unknown
2025-12-17 17:21:15,493 - INFO - Saved evidence clip: evidence/videos/gesture_candidate_unknown_20251217_172115.avi
2025-12-17 17:21:15,511 - ERROR - Error queueing clip for gesture: Object of type int32 is not JSON serializable
2025-12-17 17:21:18,604 - INFO - Tracking servo moved to 139°
2025-12-17 17:21:18,706 - INFO - Security event logged: TRACKING_MOVEMENT - unknown
2025-12-17 17:21:18,967 - INFO - Security event logged: VIDEO_gesture_candidate - unknown
2025-12-17 17:21:18,967 - INFO - Saved evidence clip: evidence/videos/gesture_candidate_unknown_20251217_172118.avi
2025-12-17 17:21:18,979 - ERROR - Error queueing clip for gesture: Object of type int32 is not JSON serializable
2025-12-17 17:21:19,178 - INFO - Tracking servo moved to 90°
2025-12-17 17:21:19,280 - INFO - Security event logged: TRACKING_MOVEMENT - unknown
2025-12-17 17:21:19,608 - WARNING - Unknown person detected - starting tracking
2025-12-17 17:21:19,609 - WARNING - 🚨 SECURITY ALERT: INTRUDER_DETECTED
2025-12-17 17:21:19,619 - WARNING - Alert logged: INTRUDER_DETECTED - CRITICAL - Unknown person attempting access
2025-12-17 17:21:19,620 - INFO - 📱 SMS to POLICE: SECURITY ALERT: INTRUDER_DETECTED - Unknown person attempting access - Location: Your Address
2025-12-17 17:21:19,620 - INFO - 📱 SMS to OWNER: HOME SECURITY: INTRUDER_DETECTED - Unknown person attempting access
2025-12-17 17:21:19,743 - INFO - Security event logged: GSM_ALERT_SENT - system
2025-12-17 17:21:19,744 - INFO - 🔒 SECURITY RELAY ACTIVATED - Additional security measures enabled
2025-12-17 17:21:19,837 - INFO - Security event logged: RELAY_ACTIVATED - system
2025-12-17 17:21:19,838 - INFO - Tracking servo moved to 58°
2025-12-17 17:21:19,936 - INFO - Security event logged: TRACKING_MOVEMENT - unknown
2025-12-17 17:21:20,229 - INFO - Security event logged: VIDEO_gesture_candidate - unknown
2025-12-17 17:21:20,229 - INFO - Saved evidence clip: evidence/videos/gesture_candidate_unknown_20251217_172119.avi
2025-12-17 17:21:20,253 - ERROR - Error queueing clip for gesture: Object of type int32 is not JSON serializable
2025-12-17 17:21:21,056 - INFO - Tracking servo moved to 80°
2025-12-17 17:21:21,147 - INFO - Security event logged: TRACKING_MOVEMENT - unknown
2025-12-17 17:21:21,412 - INFO - Security event logged: VIDEO_gesture_candidate - unknown
2025-12-17 17:21:21,412 - INFO - Saved evidence clip: evidence/videos/gesture_candidate_unknown_20251217_172121.avi
2025-12-17 17:21:21,431 - ERROR - Error queueing clip for gesture: Object of type int32 is not JSON serializable
2025-12-17 17:21:21,482 - INFO - Tracking servo moved to 101°
2025-12-17 17:21:21,578 - INFO - Security event logged: TRACKING_MOVEMENT - unknown
2025-12-17 17:21:21,928 - INFO - Security event logged: VIDEO_gesture_candidate - unknown
2025-12-17 17:21:21,929 - INFO - Saved evidence clip: evidence/videos/gesture_candidate_unknown_20251217_172121.avi
2025-12-17 17:21:21,948 - ERROR - Error queueing clip for gesture: Object of type int32 is not JSON serializable
2025-12-17 17:21:22,127 - INFO - Tracking servo moved to 132°
2025-12-17 17:21:22,256 - INFO - Security event logged: TRACKING_MOVEMENT - unknown
2025-12-17 17:21:22,642 - INFO - Security event logged: VIDEO_gesture_candidate - unknown
2025-12-17 17:21:22,643 - INFO - Saved evidence clip: evidence/videos/gesture_candidate_unknown_20251217_172122.avi
2025-12-17 17:21:22,672 - ERROR - Error queueing clip for gesture: Object of type int32 is not JSON serializable
2025-12-17 17:21:22,854 - INFO - Tracking servo moved to 159°
2025-12-17 17:21:22,957 - INFO - Security event logged: TRACKING_MOVEMENT - unknown
2025-12-17 17:21:23,250 - INFO - Security event logged: VIDEO_gesture_candidate - unknown
2025-12-17 17:21:23,251 - INFO - Saved evidence clip: evidence/videos/gesture_candidate_unknown_20251217_172122.avi
2025-12-17 17:21:23,263 - ERROR - Error queueing clip for gesture: Object of type int32 is not JSON serializable
2025-12-17 17:21:24,288 - INFO - Starting face training for: owner
2025-12-17 17:21:24,288 - INFO - Face training started in background...
2025-12-17 17:21:24,653 - INFO - Tracking servo moved to 90°
2025-12-17 17:21:24,769 - INFO - Security event logged: TRACKING_MOVEMENT - unknown
2025-12-17 17:21:26,988 - WARNING - Unknown person detected - starting tracking
2025-12-17 17:21:26,989 - WARNING - 🚨 SECURITY ALERT: INTRUDER_DETECTED
2025-12-17 17:21:27,006 - WARNING - Alert logged: INTRUDER_DETECTED - CRITICAL - Unknown person attempting access
2025-12-17 17:21:27,006 - INFO - 📱 SMS to POLICE: SECURITY ALERT: INTRUDER_DETECTED - Unknown person attempting access - Location: Your Address
2025-12-17 17:21:27,006 - INFO - 📱 SMS to OWNER: HOME SECURITY: INTRUDER_DETECTED - Unknown person attempting access
2025-12-17 17:21:27,085 - INFO - Security event logged: GSM_ALERT_SENT - system
2025-12-17 17:21:27,085 - INFO - 🔒 SECURITY RELAY ACTIVATED - Additional security measures enabled
2025-12-17 17:21:27,187 - INFO - Security event logged: RELAY_ACTIVATED - system
2025-12-17 17:21:27,188 - INFO - Tracking servo moved to 111°
2025-12-17 17:21:27,276 - INFO - Security event logged: TRACKING_MOVEMENT - unknown
2025-12-17 17:21:27,529 - INFO - Security event logged: VIDEO_gesture_candidate - unknown
2025-12-17 17:21:27,530 - INFO - Saved evidence clip: evidence/videos/gesture_candidate_unknown_20251217_172127.avi
2025-12-17 17:21:27,543 - ERROR - Error queueing clip for gesture: Object of type int32 is not JSON serializable
2025-12-17 17:21:29,200 - INFO - Look at the camera and move your head slightly. Capturing 100 images...
2025-12-17 17:21:29,205 - ERROR - Can't receive frame from camera
2025-12-17 17:21:29,744 - INFO - Security System stopped and cleaned up
2025-12-17 17:21:31,575 - INFO - Camera initialized successfully
2025-12-17 17:21:31,576 - INFO - Gesture result poller started
2025-12-17 17:21:31,576 - INFO - Security System STARTED - Press 'q' to quit, 't' to train, 'l' to lock door
2025-12-17 17:21:31,909 - WARNING - 🚨 SECURITY ALERT: SUSPICIOUS_MOTION
2025-12-17 17:21:31,920 - WARNING - Alert logged: SUSPICIOUS_MOTION - HIGH - Suspicious movement detected near entrance
2025-12-17 17:21:31,920 - INFO - 📱 SMS to POLICE: SECURITY ALERT: SUSPICIOUS_MOTION - Suspicious movement detected near entrance - Location: Your Address
2025-12-17 17:21:31,920 - INFO - 📱 SMS to OWNER: HOME SECURITY: SUSPICIOUS_MOTION - Suspicious movement detected near entrance
2025-12-17 17:21:32,056 - INFO - Security event logged: GSM_ALERT_SENT - system
2025-12-17 17:21:32,056 - INFO - 🔒 SECURITY RELAY ACTIVATED - Additional security measures enabled
2025-12-17 17:21:32,197 - INFO - Security event logged: RELAY_ACTIVATED - system
2025-12-17 17:21:32,261 - WARNING - Unknown person detected - starting tracking
2025-12-17 17:21:32,261 - WARNING - 🚨 SECURITY ALERT: INTRUDER_DETECTED
2025-12-17 17:21:32,276 - WARNING - Alert logged: INTRUDER_DETECTED - CRITICAL - Unknown person attempting access
2025-12-17 17:21:32,276 - INFO - 📱 SMS to POLICE: SECURITY ALERT: INTRUDER_DETECTED - Unknown person attempting access - Location: Your Address
2025-12-17 17:21:32,276 - INFO - 📱 SMS to OWNER: HOME SECURITY: INTRUDER_DETECTED - Unknown person attempting access
2025-12-17 17:21:32,408 - INFO - Security event logged: GSM_ALERT_SENT - system
2025-12-17 17:21:32,408 - INFO - 🔒 SECURITY RELAY ACTIVATED - Additional security measures enabled
2025-12-17 17:21:32,545 - INFO - Security event logged: RELAY_ACTIVATED - system
2025-12-17 17:21:32,546 - INFO - Tracking servo moved to 106°
2025-12-17 17:21:32,684 - INFO - Security event logged: TRACKING_MOVEMENT - unknown
2025-12-17 17:21:32,874 - INFO - Security event logged: VIDEO_gesture_candidate - unknown
2025-12-17 17:21:32,874 - INFO - Saved evidence clip: evidence/videos/gesture_candidate_unknown_20251217_172132.avi
2025-12-17 17:21:32,900 - ERROR - Error queueing clip for gesture: Object of type int32 is not JSON serializable
2025-12-17 17:21:32,969 - INFO - Tracking servo moved to 115°
2025-12-17 17:21:33,104 - INFO - Security event logged: TRACKING_MOVEMENT - unknown
2025-12-17 17:21:33,289 - INFO - Security event logged: VIDEO_gesture_candidate - unknown
2025-12-17 17:21:33,290 - INFO - Saved evidence clip: evidence/videos/gesture_candidate_unknown_20251217_172133.avi
2025-12-17 17:21:33,308 - ERROR - Error queueing clip for gesture: Object of type int32 is not JSON serializable
2025-12-17 17:21:33,375 - INFO - Tracking servo moved to 124°
2025-12-17 17:21:33,542 - INFO - Security event logged: TRACKING_MOVEMENT - unknown
2025-12-17 17:21:33,833 - INFO - Security event logged: VIDEO_gesture_candidate - unknown
2025-12-17 17:21:33,833 - INFO - Saved evidence clip: evidence/videos/gesture_candidate_unknown_20251217_172133.avi
2025-12-17 17:21:33,857 - ERROR - Error queueing clip for gesture: Object of type int32 is not JSON serializable
2025-12-17 17:21:33,918 - INFO - Tracking servo moved to 133°
2025-12-17 17:21:34,088 - INFO - Security event logged: TRACKING_MOVEMENT - unknown
2025-12-17 17:21:34,391 - INFO - Security event logged: VIDEO_gesture_candidate - unknown
2025-12-17 17:21:34,392 - INFO - Saved evidence clip: evidence/videos/gesture_candidate_unknown_20251217_172134.avi
2025-12-17 17:21:34,435 - ERROR - Error queueing clip for gesture: Object of type int32 is not JSON serializable
2025-12-17 17:21:34,506 - INFO - Tracking servo moved to 141°
2025-12-17 17:21:34,709 - INFO - Security event logged: TRACKING_MOVEMENT - unknown
2025-12-17 17:21:35,005 - INFO - Security event logged: VIDEO_gesture_candidate - unknown
2025-12-17 17:21:35,006 - INFO - Saved evidence clip: evidence/videos/gesture_candidate_unknown_20251217_172134.avi
2025-12-17 17:21:35,042 - ERROR - Error queueing clip for gesture: Object of type int32 is not JSON serializable
2025-12-17 17:21:35,178 - INFO - Tracking servo moved to 155°
2025-12-17 17:21:35,362 - INFO - Security event logged: TRACKING_MOVEMENT - unknown
2025-12-17 17:21:35,671 - INFO - Security event logged: VIDEO_gesture_candidate - unknown
2025-12-17 17:21:35,672 - INFO - Saved evidence clip: evidence/videos/gesture_candidate_unknown_20251217_172135.avi
2025-12-17 17:21:35,709 - ERROR - Error queueing clip for gesture: Object of type int32 is not JSON serializable
2025-12-17 17:21:35,785 - INFO - Tracking servo moved to 168°
2025-12-17 17:21:35,990 - INFO - Security event logged: TRACKING_MOVEMENT - unknown
2025-12-17 17:21:36,238 - INFO - Security event logged: VIDEO_gesture_candidate - unknown
2025-12-17 17:21:36,239 - INFO - Saved evidence clip: evidence/videos/gesture_candidate_unknown_20251217_172136.avi
2025-12-17 17:21:36,269 - ERROR - Error queueing clip for gesture: Object of type int32 is not JSON serializable
2025-12-17 17:21:36,330 - INFO - Tracking servo moved to 178°
2025-12-17 17:21:36,482 - INFO - Security event logged: TRACKING_MOVEMENT - unknown
2025-12-17 17:21:36,734 - INFO - Security event logged: VIDEO_gesture_candidate - unknown
2025-12-17 17:21:36,734 - INFO - Saved evidence clip: evidence/videos/gesture_candidate_unknown_20251217_172136.avi
2025-12-17 17:21:36,758 - ERROR - Error queueing clip for gesture: Object of type int32 is not JSON serializable
2025-12-17 17:21:36,838 - INFO - Tracking servo moved to 180°
2025-12-17 17:21:36,974 - INFO - Security event logged: TRACKING_MOVEMENT - unknown
2025-12-17 17:21:37,231 - INFO - Security event logged: VIDEO_gesture_candidate - unknown
2025-12-17 17:21:37,231 - INFO - Saved evidence clip: evidence/videos/gesture_candidate_unknown_20251217_172136.avi
2025-12-17 17:21:37,253 - ERROR - Error queueing clip for gesture: Object of type int32 is not JSON serializable
2025-12-17 17:21:37,328 - INFO - Tracking servo moved to 180°
2025-12-17 17:21:37,455 - INFO - Security event logged: TRACKING_MOVEMENT - unknown
2025-12-17 17:21:37,736 - INFO - Security event logged: VIDEO_gesture_candidate - unknown
2025-12-17 17:21:37,737 - INFO - Saved evidence clip: evidence/videos/gesture_candidate_unknown_20251217_172137.avi
2025-12-17 17:21:37,765 - ERROR - Error queueing clip for gesture: Object of type int32 is not JSON serializable
2025-12-17 17:21:37,823 - INFO - Tracking servo moved to 180°
2025-12-17 17:21:37,955 - INFO - Security event logged: TRACKING_MOVEMENT - unknown
2025-12-17 17:21:38,217 - INFO - Security event logged: VIDEO_gesture_candidate - unknown
2025-12-17 17:21:38,218 - INFO - Saved evidence clip: evidence/videos/gesture_candidate_unknown_20251217_172137.avi
2025-12-17 17:21:38,242 - ERROR - Error queueing clip for gesture: Object of type int32 is not JSON serializable
2025-12-17 17:21:38,312 - INFO - Tracking servo moved to 90°
2025-12-17 17:21:38,465 - INFO - Security event logged: TRACKING_MOVEMENT - unknown
2025-12-17 17:21:40,789 - WARNING - Unknown person detected - starting tracking
2025-12-17 17:21:40,789 - WARNING - 🚨 SECURITY ALERT: INTRUDER_DETECTED
2025-12-17 17:21:40,803 - WARNING - Alert logged: INTRUDER_DETECTED - CRITICAL - Unknown person attempting access
2025-12-17 17:21:40,803 - INFO - 📱 SMS to POLICE: SECURITY ALERT: INTRUDER_DETECTED - Unknown person attempting access - Location: Your Address
2025-12-17 17:21:40,803 - INFO - 📱 SMS to OWNER: HOME SECURITY: INTRUDER_DETECTED - Unknown person attempting access
2025-12-17 17:21:40,953 - INFO - Security event logged: GSM_ALERT_SENT - system
2025-12-17 17:21:40,954 - INFO - 🔒 SECURITY RELAY ACTIVATED - Additional security measures enabled
2025-12-17 17:21:41,098 - INFO - Security event logged: RELAY_ACTIVATED - system
2025-12-17 17:21:41,098 - INFO - Tracking servo moved to 119°
2025-12-17 17:21:41,246 - INFO - Security event logged: TRACKING_MOVEMENT - unknown
2025-12-17 17:21:41,669 - INFO - Security event logged: VIDEO_gesture_candidate - unknown
2025-12-17 17:21:41,669 - INFO - Saved evidence clip: evidence/videos/gesture_candidate_unknown_20251217_172141.avi
2025-12-17 17:21:41,694 - ERROR - Error queueing clip for gesture: Object of type int32 is not JSON serializable
2025-12-17 17:21:42,599 - INFO - Tracking servo moved to 85°
2025-12-17 17:21:42,733 - INFO - Security event logged: TRACKING_MOVEMENT - unknown
2025-12-17 17:21:43,152 - INFO - Security event logged: VIDEO_gesture_candidate - unknown
2025-12-17 17:21:43,153 - INFO - Saved evidence clip: evidence/videos/gesture_candidate_unknown_20251217_172142.avi
2025-12-17 17:21:43,177 - ERROR - Error queueing clip for gesture: Object of type int32 is not JSON serializable
2025-12-17 17:21:43,432 - INFO - Tracking servo moved to 103°
2025-12-17 17:21:43,560 - INFO - Security event logged: TRACKING_MOVEMENT - unknown
2025-12-17 17:21:44,017 - INFO - Security event logged: VIDEO_gesture_candidate - unknown
2025-12-17 17:21:44,017 - INFO - Saved evidence clip: evidence/videos/gesture_candidate_unknown_20251217_172143.avi
2025-12-17 17:21:44,041 - ERROR - Error queueing clip for gesture: Object of type int32 is not JSON serializable
2025-12-17 17:21:44,251 - INFO - Tracking servo moved to 112°
2025-12-17 17:21:44,388 - INFO - Security event logged: TRACKING_MOVEMENT - unknown
2025-12-17 17:21:44,823 - INFO - Security event logged: VIDEO_gesture_candidate - unknown
2025-12-17 17:21:44,824 - INFO - Saved evidence clip: evidence/videos/gesture_candidate_unknown_20251217_172144.avi
2025-12-17 17:21:44,854 - ERROR - Error queueing clip for gesture: Object of type int32 is not JSON serializable
2025-12-17 17:21:45,127 - INFO - Tracking servo moved to 122°
2025-12-17 17:21:45,299 - INFO - Security event logged: TRACKING_MOVEMENT - unknown
2025-12-17 17:21:45,762 - INFO - Security event logged: VIDEO_gesture_candidate - unknown
2025-12-17 17:21:45,764 - INFO - Saved evidence clip: evidence/videos/gesture_candidate_unknown_20251217_172145.avi
2025-12-17 17:21:45,800 - ERROR - Error queueing clip for gesture: Object of type int32 is not JSON serializable
2025-12-17 17:21:45,858 - INFO - Tracking servo moved to 90°
2025-12-17 17:21:46,035 - INFO - Security event logged: TRACKING_MOVEMENT - unknown
2025-12-17 17:21:47,276 - WARNING - Unknown person detected - starting tracking
2025-12-17 17:21:47,276 - WARNING - 🚨 SECURITY ALERT: INTRUDER_DETECTED
2025-12-17 17:21:47,297 - WARNING - Alert logged: INTRUDER_DETECTED - CRITICAL - Unknown person attempting access
2025-12-17 17:21:47,297 - INFO - 📱 SMS to POLICE: SECURITY ALERT: INTRUDER_DETECTED - Unknown person attempting access - Location: Your Address
2025-12-17 17:21:47,297 - INFO - 📱 SMS to OWNER: HOME SECURITY: INTRUDER_DETECTED - Unknown person attempting access
2025-12-17 17:21:47,462 - INFO - Security event logged: GSM_ALERT_SENT - system
2025-12-17 17:21:47,462 - INFO - 🔒 SECURITY RELAY ACTIVATED - Additional security measures enabled
2025-12-17 17:21:47,611 - INFO - Security event logged: RELAY_ACTIVATED - system
2025-12-17 17:21:47,612 - INFO - Tracking servo moved to 99°
2025-12-17 17:21:47,756 - INFO - Security event logged: TRACKING_MOVEMENT - unknown
2025-12-17 17:21:48,192 - INFO - Security event logged: VIDEO_gesture_candidate - unknown
2025-12-17 17:21:48,194 - INFO - Saved evidence clip: evidence/videos/gesture_candidate_unknown_20251217_172147.avi
2025-12-17 17:21:48,221 - ERROR - Error queueing clip for gesture: Object of type int32 is not JSON serializable
2025-12-17 17:21:48,297 - INFO - Tracking servo moved to 104°
2025-12-17 17:21:48,434 - INFO - Security event logged: TRACKING_MOVEMENT - unknown
2025-12-17 17:21:48,865 - INFO - Security event logged: VIDEO_gesture_candidate - unknown
2025-12-17 17:21:48,866 - INFO - Saved evidence clip: evidence/videos/gesture_candidate_unknown_20251217_172148.avi
2025-12-17 17:21:48,897 - ERROR - Error queueing clip for gesture: Object of type int32 is not JSON serializable
2025-12-17 17:21:50,207 - INFO - Tracking servo moved to 109°
2025-12-17 17:21:50,370 - INFO - Security event logged: TRACKING_MOVEMENT - unknown
2025-12-17 17:21:50,796 - INFO - Security event logged: VIDEO_gesture_candidate - unknown
2025-12-17 17:21:50,797 - INFO - Saved evidence clip: evidence/videos/gesture_candidate_unknown_20251217_172150.avi
2025-12-17 17:21:50,820 - ERROR - Error queueing clip for gesture: Object of type int32 is not JSON serializable
2025-12-17 17:21:50,890 - INFO - Tracking servo moved to 114°
2025-12-17 17:21:51,030 - INFO - Security event logged: TRACKING_MOVEMENT - unknown
2025-12-17 17:21:51,437 - INFO - Security event logged: VIDEO_gesture_candidate - unknown
2025-12-17 17:21:51,437 - INFO - Saved evidence clip: evidence/videos/gesture_candidate_unknown_20251217_172151.avi
2025-12-17 17:21:51,464 - ERROR - Error queueing clip for gesture: Object of type int32 is not JSON serializable
2025-12-17 17:21:51,774 - INFO - Tracking servo moved to 119°
2025-12-17 17:21:51,918 - INFO - Security event logged: TRACKING_MOVEMENT - unknown
2025-12-17 17:21:52,331 - INFO - Security event logged: VIDEO_gesture_candidate - unknown
2025-12-17 17:21:52,332 - INFO - Saved evidence clip: evidence/videos/gesture_candidate_unknown_20251217_172151.avi
2025-12-17 17:21:52,355 - ERROR - Error queueing clip for gesture: Object of type int32 is not JSON serializable
2025-12-17 17:21:52,403 - INFO - Tracking servo moved to 90°
2025-12-17 17:21:52,546 - INFO - Security event logged: TRACKING_MOVEMENT - unknown
2025-12-17 17:21:52,790 - WARNING - Unknown person detected - starting tracking
2025-12-17 17:21:52,790 - WARNING - 🚨 SECURITY ALERT: INTRUDER_DETECTED
2025-12-17 17:21:52,804 - WARNING - Alert logged: INTRUDER_DETECTED - CRITICAL - Unknown person attempting access
2025-12-17 17:21:52,804 - INFO - 📱 SMS to POLICE: SECURITY ALERT: INTRUDER_DETECTED - Unknown person attempting access - Location: Your Address
2025-12-17 17:21:52,804 - INFO - 📱 SMS to OWNER: HOME SECURITY: INTRUDER_DETECTED - Unknown person attempting access
2025-12-17 17:21:52,955 - INFO - Security event logged: GSM_ALERT_SENT - system
2025-12-17 17:21:52,956 - INFO - 🔒 SECURITY RELAY ACTIVATED - Additional security measures enabled
2025-12-17 17:21:53,106 - INFO - Security event logged: RELAY_ACTIVATED - system
2025-12-17 17:21:53,107 - INFO - Tracking servo moved to 93°
2025-12-17 17:21:53,264 - INFO - Security event logged: TRACKING_MOVEMENT - unknown
2025-12-17 17:21:53,675 - INFO - Security event logged: VIDEO_gesture_candidate - unknown
2025-12-17 17:21:53,678 - INFO - Saved evidence clip: evidence/videos/gesture_candidate_unknown_20251217_172153.avi
2025-12-17 17:21:53,708 - ERROR - Error queueing clip for gesture: Object of type int32 is not JSON serializable
2025-12-17 17:21:53,783 - INFO - Tracking servo moved to 97°
2025-12-17 17:21:53,928 - INFO - Security event logged: TRACKING_MOVEMENT - unknown
2025-12-17 17:21:54,338 - INFO - Security event logged: VIDEO_gesture_candidate - unknown
2025-12-17 17:21:54,339 - INFO - Saved evidence clip: evidence/videos/gesture_candidate_unknown_20251217_172153.avi
2025-12-17 17:21:54,368 - ERROR - Error queueing clip for gesture: Object of type int32 is not JSON serializable
2025-12-17 17:21:56,206 - INFO - Tracking servo moved to 105°
2025-12-17 17:21:56,364 - INFO - Security event logged: TRACKING_MOVEMENT - unknown
2025-12-17 17:21:56,773 - INFO - Security event logged: VIDEO_gesture_candidate - unknown
2025-12-17 17:21:56,774 - INFO - Saved evidence clip: evidence/videos/gesture_candidate_unknown_20251217_172156.avi
2025-12-17 17:21:56,802 - ERROR - Error queueing clip for gesture: Object of type int32 is not JSON serializable
2025-12-17 17:21:56,873 - INFO - Tracking servo moved to 110°
2025-12-17 17:21:57,009 - INFO - Security event logged: TRACKING_MOVEMENT - unknown
2025-12-17 17:21:57,435 - INFO - Security event logged: VIDEO_gesture_candidate - unknown
2025-12-17 17:21:57,436 - INFO - Saved evidence clip: evidence/videos/gesture_candidate_unknown_20251217_172157.avi
2025-12-17 17:21:57,467 - ERROR - Error queueing clip for gesture: Object of type int32 is not JSON serializable
2025-12-17 17:21:57,606 - INFO - Tracking servo moved to 116°
2025-12-17 17:21:57,745 - INFO - Security event logged: TRACKING_MOVEMENT - unknown
2025-12-17 17:21:58,168 - INFO - Security event logged: VIDEO_gesture_candidate - unknown
2025-12-17 17:21:58,169 - INFO - Saved evidence clip: evidence/videos/gesture_candidate_unknown_20251217_172157.avi
2025-12-17 17:21:58,196 - ERROR - Error queueing clip for gesture: Object of type int32 is not JSON serializable
2025-12-17 17:21:58,259 - INFO - Tracking servo moved to 121°
2025-12-17 17:21:58,395 - INFO - Security event logged: TRACKING_MOVEMENT - unknown
2025-12-17 17:21:58,805 - INFO - Security event logged: VIDEO_gesture_candidate - unknown
2025-12-17 17:21:58,806 - INFO - Saved evidence clip: evidence/videos/gesture_candidate_unknown_20251217_172158.avi
2025-12-17 17:21:58,835 - ERROR - Error queueing clip for gesture: Object of type int32 is not JSON serializable
2025-12-17 17:21:58,920 - INFO - Tracking servo moved to 129°
2025-12-17 17:21:59,066 - INFO - Security event logged: TRACKING_MOVEMENT - unknown
2025-12-17 17:21:59,488 - INFO - Security event logged: VIDEO_gesture_candidate - unknown
2025-12-17 17:21:59,489 - INFO - Saved evidence clip: evidence/videos/gesture_candidate_unknown_20251217_172159.avi
2025-12-17 17:21:59,521 - ERROR - Error queueing clip for gesture: Object of type int32 is not JSON serializable
2025-12-17 17:21:59,583 - INFO - Tracking servo moved to 139°
2025-12-17 17:21:59,728 - INFO - Security event logged: TRACKING_MOVEMENT - unknown
2025-12-17 17:22:00,146 - INFO - Security event logged: VIDEO_gesture_candidate - unknown
2025-12-17 17:22:00,146 - INFO - Saved evidence clip: evidence/videos/gesture_candidate_unknown_20251217_172159.avi
2025-12-17 17:22:00,199 - ERROR - Error queueing clip for gesture: Object of type int32 is not JSON serializable
2025-12-17 17:22:00,270 - INFO - Tracking servo moved to 148°
2025-12-17 17:22:00,424 - INFO - Security event logged: TRACKING_MOVEMENT - unknown
2025-12-17 17:22:00,840 - INFO - Security event logged: VIDEO_gesture_candidate - unknown
2025-12-17 17:22:00,840 - INFO - Saved evidence clip: evidence/videos/gesture_candidate_unknown_20251217_172200.avi
2025-12-17 17:22:00,875 - ERROR - Error queueing clip for gesture: Object of type int32 is not JSON serializable
2025-12-17 17:22:00,947 - INFO - Tracking servo moved to 156°
2025-12-17 17:22:01,095 - INFO - Security event logged: TRACKING_MOVEMENT - unknown
2025-12-17 17:22:01,487 - INFO - Security event logged: VIDEO_gesture_candidate - unknown
2025-12-17 17:22:01,487 - INFO - Saved evidence clip: evidence/videos/gesture_candidate_unknown_20251217_172201.avi
2025-12-17 17:22:01,517 - ERROR - Error queueing clip for gesture: Object of type int32 is not JSON serializable
2025-12-17 17:22:01,575 - INFO - Tracking servo moved to 90°
2025-12-17 17:22:01,721 - INFO - Security event logged: TRACKING_MOVEMENT - unknown
2025-12-17 17:22:03,286 - WARNING - Unknown person detected - starting tracking
2025-12-17 17:22:03,286 - WARNING - 🚨 SECURITY ALERT: INTRUDER_DETECTED
2025-12-17 17:22:03,306 - WARNING - Alert logged: INTRUDER_DETECTED - CRITICAL - Unknown person attempting access
2025-12-17 17:22:03,307 - INFO - 📱 SMS to POLICE: SECURITY ALERT: INTRUDER_DETECTED - Unknown person attempting access - Location: Your Address
2025-12-17 17:22:03,307 - INFO - 📱 SMS to OWNER: HOME SECURITY: INTRUDER_DETECTED - Unknown person attempting access
2025-12-17 17:22:03,463 - INFO - Security event logged: GSM_ALERT_SENT - system
2025-12-17 17:22:03,464 - INFO - 🔒 SECURITY RELAY ACTIVATED - Additional security measures enabled
2025-12-17 17:22:03,612 - INFO - Security event logged: RELAY_ACTIVATED - system
2025-12-17 17:22:03,613 - INFO - Tracking servo moved to 98°
2025-12-17 17:22:03,761 - INFO - Security event logged: TRACKING_MOVEMENT - unknown
2025-12-17 17:22:04,194 - INFO - Security event logged: VIDEO_gesture_candidate - unknown
2025-12-17 17:22:04,195 - INFO - Saved evidence clip: evidence/videos/gesture_candidate_unknown_20251217_172203.avi
2025-12-17 17:22:04,223 - ERROR - Error queueing clip for gesture: Object of type int32 is not JSON serializable
2025-12-17 17:22:04,304 - INFO - Tracking servo moved to 104°
2025-12-17 17:22:04,445 - INFO - Security event logged: TRACKING_MOVEMENT - unknown
2025-12-17 17:22:04,853 - INFO - Security event logged: VIDEO_gesture_candidate - unknown
2025-12-17 17:22:04,854 - INFO - Saved evidence clip: evidence/videos/gesture_candidate_unknown_20251217_172204.avi
2025-12-17 17:22:04,894 - ERROR - Error queueing clip for gesture: Object of type int32 is not JSON serializable
2025-12-17 17:22:04,972 - INFO - Tracking servo moved to 110°
2025-12-17 17:22:05,107 - INFO - Security event logged: TRACKING_MOVEMENT - unknown
2025-12-17 17:22:05,529 - INFO - Security event logged: VIDEO_gesture_candidate - unknown
2025-12-17 17:22:05,529 - INFO - Saved evidence clip: evidence/videos/gesture_candidate_unknown_20251217_172205.avi
2025-12-17 17:22:05,558 - ERROR - Error queueing clip for gesture: Object of type int32 is not JSON serializable
2025-12-17 17:22:05,630 - INFO - Tracking servo moved to 115°
2025-12-17 17:22:05,776 - INFO - Security event logged: TRACKING_MOVEMENT - unknown
2025-12-17 17:22:06,220 - INFO - Security event logged: VIDEO_gesture_candidate - unknown
2025-12-17 17:22:06,221 - INFO - Saved evidence clip: evidence/videos/gesture_candidate_unknown_20251217_172205.avi
2025-12-17 17:22:06,252 - ERROR - Error queueing clip for gesture: Object of type int32 is not JSON serializable
2025-12-17 17:22:06,347 - INFO - Tracking servo moved to 119°
2025-12-17 17:22:06,492 - INFO - Security event logged: TRACKING_MOVEMENT - unknown
2025-12-17 17:22:06,936 - INFO - Security event logged: VIDEO_gesture_candidate - unknown
2025-12-17 17:22:06,936 - INFO - Saved evidence clip: evidence/videos/gesture_candidate_unknown_20251217_172206.avi
2025-12-17 17:22:06,970 - ERROR - Error queueing clip for gesture: Object of type int32 is not JSON serializable
2025-12-17 17:22:07,037 - INFO - Tracking servo moved to 124°
2025-12-17 17:22:07,184 - INFO - Security event logged: TRACKING_MOVEMENT - unknown
2025-12-17 17:22:07,605 - INFO - Security event logged: VIDEO_gesture_candidate - unknown
2025-12-17 17:22:07,606 - INFO - Saved evidence clip: evidence/videos/gesture_candidate_unknown_20251217_172207.avi
2025-12-17 17:22:07,638 - ERROR - Error queueing clip for gesture: Object of type int32 is not JSON serializable
2025-12-17 17:22:07,697 - INFO - Tracking servo moved to 130°
2025-12-17 17:22:07,852 - INFO - Security event logged: TRACKING_MOVEMENT - unknown
2025-12-17 17:22:08,277 - INFO - Security event logged: VIDEO_gesture_candidate - unknown
2025-12-17 17:22:08,279 - INFO - Saved evidence clip: evidence/videos/gesture_candidate_unknown_20251217_172207.avi
2025-12-17 17:22:08,309 - ERROR - Error queueing clip for gesture: Object of type int32 is not JSON serializable
2025-12-17 17:22:08,384 - INFO - Tracking servo moved to 137°
2025-12-17 17:22:08,528 - INFO - Security event logged: TRACKING_MOVEMENT - unknown
2025-12-17 17:22:08,983 - INFO - Security event logged: VIDEO_gesture_candidate - unknown
2025-12-17 17:22:08,984 - INFO - Saved evidence clip: evidence/videos/gesture_candidate_unknown_20251217_172208.avi
2025-12-17 17:22:09,016 - ERROR - Error queueing clip for gesture: Object of type int32 is not JSON serializable
2025-12-17 17:22:09,082 - INFO - Tracking servo moved to 143°
2025-12-17 17:22:09,233 - INFO - Security event logged: TRACKING_MOVEMENT - unknown
2025-12-17 17:22:09,647 - INFO - Security event logged: VIDEO_gesture_candidate - unknown
2025-12-17 17:22:09,647 - INFO - Saved evidence clip: evidence/videos/gesture_candidate_unknown_20251217_172209.avi
2025-12-17 17:22:09,684 - ERROR - Error queueing clip for gesture: Object of type int32 is not JSON serializable
2025-12-17 17:22:09,765 - INFO - Tracking servo moved to 152°
2025-12-17 17:22:09,919 - INFO - Security event logged: TRACKING_MOVEMENT - unknown
2025-12-17 17:22:10,337 - INFO - Security event logged: VIDEO_gesture_candidate - unknown
2025-12-17 17:22:10,337 - INFO - Saved evidence clip: evidence/videos/gesture_candidate_unknown_20251217_172209.avi
2025-12-17 17:22:10,364 - ERROR - Error queueing clip for gesture: Object of type int32 is not JSON serializable
2025-12-17 17:22:10,435 - INFO - Tracking servo moved to 167°
2025-12-17 17:22:10,584 - INFO - Security event logged: TRACKING_MOVEMENT - unknown
2025-12-17 17:22:11,012 - INFO - Security event logged: VIDEO_gesture_candidate - unknown
2025-12-17 17:22:11,012 - INFO - Saved evidence clip: evidence/videos/gesture_candidate_unknown_20251217_172210.avi
2025-12-17 17:22:11,048 - ERROR - Error queueing clip for gesture: Object of type int32 is not JSON serializable
2025-12-17 17:22:11,117 - INFO - Tracking servo moved to 177°
2025-12-17 17:22:11,273 - INFO - Security event logged: TRACKING_MOVEMENT - unknown
2025-12-17 17:22:11,693 - INFO - Security event logged: VIDEO_gesture_candidate - unknown
2025-12-17 17:22:11,694 - INFO - Saved evidence clip: evidence/videos/gesture_candidate_unknown_20251217_172211.avi
2025-12-17 17:22:11,729 - ERROR - Error queueing clip for gesture: Object of type int32 is not JSON serializable
2025-12-17 17:22:11,802 - INFO - Tracking servo moved to 180°
2025-12-17 17:22:11,954 - INFO - Security event logged: TRACKING_MOVEMENT - unknown
2025-12-17 17:22:12,377 - INFO - Security event logged: VIDEO_gesture_candidate - unknown
2025-12-17 17:22:12,378 - INFO - Saved evidence clip: evidence/videos/gesture_candidate_unknown_20251217_172211.avi
2025-12-17 17:22:12,410 - ERROR - Error queueing clip for gesture: Object of type int32 is not JSON serializable
2025-12-17 17:22:12,488 - INFO - Tracking servo moved to 180°
2025-12-17 17:22:12,651 - INFO - Security event logged: TRACKING_MOVEMENT - unknown
2025-12-17 17:22:13,077 - INFO - Security event logged: VIDEO_gesture_candidate - unknown
2025-12-17 17:22:13,079 - INFO - Saved evidence clip: evidence/videos/gesture_candidate_unknown_20251217_172212.avi
2025-12-17 17:22:13,109 - ERROR - Error queueing clip for gesture: Object of type int32 is not JSON serializable
2025-12-17 17:22:13,186 - INFO - Tracking servo moved to 180°
2025-12-17 17:22:13,334 - INFO - Security event logged: TRACKING_MOVEMENT - unknown
2025-12-17 17:22:13,756 - INFO - Security event logged: VIDEO_gesture_candidate - unknown
2025-12-17 17:22:13,756 - INFO - Saved evidence clip: evidence/videos/gesture_candidate_unknown_20251217_172213.avi
2025-12-17 17:22:13,788 - ERROR - Error queueing clip for gesture: Object of type int32 is not JSON serializable
2025-12-17 17:22:13,860 - INFO - Tracking servo moved to 180°
2025-12-17 17:22:14,002 - INFO - Security event logged: TRACKING_MOVEMENT - unknown
2025-12-17 17:22:14,439 - INFO - Security event logged: VIDEO_gesture_candidate - unknown
2025-12-17 17:22:14,441 - INFO - Saved evidence clip: evidence/videos/gesture_candidate_unknown_20251217_172214.avi
2025-12-17 17:22:14,470 - ERROR - Error queueing clip for gesture: Object of type int32 is not JSON serializable
2025-12-17 17:22:14,537 - INFO - Tracking servo moved to 180°
2025-12-17 17:22:14,687 - INFO - Security event logged: TRACKING_MOVEMENT - unknown
2025-12-17 17:22:15,171 - INFO - Security event logged: VIDEO_gesture_candidate - unknown
2025-12-17 17:22:15,172 - INFO - Saved evidence clip: evidence/videos/gesture_candidate_unknown_20251217_172214.avi
2025-12-17 17:22:15,201 - ERROR - Error queueing clip for gesture: Object of type int32 is not JSON serializable
2025-12-17 17:22:15,276 - INFO - Tracking servo moved to 180°
2025-12-17 17:22:15,426 - INFO - Security event logged: TRACKING_MOVEMENT - unknown
2025-12-17 17:22:15,865 - INFO - Security event logged: VIDEO_gesture_candidate - unknown
2025-12-17 17:22:15,867 - INFO - Saved evidence clip: evidence/videos/gesture_candidate_unknown_20251217_172215.avi
2025-12-17 17:22:15,901 - ERROR - Error queueing clip for gesture: Object of type int32 is not JSON serializable
2025-12-17 17:22:15,967 - INFO - Tracking servo moved to 180°
2025-12-17 17:22:16,113 - INFO - Security event logged: TRACKING_MOVEMENT - unknown
2025-12-17 17:22:16,552 - INFO - Security event logged: VIDEO_gesture_candidate - unknown
2025-12-17 17:22:16,553 - INFO - Saved evidence clip: evidence/videos/gesture_candidate_unknown_20251217_172216.avi
2025-12-17 17:22:16,585 - ERROR - Error queueing clip for gesture: Object of type int32 is not JSON serializable
2025-12-17 17:22:16,675 - INFO - Tracking servo moved to 180°
2025-12-17 17:22:16,868 - INFO - Security event logged: TRACKING_MOVEMENT - unknown
2025-12-17 17:22:17,304 - INFO - Security event logged: VIDEO_gesture_candidate - unknown
2025-12-17 17:22:17,305 - INFO - Saved evidence clip: evidence/videos/gesture_candidate_unknown_20251217_172216.avi
2025-12-17 17:22:17,329 - ERROR - Error queueing clip for gesture: Object of type int32 is not JSON serializable
2025-12-17 17:22:17,396 - INFO - Tracking servo moved to 180°
2025-12-17 17:22:17,582 - INFO - Security event logged: TRACKING_MOVEMENT - unknown
2025-12-17 17:22:18,018 - INFO - Security event logged: VIDEO_gesture_candidate - unknown
2025-12-17 17:22:18,019 - INFO - Saved evidence clip: evidence/videos/gesture_candidate_unknown_20251217_172217.avi
2025-12-17 17:22:18,050 - ERROR - Error queueing clip for gesture: Object of type int32 is not JSON serializable
2025-12-17 17:22:18,134 - INFO - Tracking servo moved to 180°
2025-12-17 17:22:18,295 - INFO - Security event logged: TRACKING_MOVEMENT - unknown
2025-12-17 17:22:18,722 - INFO - Security event logged: VIDEO_gesture_candidate - unknown
2025-12-17 17:22:18,723 - INFO - Saved evidence clip: evidence/videos/gesture_candidate_unknown_20251217_172218.avi
2025-12-17 17:22:18,754 - ERROR - Error queueing clip for gesture: Object of type int32 is not JSON serializable
2025-12-17 17:22:18,817 - INFO - Tracking servo moved to 90°
2025-12-17 17:22:18,972 - INFO - Security event logged: TRACKING_MOVEMENT - unknown
2025-12-17 17:22:19,047 - WARNING - Unknown person detected - starting tracking
2025-12-17 17:22:19,047 - WARNING - 🚨 SECURITY ALERT: INTRUDER_DETECTED
2025-12-17 17:22:19,063 - WARNING - Alert logged: INTRUDER_DETECTED - CRITICAL - Unknown person attempting access
2025-12-17 17:22:19,063 - INFO - 📱 SMS to POLICE: SECURITY ALERT: INTRUDER_DETECTED - Unknown person attempting access - Location: Your Address
2025-12-17 17:22:19,063 - INFO - 📱 SMS to OWNER: HOME SECURITY: INTRUDER_DETECTED - Unknown person attempting access
2025-12-17 17:22:19,210 - INFO - Security event logged: GSM_ALERT_SENT - system
2025-12-17 17:22:19,211 - INFO - 🔒 SECURITY RELAY ACTIVATED - Additional security measures enabled
2025-12-17 17:22:19,362 - INFO - Security event logged: RELAY_ACTIVATED - system
2025-12-17 17:22:19,363 - INFO - Tracking servo moved to 100°
2025-12-17 17:22:19,510 - INFO - Security event logged: TRACKING_MOVEMENT - unknown
2025-12-17 17:22:19,936 - INFO - Security event logged: VIDEO_gesture_candidate - unknown
2025-12-17 17:22:19,937 - INFO - Saved evidence clip: evidence/videos/gesture_candidate_unknown_20251217_172219.avi
2025-12-17 17:22:19,967 - ERROR - Error queueing clip for gesture: Object of type int32 is not JSON serializable
2025-12-17 17:22:20,461 - INFO - Security event logged: VIDEO_gesture_candidate - unknown
2025-12-17 17:22:20,462 - INFO - Saved evidence clip: evidence/videos/gesture_candidate_unknown_20251217_172220.avi
2025-12-17 17:22:20,495 - ERROR - Error queueing clip for gesture: Object of type int32 is not JSON serializable
2025-12-17 17:22:20,579 - INFO - Tracking servo moved to 110°
2025-12-17 17:22:20,722 - INFO - Security event logged: TRACKING_MOVEMENT - unknown
2025-12-17 17:22:21,196 - INFO - Security event logged: VIDEO_gesture_candidate - unknown
2025-12-17 17:22:21,197 - INFO - Saved evidence clip: evidence/videos/gesture_candidate_unknown_20251217_172220.avi
2025-12-17 17:22:21,228 - ERROR - Error queueing clip for gesture: Object of type int32 is not JSON serializable
2025-12-17 17:22:21,725 - INFO - Security event logged: VIDEO_gesture_candidate - unknown
2025-12-17 17:22:21,726 - INFO - Saved evidence clip: evidence/videos/gesture_candidate_unknown_20251217_172221.avi
2025-12-17 17:22:21,754 - ERROR - Error queueing clip for gesture: Object of type int32 is not JSON serializable
2025-12-17 17:22:22,262 - INFO - Tracking servo moved to 141°
2025-12-17 17:22:22,420 - INFO - Security event logged: TRACKING_MOVEMENT - unknown
2025-12-17 17:22:22,853 - INFO - Security event logged: VIDEO_gesture_candidate - unknown
2025-12-17 17:22:22,854 - INFO - Saved evidence clip: evidence/videos/gesture_candidate_unknown_20251217_172222.avi
2025-12-17 17:22:22,880 - ERROR - Error queueing clip for gesture: Object of type int32 is not JSON serializable
2025-12-17 17:22:23,066 - INFO - Tracking servo moved to 177°
2025-12-17 17:22:23,227 - INFO - Security event logged: TRACKING_MOVEMENT - unknown
2025-12-17 17:22:23,663 - INFO - Security event logged: VIDEO_gesture_candidate - unknown
2025-12-17 17:22:23,664 - INFO - Saved evidence clip: evidence/videos/gesture_candidate_unknown_20251217_172223.avi
2025-12-17 17:22:23,695 - ERROR - Error queueing clip for gesture: Object of type int32 is not JSON serializable
2025-12-17 17:22:23,982 - INFO - Tracking servo moved to 180°
2025-12-17 17:22:24,139 - INFO - Security event logged: TRACKING_MOVEMENT - unknown
2025-12-17 17:22:24,578 - INFO - Security event logged: VIDEO_gesture_candidate - unknown
2025-12-17 17:22:24,579 - INFO - Saved evidence clip: evidence/videos/gesture_candidate_unknown_20251217_172224.avi
2025-12-17 17:22:24,609 - ERROR - Error queueing clip for gesture: Object of type int32 is not JSON serializable
2025-12-17 17:22:24,667 - INFO - Tracking servo moved to 90°
2025-12-17 17:22:24,819 - INFO - Security event logged: TRACKING_MOVEMENT - unknown
2025-12-17 17:22:24,898 - WARNING - Unknown person detected - starting tracking
2025-12-17 17:22:24,898 - WARNING - 🚨 SECURITY ALERT: INTRUDER_DETECTED
2025-12-17 17:22:24,912 - WARNING - Alert logged: INTRUDER_DETECTED - CRITICAL - Unknown person attempting access
2025-12-17 17:22:24,913 - INFO - 📱 SMS to POLICE: SECURITY ALERT: INTRUDER_DETECTED - Unknown person attempting access - Location: Your Address
2025-12-17 17:22:24,913 - INFO - 📱 SMS to OWNER: HOME SECURITY: INTRUDER_DETECTED - Unknown person attempting access
2025-12-17 17:22:25,059 - INFO - Security event logged: GSM_ALERT_SENT - system
2025-12-17 17:22:25,059 - INFO - 🔒 SECURITY RELAY ACTIVATED - Additional security measures enabled
2025-12-17 17:22:25,215 - INFO - Security event logged: RELAY_ACTIVATED - system
2025-12-17 17:22:25,216 - INFO - Tracking servo moved to 125°
2025-12-17 17:22:25,376 - INFO - Security event logged: TRACKING_MOVEMENT - unknown
2025-12-17 17:22:25,818 - INFO - Security event logged: VIDEO_gesture_candidate - unknown
2025-12-17 17:22:25,818 - INFO - Saved evidence clip: evidence/videos/gesture_candidate_unknown_20251217_172225.avi
2025-12-17 17:22:25,847 - ERROR - Error queueing clip for gesture: Object of type int32 is not JSON serializable
2025-12-17 17:22:26,268 - INFO - Tracking servo moved to 162°
2025-12-17 17:22:26,428 - INFO - Security event logged: TRACKING_MOVEMENT - unknown
2025-12-17 17:22:26,844 - INFO - Security event logged: VIDEO_gesture_candidate - unknown
2025-12-17 17:22:26,844 - INFO - Saved evidence clip: evidence/videos/gesture_candidate_unknown_20251217_172226.avi
2025-12-17 17:22:26,874 - ERROR - Error queueing clip for gesture: Object of type int32 is not JSON serializable
2025-12-17 17:22:27,058 - INFO - Tracking servo moved to 180°
2025-12-17 17:22:27,235 - INFO - Security event logged: TRACKING_MOVEMENT - unknown
2025-12-17 17:22:27,668 - INFO - Security event logged: VIDEO_gesture_candidate - unknown
2025-12-17 17:22:27,668 - INFO - Saved evidence clip: evidence/videos/gesture_candidate_unknown_20251217_172227.avi
2025-12-17 17:22:27,704 - ERROR - Error queueing clip for gesture: Object of type int32 is not JSON serializable
2025-12-17 17:22:28,865 - INFO - Tracking servo moved to 180°
2025-12-17 17:22:29,006 - INFO - Security event logged: TRACKING_MOVEMENT - unknown
2025-12-17 17:22:29,420 - INFO - Security event logged: VIDEO_gesture_candidate - unknown
2025-12-17 17:22:29,420 - INFO - Saved evidence clip: evidence/videos/gesture_candidate_unknown_20251217_172229.avi
2025-12-17 17:22:29,445 - ERROR - Error queueing clip for gesture: Object of type int32 is not JSON serializable
2025-12-17 17:22:29,514 - INFO - Tracking servo moved to 180°
2025-12-17 17:22:29,657 - INFO - Security event logged: TRACKING_MOVEMENT - unknown
2025-12-17 17:22:30,060 - INFO - Security event logged: VIDEO_gesture_candidate - unknown
2025-12-17 17:22:30,061 - INFO - Saved evidence clip: evidence/videos/gesture_candidate_unknown_20251217_172229.avi
2025-12-17 17:22:30,086 - ERROR - Error queueing clip for gesture: Object of type int32 is not JSON serializable
2025-12-17 17:22:30,130 - INFO - Tracking servo moved to 90°
2025-12-17 17:22:30,267 - INFO - Security event logged: TRACKING_MOVEMENT - unknown
2025-12-17 17:22:30,357 - WARNING - Unknown person detected - starting tracking
2025-12-17 17:22:30,357 - WARNING - 🚨 SECURITY ALERT: INTRUDER_DETECTED
2025-12-17 17:22:30,369 - WARNING - Alert logged: INTRUDER_DETECTED - CRITICAL - Unknown person attempting access
2025-12-17 17:22:30,369 - INFO - 📱 SMS to POLICE: SECURITY ALERT: INTRUDER_DETECTED - Unknown person attempting access - Location: Your Address
2025-12-17 17:22:30,369 - INFO - 📱 SMS to OWNER: HOME SECURITY: INTRUDER_DETECTED - Unknown person attempting access
2025-12-17 17:22:30,505 - INFO - Security event logged: GSM_ALERT_SENT - system
2025-12-17 17:22:30,505 - INFO - 🔒 SECURITY RELAY ACTIVATED - Additional security measures enabled
2025-12-17 17:22:30,643 - INFO - Security event logged: RELAY_ACTIVATED - system
2025-12-17 17:22:30,644 - INFO - Tracking servo moved to 122°
2025-12-17 17:22:30,797 - INFO - Security event logged: TRACKING_MOVEMENT - unknown
2025-12-17 17:22:31,216 - INFO - Security event logged: VIDEO_gesture_candidate - unknown
2025-12-17 17:22:31,216 - INFO - Saved evidence clip: evidence/videos/gesture_candidate_unknown_20251217_172230.avi
2025-12-17 17:22:31,243 - ERROR - Error queueing clip for gesture: Object of type int32 is not JSON serializable
2025-12-17 17:22:31,671 - INFO - Tracking servo moved to 88°
2025-12-17 17:22:31,807 - INFO - Security event logged: TRACKING_MOVEMENT - unknown
2025-12-17 17:22:32,218 - INFO - Security event logged: VIDEO_gesture_candidate - unknown
2025-12-17 17:22:32,218 - INFO - Saved evidence clip: evidence/videos/gesture_candidate_unknown_20251217_172231.avi
2025-12-17 17:22:32,250 - ERROR - Error queueing clip for gesture: Object of type int32 is not JSON serializable
2025-12-17 17:22:32,256 - WARNING - 🚨 SECURITY ALERT: SUSPICIOUS_MOTION
2025-12-17 17:22:32,275 - WARNING - Alert logged: SUSPICIOUS_MOTION - HIGH - Suspicious movement detected near entrance
2025-12-17 17:22:32,276 - INFO - 📱 SMS to POLICE: SECURITY ALERT: SUSPICIOUS_MOTION - Suspicious movement detected near entrance - Location: Your Address
2025-12-17 17:22:32,276 - INFO - 📱 SMS to OWNER: HOME SECURITY: SUSPICIOUS_MOTION - Suspicious movement detected near entrance
2025-12-17 17:22:32,424 - INFO - Security event logged: GSM_ALERT_SENT - system
2025-12-17 17:22:32,425 - INFO - 🔒 SECURITY RELAY ACTIVATED - Additional security measures enabled
2025-12-17 17:22:32,581 - INFO - Security event logged: RELAY_ACTIVATED - system
2025-12-17 17:22:32,664 - INFO - Tracking servo moved to 106°
2025-12-17 17:22:32,824 - INFO - Security event logged: TRACKING_MOVEMENT - unknown
2025-12-17 17:22:33,289 - INFO - Security event logged: VIDEO_gesture_candidate - unknown
2025-12-17 17:22:33,290 - INFO - Saved evidence clip: evidence/videos/gesture_candidate_unknown_20251217_172232.avi
2025-12-17 17:22:33,320 - ERROR - Error queueing clip for gesture: Object of type int32 is not JSON serializable
2025-12-17 17:22:33,399 - INFO - Tracking servo moved to 115°
2025-12-17 17:22:33,601 - INFO - Security event logged: TRACKING_MOVEMENT - unknown
2025-12-17 17:22:34,060 - INFO - Security event logged: VIDEO_gesture_candidate - unknown
2025-12-17 17:22:34,061 - INFO - Saved evidence clip: evidence/videos/gesture_candidate_unknown_20251217_172233.avi
2025-12-17 17:22:34,092 - ERROR - Error queueing clip for gesture: Object of type int32 is not JSON serializable
2025-12-17 17:22:34,165 - INFO - Tracking servo moved to 119°
2025-12-17 17:22:34,317 - INFO - Security event logged: TRACKING_MOVEMENT - unknown
2025-12-17 17:22:34,753 - INFO - Security event logged: VIDEO_gesture_candidate - unknown
2025-12-17 17:22:34,754 - INFO - Saved evidence clip: evidence/videos/gesture_candidate_unknown_20251217_172234.avi
2025-12-17 17:22:34,783 - ERROR - Error queueing clip for gesture: Object of type int32 is not JSON serializable
2025-12-17 17:22:34,847 - INFO - Tracking servo moved to 124°
2025-12-17 17:22:35,002 - INFO - Security event logged: TRACKING_MOVEMENT - unknown
2025-12-17 17:22:35,436 - INFO - Security event logged: VIDEO_gesture_candidate - unknown
2025-12-17 17:22:35,439 - INFO - Saved evidence clip: evidence/videos/gesture_candidate_unknown_20251217_172235.avi
2025-12-17 17:22:35,469 - ERROR - Error queueing clip for gesture: Object of type int32 is not JSON serializable
2025-12-17 17:22:35,530 - INFO - Tracking servo moved to 136°
2025-12-17 17:22:35,787 - INFO - Security event logged: TRACKING_MOVEMENT - unknown
2025-12-17 17:22:36,196 - INFO - Security event logged: VIDEO_gesture_candidate - unknown
2025-12-17 17:22:36,197 - INFO - Saved evidence clip: evidence/videos/gesture_candidate_unknown_20251217_172235.avi
2025-12-17 17:22:36,224 - ERROR - Error queueing clip for gesture: Object of type int32 is not JSON serializable
2025-12-17 17:22:36,299 - INFO - Tracking servo moved to 147°
2025-12-17 17:22:36,454 - INFO - Security event logged: TRACKING_MOVEMENT - unknown
2025-12-17 17:22:36,882 - INFO - Security event logged: VIDEO_gesture_candidate - unknown
2025-12-17 17:22:36,883 - INFO - Saved evidence clip: evidence/videos/gesture_candidate_unknown_20251217_172236.avi
2025-12-17 17:22:36,908 - ERROR - Error queueing clip for gesture: Object of type int32 is not JSON serializable
2025-12-17 17:22:36,958 - INFO - Tracking servo moved to 90°
2025-12-17 17:22:37,105 - INFO - Security event logged: TRACKING_MOVEMENT - unknown
2025-12-17 17:22:44,875 - WARNING - Unknown person detected - starting tracking
2025-12-17 17:22:44,876 - WARNING - 🚨 SECURITY ALERT: INTRUDER_DETECTED
2025-12-17 17:22:44,897 - WARNING - Alert logged: INTRUDER_DETECTED - CRITICAL - Unknown person attempting access
2025-12-17 17:22:44,897 - INFO - 📱 SMS to POLICE: SECURITY ALERT: INTRUDER_DETECTED - Unknown person attempting access - Location: Your Address
2025-12-17 17:22:44,897 - INFO - 📱 SMS to OWNER: HOME SECURITY: INTRUDER_DETECTED - Unknown person attempting access
2025-12-17 17:22:45,056 - INFO - Security event logged: GSM_ALERT_SENT - system
2025-12-17 17:22:45,057 - INFO - 🔒 SECURITY RELAY ACTIVATED - Additional security measures enabled
2025-12-17 17:22:45,206 - INFO - Security event logged: RELAY_ACTIVATED - system
2025-12-17 17:22:45,207 - INFO - Tracking servo moved to 99°
2025-12-17 17:22:45,360 - INFO - Security event logged: TRACKING_MOVEMENT - unknown
2025-12-17 17:22:45,813 - INFO - Security event logged: VIDEO_gesture_candidate - unknown
2025-12-17 17:22:45,814 - INFO - Saved evidence clip: evidence/videos/gesture_candidate_unknown_20251217_172245.avi
2025-12-17 17:22:45,837 - ERROR - Error queueing clip for gesture: Object of type int32 is not JSON serializable
2025-12-17 17:22:46,096 - INFO - Tracking servo moved to 105°
2025-12-17 17:22:46,232 - INFO - Security event logged: TRACKING_MOVEMENT - unknown
2025-12-17 17:22:46,648 - INFO - Security event logged: VIDEO_gesture_candidate - unknown
2025-12-17 17:22:46,649 - INFO - Saved evidence clip: evidence/videos/gesture_candidate_unknown_20251217_172246.avi
2025-12-17 17:22:46,679 - ERROR - Error queueing clip for gesture: Object of type int32 is not JSON serializable
2025-12-17 17:22:46,751 - INFO - DOOR UNLOCKED - Servo 1 rotated 90°
2025-12-17 17:22:46,900 - INFO - Security event logged: DOOR_UNLOCKED - owner
2025-12-17 17:22:49,128 - INFO - Tracking servo moved to 110°
2025-12-17 17:22:49,269 - INFO - Security event logged: TRACKING_MOVEMENT - unknown
2025-12-17 17:22:49,706 - INFO - Security event logged: VIDEO_gesture_candidate - unknown
2025-12-17 17:22:49,706 - INFO - Saved evidence clip: evidence/videos/gesture_candidate_unknown_20251217_172249.avi
2025-12-17 17:22:49,728 - ERROR - Error queueing clip for gesture: Object of type int32 is not JSON serializable
2025-12-17 17:22:49,798 - INFO - Tracking servo moved to 115°
2025-12-17 17:22:49,944 - INFO - Security event logged: TRACKING_MOVEMENT - unknown
2025-12-17 17:22:50,356 - INFO - Security event logged: VIDEO_gesture_candidate - unknown
2025-12-17 17:22:50,357 - INFO - Saved evidence clip: evidence/videos/gesture_candidate_unknown_20251217_172249.avi
2025-12-17 17:22:50,391 - ERROR - Error queueing clip for gesture: Object of type int32 is not JSON serializable
2025-12-17 17:22:50,457 - INFO - Tracking servo moved to 118°
2025-12-17 17:22:50,607 - INFO - Security event logged: TRACKING_MOVEMENT - unknown
2025-12-17 17:22:51,025 - INFO - Security event logged: VIDEO_gesture_candidate - unknown
2025-12-17 17:22:51,025 - INFO - Saved evidence clip: evidence/videos/gesture_candidate_unknown_20251217_172250.avi
2025-12-17 17:22:51,057 - ERROR - Error queueing clip for gesture: Object of type int32 is not JSON serializable
2025-12-17 17:22:51,132 - INFO - Tracking servo moved to 90°
2025-12-17 17:22:51,287 - INFO - Security event logged: TRACKING_MOVEMENT - unknown
2025-12-17 17:22:54,442 - WARNING - Unknown person detected - starting tracking
2025-12-17 17:22:54,444 - WARNING - 🚨 SECURITY ALERT: INTRUDER_DETECTED
2025-12-17 17:22:54,460 - WARNING - Alert logged: INTRUDER_DETECTED - CRITICAL - Unknown person attempting access
2025-12-17 17:22:54,461 - INFO - 📱 SMS to POLICE: SECURITY ALERT: INTRUDER_DETECTED - Unknown person attempting access - Location: Your Address
2025-12-17 17:22:54,461 - INFO - 📱 SMS to OWNER: HOME SECURITY: INTRUDER_DETECTED - Unknown person attempting access
2025-12-17 17:22:54,623 - INFO - Security event logged: GSM_ALERT_SENT - system
2025-12-17 17:22:54,624 - INFO - 🔒 SECURITY RELAY ACTIVATED - Additional security measures enabled
2025-12-17 17:22:54,779 - INFO - Security event logged: RELAY_ACTIVATED - system
2025-12-17 17:22:55,204 - INFO - Security event logged: VIDEO_gesture_candidate - unknown
2025-12-17 17:22:55,205 - INFO - Saved evidence clip: evidence/videos/gesture_candidate_unknown_20251217_172254.avi
2025-12-17 17:22:55,235 - ERROR - Error queueing clip for gesture: Object of type int32 is not JSON serializable
2025-12-17 17:22:55,311 - INFO - Tracking servo moved to 94°
2025-12-17 17:22:55,453 - INFO - Security event logged: TRACKING_MOVEMENT - unknown
2025-12-17 17:22:55,861 - INFO - Security event logged: VIDEO_gesture_candidate - unknown
2025-12-17 17:22:55,862 - INFO - Saved evidence clip: evidence/videos/gesture_candidate_unknown_20251217_172255.avi
2025-12-17 17:22:55,887 - ERROR - Error queueing clip for gesture: Object of type int32 is not JSON serializable
2025-12-17 17:22:55,960 - INFO - Tracking servo moved to 97°
2025-12-17 17:22:56,106 - INFO - Security event logged: TRACKING_MOVEMENT - unknown
2025-12-17 17:22:56,532 - INFO - Security event logged: VIDEO_gesture_candidate - unknown
2025-12-17 17:22:56,532 - INFO - Saved evidence clip: evidence/videos/gesture_candidate_unknown_20251217_172256.avi
2025-12-17 17:22:56,565 - ERROR - Error queueing clip for gesture: Object of type int32 is not JSON serializable
2025-12-17 17:22:56,772 - INFO - Tracking servo moved to 104°
2025-12-17 17:22:56,924 - INFO - Security event logged: TRACKING_MOVEMENT - unknown
2025-12-17 17:22:57,355 - INFO - Security event logged: VIDEO_gesture_candidate - unknown
2025-12-17 17:22:57,355 - INFO - Saved evidence clip: evidence/videos/gesture_candidate_unknown_20251217_172256.avi
2025-12-17 17:22:57,386 - ERROR - Error queueing clip for gesture: Object of type int32 is not JSON serializable
2025-12-17 17:22:57,389 - INFO - DOOR LOCKED - Servo 1 rotated 0°
2025-12-17 17:22:57,575 - INFO - Security event logged: DOOR_LOCKED - system
2025-12-17 17:22:59,412 - INFO - Tracking servo moved to 106°
2025-12-17 17:22:59,576 - INFO - Security event logged: TRACKING_MOVEMENT - unknown
2025-12-17 17:23:00,032 - INFO - Security event logged: VIDEO_gesture_candidate - unknown
2025-12-17 17:23:00,034 - INFO - Saved evidence clip: evidence/videos/gesture_candidate_unknown_20251217_172259.avi
2025-12-17 17:23:00,057 - ERROR - Error queueing clip for gesture: Object of type int32 is not JSON serializable
2025-12-17 17:23:00,544 - INFO - Security event logged: VIDEO_gesture_candidate - unknown
2025-12-17 17:23:00,544 - INFO - Saved evidence clip: evidence/videos/gesture_candidate_unknown_20251217_172300.avi
2025-12-17 17:23:00,572 - ERROR - Error queueing clip for gesture: Object of type int32 is not JSON serializable
2025-12-17 17:23:01,030 - INFO - Security event logged: VIDEO_gesture_candidate - unknown
2025-12-17 17:23:01,030 - INFO - Saved evidence clip: evidence/videos/gesture_candidate_unknown_20251217_172300.avi
2025-12-17 17:23:01,054 - ERROR - Error queueing clip for gesture: Object of type int32 is not JSON serializable
2025-12-17 17:23:01,534 - INFO - Security event logged: VIDEO_gesture_candidate - unknown
2025-12-17 17:23:01,534 - INFO - Saved evidence clip: evidence/videos/gesture_candidate_unknown_20251217_172301.avi
2025-12-17 17:23:01,559 - ERROR - Error queueing clip for gesture: Object of type int32 is not JSON serializable
2025-12-17 17:23:02,018 - INFO - Security event logged: VIDEO_gesture_candidate - unknown
2025-12-17 17:23:02,019 - INFO - Saved evidence clip: evidence/videos/gesture_candidate_unknown_20251217_172301.avi
2025-12-17 17:23:02,043 - ERROR - Error queueing clip for gesture: Object of type int32 is not JSON serializable
2025-12-17 17:23:02,537 - INFO - Security event logged: VIDEO_gesture_candidate - unknown
2025-12-17 17:23:02,538 - INFO - Saved evidence clip: evidence/videos/gesture_candidate_unknown_20251217_172302.avi
2025-12-17 17:23:02,560 - ERROR - Error queueing clip for gesture: Object of type int32 is not JSON serializable
2025-12-17 17:23:03,092 - INFO - Security event logged: VIDEO_gesture_candidate - unknown
2025-12-17 17:23:03,093 - INFO - Saved evidence clip: evidence/videos/gesture_candidate_unknown_20251217_172302.avi
2025-12-17 17:23:03,125 - ERROR - Error queueing clip for gesture: Object of type int32 is not JSON serializable
2025-12-17 17:23:03,618 - INFO - Security event logged: VIDEO_gesture_candidate - unknown
2025-12-17 17:23:03,619 - INFO - Saved evidence clip: evidence/videos/gesture_candidate_unknown_20251217_172303.avi
2025-12-17 17:23:03,641 - ERROR - Error queueing clip for gesture: Object of type int32 is not JSON serializable
2025-12-17 17:23:04,145 - INFO - Security event logged: VIDEO_gesture_candidate - unknown
2025-12-17 17:23:04,147 - INFO - Saved evidence clip: evidence/videos/gesture_candidate_unknown_20251217_172303.avi
2025-12-17 17:23:04,175 - ERROR - Error queueing clip for gesture: Object of type int32 is not JSON serializable
2025-12-17 17:23:04,673 - INFO - Security event logged: VIDEO_gesture_candidate - unknown
2025-12-17 17:23:04,674 - INFO - Saved evidence clip: evidence/videos/gesture_candidate_unknown_20251217_172304.avi
2025-12-17 17:23:04,704 - ERROR - Error queueing clip for gesture: Object of type int32 is not JSON serializable
2025-12-17 17:23:04,770 - INFO - Tracking servo moved to 111°
2025-12-17 17:23:04,931 - INFO - Security event logged: TRACKING_MOVEMENT - unknown
2025-12-17 17:23:05,374 - INFO - Security event logged: VIDEO_gesture_candidate - unknown
2025-12-17 17:23:05,374 - INFO - Saved evidence clip: evidence/videos/gesture_candidate_unknown_20251217_172304.avi
2025-12-17 17:23:05,407 - ERROR - Error queueing clip for gesture: Object of type int32 is not JSON serializable
2025-12-17 17:23:05,472 - INFO - Tracking servo moved to 115°
2025-12-17 17:23:05,660 - INFO - Security event logged: TRACKING_MOVEMENT - unknown
2025-12-17 17:23:06,091 - INFO - Security event logged: VIDEO_gesture_candidate - unknown
2025-12-17 17:23:06,091 - INFO - Saved evidence clip: evidence/videos/gesture_candidate_unknown_20251217_172305.avi
2025-12-17 17:23:06,122 - ERROR - Error queueing clip for gesture: Object of type int32 is not JSON serializable
2025-12-17 17:23:06,191 - INFO - Tracking servo moved to 117°
2025-12-17 17:23:06,360 - INFO - Security event logged: TRACKING_MOVEMENT - unknown
2025-12-17 17:23:06,789 - INFO - Security event logged: VIDEO_gesture_candidate - unknown
2025-12-17 17:23:06,790 - INFO - Saved evidence clip: evidence/videos/gesture_candidate_unknown_20251217_172306.avi
2025-12-17 17:23:06,826 - ERROR - Error queueing clip for gesture: Object of type int32 is not JSON serializable
2025-12-17 17:23:07,361 - INFO - Security event logged: VIDEO_gesture_candidate - unknown
2025-12-17 17:23:07,361 - INFO - Saved evidence clip: evidence/videos/gesture_candidate_unknown_20251217_172306.avi
2025-12-17 17:23:07,395 - ERROR - Error queueing clip for gesture: Object of type int32 is not JSON serializable
2025-12-17 17:23:07,969 - INFO - Security event logged: VIDEO_gesture_candidate - unknown
2025-12-17 17:23:07,970 - INFO - Saved evidence clip: evidence/videos/gesture_candidate_unknown_20251217_172307.avi
2025-12-17 17:23:08,004 - ERROR - Error queueing clip for gesture: Object of type int32 is not JSON serializable
2025-12-17 17:23:08,617 - INFO - Security event logged: VIDEO_gesture_candidate - unknown
2025-12-17 17:23:08,619 - INFO - Saved evidence clip: evidence/videos/gesture_candidate_unknown_20251217_172308.avi
2025-12-17 17:23:08,651 - ERROR - Error queueing clip for gesture: Object of type int32 is not JSON serializable
2025-12-17 17:23:09,208 - INFO - Security event logged: VIDEO_gesture_candidate - unknown
2025-12-17 17:23:09,209 - INFO - Saved evidence clip: evidence/videos/gesture_candidate_unknown_20251217_172308.avi
2025-12-17 17:23:09,244 - ERROR - Error queueing clip for gesture: Object of type int32 is not JSON serializable
2025-12-17 17:23:09,321 - INFO - Tracking servo moved to 121°
2025-12-17 17:23:09,512 - INFO - Security event logged: TRACKING_MOVEMENT - unknown
2025-12-17 17:23:09,999 - INFO - Security event logged: VIDEO_gesture_candidate - unknown
2025-12-17 17:23:10,000 - INFO - Saved evidence clip: evidence/videos/gesture_candidate_unknown_20251217_172309.avi
2025-12-17 17:23:10,029 - ERROR - Error queueing clip for gesture: Object of type int32 is not JSON serializable
2025-12-17 17:23:10,084 - INFO - Tracking servo moved to 90°
2025-12-17 17:23:10,282 - INFO - Security event logged: TRACKING_MOVEMENT - unknown
2025-12-17 17:23:10,509 - WARNING - Unknown person detected - starting tracking
2025-12-17 17:23:10,509 - WARNING - 🚨 SECURITY ALERT: INTRUDER_DETECTED
2025-12-17 17:23:10,525 - WARNING - Alert logged: INTRUDER_DETECTED - CRITICAL - Unknown person attempting access
2025-12-17 17:23:10,526 - INFO - 📱 SMS to POLICE: SECURITY ALERT: INTRUDER_DETECTED - Unknown person attempting access - Location: Your Address
2025-12-17 17:23:10,526 - INFO - 📱 SMS to OWNER: HOME SECURITY: INTRUDER_DETECTED - Unknown person attempting access
2025-12-17 17:23:10,737 - INFO - Security event logged: GSM_ALERT_SENT - system
2025-12-17 17:23:10,738 - INFO - 🔒 SECURITY RELAY ACTIVATED - Additional security measures enabled
2025-12-17 17:23:10,935 - INFO - Security event logged: RELAY_ACTIVATED - system
2025-12-17 17:23:10,936 - INFO - Tracking servo moved to 104°
2025-12-17 17:23:11,108 - INFO - Security event logged: TRACKING_MOVEMENT - unknown
2025-12-17 17:23:11,559 - INFO - Security event logged: VIDEO_gesture_candidate - unknown
2025-12-17 17:23:11,559 - INFO - Saved evidence clip: evidence/videos/gesture_candidate_unknown_20251217_172311.avi
2025-12-17 17:23:11,595 - ERROR - Error queueing clip for gesture: Object of type int32 is not JSON serializable
2025-12-17 17:23:11,659 - INFO - Tracking servo moved to 111°
2025-12-17 17:23:11,848 - INFO - Security event logged: TRACKING_MOVEMENT - unknown
2025-12-17 17:23:12,323 - INFO - Security event logged: VIDEO_gesture_candidate - unknown
2025-12-17 17:23:12,324 - INFO - Saved evidence clip: evidence/videos/gesture_candidate_unknown_20251217_172311.avi
2025-12-17 17:23:12,356 - ERROR - Error queueing clip for gesture: Object of type int32 is not JSON serializable
2025-12-17 17:23:12,428 - INFO - Tracking servo moved to 120°
2025-12-17 17:23:12,631 - INFO - Security event logged: TRACKING_MOVEMENT - unknown
2025-12-17 17:23:13,166 - INFO - Security event logged: VIDEO_gesture_candidate - unknown
2025-12-17 17:23:13,167 - INFO - Saved evidence clip: evidence/videos/gesture_candidate_unknown_20251217_172312.avi
2025-12-17 17:23:13,200 - ERROR - Error queueing clip for gesture: Object of type int32 is not JSON serializable
2025-12-17 17:23:14,337 - INFO - Tracking servo moved to 125°
2025-12-17 17:23:14,541 - INFO - Security event logged: TRACKING_MOVEMENT - unknown
2025-12-17 17:23:15,011 - INFO - Security event logged: VIDEO_gesture_candidate - unknown
2025-12-17 17:23:15,011 - INFO - Saved evidence clip: evidence/videos/gesture_candidate_unknown_20251217_172314.avi
2025-12-17 17:23:15,038 - ERROR - Error queueing clip for gesture: Object of type int32 is not JSON serializable
2025-12-17 17:23:15,519 - INFO - Security event logged: VIDEO_gesture_candidate - unknown
2025-12-17 17:23:15,520 - INFO - Saved evidence clip: evidence/videos/gesture_candidate_unknown_20251217_172315.avi
2025-12-17 17:23:15,545 - ERROR - Error queueing clip for gesture: Object of type int32 is not JSON serializable
2025-12-17 17:23:15,619 - INFO - Tracking servo moved to 128°
2025-12-17 17:23:15,786 - INFO - Security event logged: TRACKING_MOVEMENT - unknown
2025-12-17 17:23:16,254 - INFO - Security event logged: VIDEO_gesture_candidate - unknown
2025-12-17 17:23:16,255 - INFO - Saved evidence clip: evidence/videos/gesture_candidate_unknown_20251217_172315.avi
2025-12-17 17:23:16,285 - ERROR - Error queueing clip for gesture: Object of type int32 is not JSON serializable
2025-12-17 17:23:16,376 - INFO - Tracking servo moved to 133°
2025-12-17 17:23:16,556 - INFO - Security event logged: TRACKING_MOVEMENT - unknown
2025-12-17 17:23:17,020 - INFO - Security event logged: VIDEO_gesture_candidate - unknown
2025-12-17 17:23:17,020 - INFO - Saved evidence clip: evidence/videos/gesture_candidate_unknown_20251217_172316.avi
2025-12-17 17:23:17,053 - ERROR - Error queueing clip for gesture: Object of type int32 is not JSON serializable
2025-12-17 17:23:17,119 - INFO - Tracking servo moved to 137°
2025-12-17 17:23:17,301 - INFO - Security event logged: TRACKING_MOVEMENT - unknown
2025-12-17 17:23:17,753 - INFO - Security event logged: VIDEO_gesture_candidate - unknown
2025-12-17 17:23:17,753 - INFO - Saved evidence clip: evidence/videos/gesture_candidate_unknown_20251217_172317.avi
2025-12-17 17:23:17,786 - ERROR - Error queueing clip for gesture: Object of type int32 is not JSON serializable
2025-12-17 17:23:18,888 - INFO - Tracking servo moved to 143°
2025-12-17 17:23:18,978 - INFO - Security event logged: TRACKING_MOVEMENT - unknown
2025-12-17 17:23:19,235 - INFO - Security event logged: VIDEO_gesture_candidate - unknown
2025-12-17 17:23:19,236 - INFO - Saved evidence clip: evidence/videos/gesture_candidate_unknown_20251217_172318.avi
2025-12-17 17:23:19,249 - ERROR - Error queueing clip for gesture: Object of type int32 is not JSON serializable
2025-12-17 17:23:19,302 - INFO - Tracking servo moved to 149°
2025-12-17 17:23:19,398 - INFO - Security event logged: TRACKING_MOVEMENT - unknown
2025-12-17 17:23:19,675 - INFO - Security event logged: VIDEO_gesture_candidate - unknown
2025-12-17 17:23:19,675 - INFO - Saved evidence clip: evidence/videos/gesture_candidate_unknown_20251217_172319.avi
2025-12-17 17:23:19,690 - ERROR - Error queueing clip for gesture: Object of type int32 is not JSON serializable
2025-12-17 17:23:19,726 - INFO - Tracking servo moved to 152°
2025-12-17 17:23:19,827 - INFO - Security event logged: TRACKING_MOVEMENT - unknown
2025-12-17 17:23:20,099 - INFO - Security event logged: VIDEO_gesture_candidate - unknown
2025-12-17 17:23:20,099 - INFO - Saved evidence clip: evidence/videos/gesture_candidate_unknown_20251217_172319.avi
2025-12-17 17:23:20,112 - ERROR - Error queueing clip for gesture: Object of type int32 is not JSON serializable
2025-12-17 17:23:20,143 - INFO - Tracking servo moved to 90°
2025-12-17 17:23:20,228 - INFO - Security event logged: TRACKING_MOVEMENT - unknown
2025-12-17 17:23:20,322 - WARNING - Unknown person detected - starting tracking
2025-12-17 17:23:20,322 - WARNING - 🚨 SECURITY ALERT: INTRUDER_DETECTED
2025-12-17 17:23:20,333 - WARNING - Alert logged: INTRUDER_DETECTED - CRITICAL - Unknown person attempting access
2025-12-17 17:23:20,333 - INFO - 📱 SMS to POLICE: SECURITY ALERT: INTRUDER_DETECTED - Unknown person attempting access - Location: Your Address
2025-12-17 17:23:20,333 - INFO - 📱 SMS to OWNER: HOME SECURITY: INTRUDER_DETECTED - Unknown person attempting access
2025-12-17 17:23:20,438 - INFO - Security event logged: GSM_ALERT_SENT - system
2025-12-17 17:23:20,438 - INFO - 🔒 SECURITY RELAY ACTIVATED - Additional security measures enabled
2025-12-17 17:23:20,560 - INFO - Security event logged: RELAY_ACTIVATED - system
2025-12-17 17:23:20,886 - INFO - Security event logged: VIDEO_gesture_candidate - unknown
2025-12-17 17:23:20,886 - INFO - Saved evidence clip: evidence/videos/gesture_candidate_unknown_20251217_172320.avi
2025-12-17 17:23:20,908 - ERROR - Error queueing clip for gesture: Object of type int32 is not JSON serializable
2025-12-17 17:23:21,231 - INFO - Security event logged: VIDEO_gesture_candidate - unknown
2025-12-17 17:23:21,231 - INFO - Saved evidence clip: evidence/videos/gesture_candidate_unknown_20251217_172320.avi
2025-12-17 17:23:21,246 - ERROR - Error queueing clip for gesture: Object of type int32 is not JSON serializable
2025-12-17 17:23:21,604 - INFO - Security event logged: VIDEO_gesture_candidate - unknown
2025-12-17 17:23:21,605 - INFO - Saved evidence clip: evidence/videos/gesture_candidate_unknown_20251217_172321.avi
2025-12-17 17:23:21,623 - ERROR - Error queueing clip for gesture: Object of type int32 is not JSON serializable
2025-12-17 17:23:21,943 - INFO - Security event logged: VIDEO_gesture_candidate - unknown
2025-12-17 17:23:21,944 - INFO - Saved evidence clip: evidence/videos/gesture_candidate_unknown_20251217_172321.avi
2025-12-17 17:23:21,967 - ERROR - Error queueing clip for gesture: Object of type int32 is not JSON serializable
2025-12-17 17:23:22,330 - INFO - Security event logged: VIDEO_gesture_candidate - unknown
2025-12-17 17:23:22,331 - INFO - Saved evidence clip: evidence/videos/gesture_candidate_unknown_20251217_172322.avi
2025-12-17 17:23:22,348 - ERROR - Error queueing clip for gesture: Object of type int32 is not JSON serializable
2025-12-17 17:23:23,271 - INFO - Gesture result poller stopped
2025-12-17 17:23:23,502 - INFO - Security System stopped and cleaned up
2025-12-17 17:40:51,046 - INFO - Face recognition model loaded successfully
2025-12-17 17:40:51,046 - INFO - Known faces: ['owner']
2025-12-17 17:40:51,051 - INFO - Database setup completed
2025-12-17 17:40:51,051 - INFO - File storage setup completed
2025-12-17 17:40:51,052 - WARNING - Could not establish serial connection: could not open port 'COM11': FileNotFoundError(2, 'The system cannot find the file specified.', None, 2). Running in simulation mode.
2025-12-17 17:40:51,052 - INFO - Camera Tracking System initialized
2025-12-17 17:40:51,052 - INFO - Gesture result poller started
2025-12-17 17:40:51,053 - INFO - Security System STARTED - Press 'q' to quit, 't' to train, 'l' to lock door
2025-12-17 17:40:52,985 - WARNING - [ALERT] SECURITY ALERT: SUSPICIOUS_MOTION
2025-12-17 17:40:52,992 - WARNING - Alert logged: SUSPICIOUS_MOTION - HIGH - Suspicious movement detected near entrance
2025-12-17 17:40:52,992 - INFO - SMS to POLICE: SECURITY ALERT: SUSPICIOUS_MOTION - Suspicious movement detected near entrance - Location: Your Address
2025-12-17 17:40:52,992 - INFO - SMS to OWNER: HOME SECURITY: SUSPICIOUS_MOTION - Suspicious movement detected near entrance
2025-12-17 17:40:53,089 - INFO - Security event logged: GSM_ALERT_SENT - system
2025-12-17 17:40:53,090 - INFO - SECURITY RELAY ACTIVATED - Additional security measures enabled
2025-12-17 17:40:53,196 - INFO - Security event logged: RELAY_ACTIVATED - system
2025-12-17 17:40:53,298 - ERROR - Can't receive frame from camera
2025-12-17 17:40:53,298 - INFO - Security System stopped and cleaned up
2025-12-17 17:48:41,415 - INFO - Face recognition model loaded successfully
2025-12-17 17:48:41,416 - INFO - Known faces: ['owner']
2025-12-17 17:48:41,421 - INFO - Database setup completed
2025-12-17 17:48:41,423 - INFO - File storage setup completed
2025-12-17 17:48:41,425 - WARNING - Could not establish serial connection: could not open port 'COM11': FileNotFoundError(2, 'The system cannot find the file specified.', None, 2). Running in simulation mode.
2025-12-17 17:48:41,426 - INFO - Camera Tracking System initialized
2025-12-17 17:49:04,102 - INFO - Camera initialized successfully
2025-12-17 17:49:04,106 - INFO - Gesture result poller started
2025-12-17 17:49:04,106 - INFO - Security System STARTED - Press 'q' to quit, 't' to train, 'l' to lock door
2025-12-17 17:49:04,372 - WARNING - Unknown person detected - starting tracking
2025-12-17 17:49:04,372 - WARNING - [ALERT] SECURITY ALERT: INTRUDER_DETECTED
2025-12-17 17:49:04,380 - WARNING - Alert logged: INTRUDER_DETECTED - CRITICAL - Unknown person attempting access
2025-12-17 17:49:04,381 - INFO - SMS to POLICE: SECURITY ALERT: INTRUDER_DETECTED - Unknown person attempting access - Location: Your Address
2025-12-17 17:49:04,381 - INFO - SMS to OWNER: HOME SECURITY: INTRUDER_DETECTED - Unknown person attempting access
2025-12-17 17:49:04,498 - INFO - Security event logged: GSM_ALERT_SENT - system
2025-12-17 17:49:04,499 - INFO - SECURITY RELAY ACTIVATED - Additional security measures enabled
2025-12-17 17:49:04,599 - INFO - Security event logged: RELAY_ACTIVATED - system
2025-12-17 17:49:04,600 - INFO - Tracking servo moved to 84°
2025-12-17 17:49:04,699 - INFO - Security event logged: TRACKING_MOVEMENT - unknown
2025-12-17 17:49:04,839 - INFO - Security event logged: VIDEO_gesture_candidate - unknown
2025-12-17 17:49:04,839 - INFO - Saved evidence clip: evidence/videos/gesture_candidate_unknown_20251217_174904.avi
2025-12-17 17:49:04,860 - ERROR - Error queueing clip for gesture: Object of type int32 is not JSON serializable
2025-12-17 17:49:05,119 - INFO - Security event logged: VIDEO_gesture_candidate - unknown
2025-12-17 17:49:05,120 - INFO - Saved evidence clip: evidence/videos/gesture_candidate_unknown_20251217_174904.avi
2025-12-17 17:49:05,140 - ERROR - Error queueing clip for gesture: Object of type int32 is not JSON serializable
2025-12-17 17:49:05,145 - WARNING - [ALERT] SECURITY ALERT: SUSPICIOUS_MOTION
2025-12-17 17:49:05,158 - WARNING - Alert logged: SUSPICIOUS_MOTION - HIGH - Suspicious movement detected near entrance
2025-12-17 17:49:05,158 - INFO - SMS to POLICE: SECURITY ALERT: SUSPICIOUS_MOTION - Suspicious movement detected near entrance - Location: Your Address
2025-12-17 17:49:05,158 - INFO - SMS to OWNER: HOME SECURITY: SUSPICIOUS_MOTION - Suspicious movement detected near entrance
2025-12-17 17:49:05,301 - INFO - Security event logged: GSM_ALERT_SENT - system
2025-12-17 17:49:05,302 - INFO - SECURITY RELAY ACTIVATED - Additional security measures enabled
2025-12-17 17:49:05,456 - INFO - Security event logged: RELAY_ACTIVATED - system
2025-12-17 17:49:05,835 - INFO - Tracking servo moved to 79°
2025-12-17 17:49:05,982 - INFO - Security event logged: TRACKING_MOVEMENT - unknown
2025-12-17 17:49:06,214 - INFO - Security event logged: VIDEO_gesture_candidate - unknown
2025-12-17 17:49:06,216 - INFO - Saved evidence clip: evidence/videos/gesture_candidate_unknown_20251217_174906.avi
2025-12-17 17:49:06,240 - ERROR - Error queueing clip for gesture: Object of type int32 is not JSON serializable
2025-12-17 17:49:07,035 - INFO - Tracking servo moved to 74°
2025-12-17 17:49:07,188 - INFO - Security event logged: TRACKING_MOVEMENT - unknown
2025-12-17 17:49:07,404 - INFO - Security event logged: VIDEO_gesture_candidate - unknown
2025-12-17 17:49:07,406 - INFO - Saved evidence clip: evidence/videos/gesture_candidate_unknown_20251217_174907.avi
2025-12-17 17:49:07,424 - ERROR - Error queueing clip for gesture: Object of type int32 is not JSON serializable
2025-12-17 17:49:08,476 - INFO - Tracking servo moved to 69°
2025-12-17 17:49:08,559 - INFO - Security event logged: TRACKING_MOVEMENT - unknown
2025-12-17 17:49:08,847 - INFO - Security event logged: VIDEO_gesture_candidate - unknown
2025-12-17 17:49:08,848 - INFO - Saved evidence clip: evidence/videos/gesture_candidate_unknown_20251217_174908.avi
2025-12-17 17:49:08,866 - ERROR - Error queueing clip for gesture: Object of type int32 is not JSON serializable
2025-12-17 17:49:08,907 - INFO - Tracking servo moved to 65°
2025-12-17 17:49:09,003 - INFO - Security event logged: TRACKING_MOVEMENT - unknown
2025-12-17 17:49:09,285 - INFO - Security event logged: VIDEO_gesture_candidate - unknown
2025-12-17 17:49:09,287 - INFO - Saved evidence clip: evidence/videos/gesture_candidate_unknown_20251217_174909.avi
2025-12-17 17:49:09,301 - ERROR - Error queueing clip for gesture: Object of type int32 is not JSON serializable
2025-12-17 17:49:09,610 - INFO - Security event logged: VIDEO_gesture_candidate - unknown
2025-12-17 17:49:09,610 - INFO - Saved evidence clip: evidence/videos/gesture_candidate_unknown_20251217_174909.avi
2025-12-17 17:49:09,624 - ERROR - Error queueing clip for gesture: Object of type int32 is not JSON serializable
2025-12-17 17:49:09,910 - INFO - Security event logged: VIDEO_gesture_candidate - unknown
2025-12-17 17:49:09,911 - INFO - Saved evidence clip: evidence/videos/gesture_candidate_unknown_20251217_174909.avi
2025-12-17 17:49:09,926 - ERROR - Error queueing clip for gesture: Object of type int32 is not JSON serializable
2025-12-17 17:49:10,206 - INFO - Security event logged: VIDEO_gesture_candidate - unknown
2025-12-17 17:49:10,207 - INFO - Saved evidence clip: evidence/videos/gesture_candidate_unknown_20251217_174909.avi
2025-12-17 17:49:10,221 - ERROR - Error queueing clip for gesture: Object of type int32 is not JSON serializable
2025-12-17 17:49:10,488 - INFO - Security event logged: VIDEO_gesture_candidate - unknown
2025-12-17 17:49:10,488 - INFO - Saved evidence clip: evidence/videos/gesture_candidate_unknown_20251217_174910.avi
2025-12-17 17:49:10,504 - ERROR - Error queueing clip for gesture: Object of type int32 is not JSON serializable
2025-12-17 17:49:10,790 - INFO - Security event logged: VIDEO_gesture_candidate - unknown
2025-12-17 17:49:10,791 - INFO - Saved evidence clip: evidence/videos/gesture_candidate_unknown_20251217_174910.avi
2025-12-17 17:49:10,806 - ERROR - Error queueing clip for gesture: Object of type int32 is not JSON serializable
2025-12-17 17:49:11,153 - INFO - Security event logged: VIDEO_gesture_candidate - unknown
2025-12-17 17:49:11,155 - INFO - Saved evidence clip: evidence/videos/gesture_candidate_unknown_20251217_174910.avi
2025-12-17 17:49:11,170 - ERROR - Error queueing clip for gesture: Object of type int32 is not JSON serializable
2025-12-17 17:49:11,483 - INFO - Security event logged: VIDEO_gesture_candidate - unknown
2025-12-17 17:49:11,483 - INFO - Saved evidence clip: evidence/videos/gesture_candidate_unknown_20251217_174911.avi
2025-12-17 17:49:11,497 - ERROR - Error queueing clip for gesture: Object of type int32 is not JSON serializable
2025-12-17 17:49:11,547 - INFO - Tracking servo moved to 90°
2025-12-17 17:49:11,648 - INFO - Security event logged: TRACKING_MOVEMENT - unknown
2025-12-17 17:49:11,715 - WARNING - Unknown person detected - starting tracking
2025-12-17 17:49:11,716 - WARNING - [ALERT] SECURITY ALERT: INTRUDER_DETECTED
2025-12-17 17:49:11,728 - WARNING - Alert logged: INTRUDER_DETECTED - CRITICAL - Unknown person attempting access
2025-12-17 17:49:11,728 - INFO - SMS to POLICE: SECURITY ALERT: INTRUDER_DETECTED - Unknown person attempting access - Location: Your Address
2025-12-17 17:49:11,729 - INFO - SMS to OWNER: HOME SECURITY: INTRUDER_DETECTED - Unknown person attempting access
2025-12-17 17:49:11,836 - INFO - Security event logged: GSM_ALERT_SENT - system
2025-12-17 17:49:11,837 - INFO - SECURITY RELAY ACTIVATED - Additional security measures enabled
2025-12-17 17:49:11,950 - INFO - Security event logged: RELAY_ACTIVATED - system
2025-12-17 17:49:12,240 - INFO - Security event logged: VIDEO_gesture_candidate - unknown
2025-12-17 17:49:12,240 - INFO - Saved evidence clip: evidence/videos/gesture_candidate_unknown_20251217_174911.avi
2025-12-17 17:49:12,260 - ERROR - Error queueing clip for gesture: Object of type int32 is not JSON serializable
2025-12-17 17:49:12,577 - INFO - Security event logged: VIDEO_gesture_candidate - unknown
2025-12-17 17:49:12,578 - INFO - Saved evidence clip: evidence/videos/gesture_candidate_unknown_20251217_174912.avi
2025-12-17 17:49:12,596 - ERROR - Error queueing clip for gesture: Object of type int32 is not JSON serializable
2025-12-17 17:49:12,957 - INFO - Security event logged: VIDEO_gesture_candidate - unknown
2025-12-17 17:49:12,957 - INFO - Saved evidence clip: evidence/videos/gesture_candidate_unknown_20251217_174912.avi
2025-12-17 17:49:12,972 - ERROR - Error queueing clip for gesture: Object of type int32 is not JSON serializable
2025-12-17 17:49:14,409 - INFO - Tracking servo moved to 86°
2025-12-17 17:49:14,677 - INFO - Security event logged: TRACKING_MOVEMENT - unknown
2025-12-17 17:49:14,989 - INFO - Security event logged: VIDEO_gesture_candidate - unknown
2025-12-17 17:49:14,989 - INFO - Saved evidence clip: evidence/videos/gesture_candidate_unknown_20251217_174914.avi
2025-12-17 17:49:15,011 - ERROR - Error queueing clip for gesture: Object of type int32 is not JSON serializable
2025-12-17 17:49:15,068 - INFO - Tracking servo moved to 81°
2025-12-17 17:49:15,158 - INFO - Security event logged: TRACKING_MOVEMENT - unknown
2025-12-17 17:49:15,404 - INFO - Security event logged: VIDEO_gesture_candidate - unknown
2025-12-17 17:49:15,405 - INFO - Saved evidence clip: evidence/videos/gesture_candidate_unknown_20251217_174915.avi
2025-12-17 17:49:15,420 - ERROR - Error queueing clip for gesture: Object of type int32 is not JSON serializable
2025-12-17 17:49:16,734 - INFO - Tracking servo moved to 90°
2025-12-17 17:49:16,835 - INFO - Security event logged: TRACKING_MOVEMENT - unknown
2025-12-17 17:49:18,409 - WARNING - Unknown person detected - starting tracking
2025-12-17 17:49:18,410 - WARNING - [ALERT] SECURITY ALERT: INTRUDER_DETECTED
2025-12-17 17:49:18,417 - WARNING - Alert logged: INTRUDER_DETECTED - CRITICAL - Unknown person attempting access
2025-12-17 17:49:18,418 - INFO - SMS to POLICE: SECURITY ALERT: INTRUDER_DETECTED - Unknown person attempting access - Location: Your Address
2025-12-17 17:49:18,418 - INFO - SMS to OWNER: HOME SECURITY: INTRUDER_DETECTED - Unknown person attempting access
2025-12-17 17:49:18,511 - INFO - Security event logged: GSM_ALERT_SENT - system
2025-12-17 17:49:18,512 - INFO - SECURITY RELAY ACTIVATED - Additional security measures enabled
2025-12-17 17:49:18,623 - INFO - Security event logged: RELAY_ACTIVATED - system
2025-12-17 17:49:18,624 - INFO - Tracking servo moved to 84°
2025-12-17 17:49:18,730 - INFO - Security event logged: TRACKING_MOVEMENT - unknown
2025-12-17 17:49:19,022 - INFO - Security event logged: VIDEO_gesture_candidate - unknown
2025-12-17 17:49:19,023 - INFO - Saved evidence clip: evidence/videos/gesture_candidate_unknown_20251217_174918.avi
2025-12-17 17:49:19,040 - ERROR - Error queueing clip for gesture: Object of type int32 is not JSON serializable
2025-12-17 17:49:19,383 - INFO - Security event logged: VIDEO_gesture_candidate - unknown
2025-12-17 17:49:19,383 - INFO - Saved evidence clip: evidence/videos/gesture_candidate_unknown_20251217_174919.avi
2025-12-17 17:49:19,427 - ERROR - Error queueing clip for gesture: Object of type int32 is not JSON serializable
2025-12-17 17:49:21,410 - INFO - Tracking servo moved to 94°
2025-12-17 17:49:21,525 - INFO - Security event logged: TRACKING_MOVEMENT - unknown
2025-12-17 17:49:21,787 - INFO - Security event logged: VIDEO_gesture_candidate - unknown
2025-12-17 17:49:21,788 - INFO - Saved evidence clip: evidence/videos/gesture_candidate_unknown_20251217_174921.avi
2025-12-17 17:49:21,801 - ERROR - Error queueing clip for gesture: Object of type int32 is not JSON serializable
2025-12-17 17:49:22,344 - INFO - Tracking servo moved to 84°
2025-12-17 17:49:22,469 - INFO - Security event logged: TRACKING_MOVEMENT - unknown
2025-12-17 17:49:22,783 - INFO - Security event logged: VIDEO_gesture_candidate - unknown
2025-12-17 17:49:22,784 - INFO - Saved evidence clip: evidence/videos/gesture_candidate_unknown_20251217_174922.avi
2025-12-17 17:49:22,797 - ERROR - Error queueing clip for gesture: Object of type int32 is not JSON serializable
2025-12-17 17:49:23,546 - INFO - Security event logged: VIDEO_gesture_candidate - unknown
2025-12-17 17:49:23,547 - INFO - Saved evidence clip: evidence/videos/gesture_candidate_unknown_20251217_174923.avi
2025-12-17 17:49:23,564 - ERROR - Error queueing clip for gesture: Object of type int32 is not JSON serializable
2025-12-17 17:49:23,602 - INFO - Tracking servo moved to 90°
2025-12-17 17:49:23,686 - INFO - Security event logged: TRACKING_MOVEMENT - unknown
2025-12-17 17:49:24,409 - INFO - DOOR UNLOCKED - Servo 1 rotated 90°
2025-12-17 17:49:24,510 - INFO - Security event logged: DOOR_UNLOCKED - owner
2025-12-17 17:49:25,015 - WARNING - Unknown person detected - starting tracking
2025-12-17 17:49:25,015 - WARNING - [ALERT] SECURITY ALERT: INTRUDER_DETECTED
2025-12-17 17:49:25,024 - WARNING - Alert logged: INTRUDER_DETECTED - CRITICAL - Unknown person attempting access
2025-12-17 17:49:25,025 - INFO - SMS to POLICE: SECURITY ALERT: INTRUDER_DETECTED - Unknown person attempting access - Location: Your Address
2025-12-17 17:49:25,025 - INFO - SMS to OWNER: HOME SECURITY: INTRUDER_DETECTED - Unknown person attempting access
2025-12-17 17:49:25,131 - INFO - Security event logged: GSM_ALERT_SENT - system
2025-12-17 17:49:25,131 - INFO - SECURITY RELAY ACTIVATED - Additional security measures enabled
2025-12-17 17:49:25,234 - INFO - Security event logged: RELAY_ACTIVATED - system
2025-12-17 17:49:25,489 - INFO - Security event logged: VIDEO_gesture_candidate - unknown
2025-12-17 17:49:25,491 - INFO - Saved evidence clip: evidence/videos/gesture_candidate_unknown_20251217_174925.avi
2025-12-17 17:49:25,508 - ERROR - Error queueing clip for gesture: Object of type int32 is not JSON serializable
2025-12-17 17:49:25,858 - INFO - Security event logged: VIDEO_gesture_candidate - unknown
2025-12-17 17:49:25,859 - INFO - Saved evidence clip: evidence/videos/gesture_candidate_unknown_20251217_174925.avi
2025-12-17 17:49:25,877 - ERROR - Error queueing clip for gesture: Object of type int32 is not JSON serializable
2025-12-17 17:49:26,214 - INFO - Security event logged: VIDEO_gesture_candidate - unknown
2025-12-17 17:49:26,215 - INFO - Saved evidence clip: evidence/videos/gesture_candidate_unknown_20251217_174925.avi
2025-12-17 17:49:26,230 - ERROR - Error queueing clip for gesture: Object of type int32 is not JSON serializable
2025-12-17 17:49:26,748 - INFO - Tracking servo moved to 83°
2025-12-17 17:49:26,842 - INFO - Security event logged: TRACKING_MOVEMENT - unknown
2025-12-17 17:49:27,123 - INFO - Security event logged: VIDEO_gesture_candidate - unknown
2025-12-17 17:49:27,123 - INFO - Saved evidence clip: evidence/videos/gesture_candidate_unknown_20251217_174926.avi
2025-12-17 17:49:27,143 - ERROR - Error queueing clip for gesture: Object of type int32 is not JSON serializable
2025-12-17 17:49:27,200 - INFO - Tracking servo moved to 78°
2025-12-17 17:49:27,291 - INFO - Security event logged: TRACKING_MOVEMENT - unknown
2025-12-17 17:49:27,556 - INFO - Security event logged: VIDEO_gesture_candidate - unknown
2025-12-17 17:49:27,557 - INFO - Saved evidence clip: evidence/videos/gesture_candidate_unknown_20251217_174927.avi
2025-12-17 17:49:27,578 - ERROR - Error queueing clip for gesture: Object of type int32 is not JSON serializable
2025-12-17 17:49:27,635 - INFO - Tracking servo moved to 74°
2025-12-17 17:49:27,730 - INFO - Security event logged: TRACKING_MOVEMENT - unknown
2025-12-17 17:49:28,040 - INFO - Security event logged: VIDEO_gesture_candidate - unknown
2025-12-17 17:49:28,040 - INFO - Saved evidence clip: evidence/videos/gesture_candidate_unknown_20251217_174927.avi
2025-12-17 17:49:28,057 - ERROR - Error queueing clip for gesture: Object of type int32 is not JSON serializable
2025-12-17 17:49:28,672 - INFO - Tracking servo moved to 69°
2025-12-17 17:49:28,755 - INFO - Security event logged: TRACKING_MOVEMENT - unknown
2025-12-17 17:49:28,998 - INFO - Security event logged: VIDEO_gesture_candidate - unknown
2025-12-17 17:49:29,000 - INFO - Saved evidence clip: evidence/videos/gesture_candidate_unknown_20251217_174928.avi
2025-12-17 17:49:29,025 - ERROR - Error queueing clip for gesture: Object of type int32 is not JSON serializable
2025-12-17 17:49:29,952 - INFO - Tracking servo moved to 64°
2025-12-17 17:49:30,064 - INFO - Security event logged: TRACKING_MOVEMENT - unknown
2025-12-17 17:49:30,336 - INFO - Security event logged: VIDEO_gesture_candidate - unknown
2025-12-17 17:49:30,337 - INFO - Saved evidence clip: evidence/videos/gesture_candidate_unknown_20251217_174930.avi
2025-12-17 17:49:30,354 - ERROR - Error queueing clip for gesture: Object of type int32 is not JSON serializable
2025-12-17 17:49:30,389 - INFO - Tracking servo moved to 90°
2025-12-17 17:49:30,479 - INFO - Security event logged: TRACKING_MOVEMENT - unknown
2025-12-17 17:49:30,537 - WARNING - Unknown person detected - starting tracking
2025-12-17 17:49:30,540 - WARNING - [ALERT] SECURITY ALERT: INTRUDER_DETECTED
2025-12-17 17:49:30,550 - WARNING - Alert logged: INTRUDER_DETECTED - CRITICAL - Unknown person attempting access
2025-12-17 17:49:30,550 - INFO - SMS to POLICE: SECURITY ALERT: INTRUDER_DETECTED - Unknown person attempting access - Location: Your Address
2025-12-17 17:49:30,550 - INFO - SMS to OWNER: HOME SECURITY: INTRUDER_DETECTED - Unknown person attempting access
2025-12-17 17:49:30,652 - INFO - Security event logged: GSM_ALERT_SENT - system
2025-12-17 17:49:30,653 - INFO - SECURITY RELAY ACTIVATED - Additional security measures enabled
2025-12-17 17:49:30,777 - INFO - Security event logged: RELAY_ACTIVATED - system
2025-12-17 17:49:30,779 - INFO - Tracking servo moved to 95°
2025-12-17 17:49:30,877 - INFO - Security event logged: TRACKING_MOVEMENT - unknown
2025-12-17 17:49:31,123 - INFO - Security event logged: VIDEO_gesture_candidate - unknown
2025-12-17 17:49:31,123 - INFO - Saved evidence clip: evidence/videos/gesture_candidate_unknown_20251217_174930.avi
2025-12-17 17:49:31,141 - ERROR - Error queueing clip for gesture: Object of type int32 is not JSON serializable
2025-12-17 17:49:34,154 - INFO - Tracking servo moved to 102°
2025-12-17 17:49:34,271 - INFO - Security event logged: TRACKING_MOVEMENT - unknown
2025-12-17 17:49:34,557 - INFO - Security event logged: VIDEO_gesture_candidate - unknown
2025-12-17 17:49:34,559 - INFO - Saved evidence clip: evidence/videos/gesture_candidate_unknown_20251217_174934.avi
2025-12-17 17:49:34,576 - ERROR - Error queueing clip for gesture: Object of type int32 is not JSON serializable
2025-12-17 17:49:34,583 - INFO - DOOR LOCKED - Servo 1 rotated 0°
2025-12-17 17:49:34,676 - INFO - Security event logged: DOOR_LOCKED - system
2025-12-17 17:49:34,727 - INFO - Tracking servo moved to 107°
2025-12-17 17:49:34,829 - INFO - Security event logged: TRACKING_MOVEMENT - unknown
2025-12-17 17:49:35,102 - INFO - Security event logged: VIDEO_gesture_candidate - unknown
2025-12-17 17:49:35,103 - INFO - Saved evidence clip: evidence/videos/gesture_candidate_unknown_20251217_174934.avi
2025-12-17 17:49:35,120 - ERROR - Error queueing clip for gesture: Object of type int32 is not JSON serializable
2025-12-17 17:49:35,174 - INFO - Tracking servo moved to 112°
2025-12-17 17:49:35,277 - INFO - Security event logged: TRACKING_MOVEMENT - unknown
2025-12-17 17:49:35,556 - INFO - Security event logged: VIDEO_gesture_candidate - unknown
2025-12-17 17:49:35,557 - INFO - Saved evidence clip: evidence/videos/gesture_candidate_unknown_20251217_174935.avi
2025-12-17 17:49:35,574 - ERROR - Error queueing clip for gesture: Object of type int32 is not JSON serializable
2025-12-17 17:49:35,614 - INFO - Tracking servo moved to 90°
2025-12-17 17:49:35,719 - INFO - Security event logged: TRACKING_MOVEMENT - unknown
2025-12-17 17:49:35,769 - WARNING - Unknown person detected - starting tracking
2025-12-17 17:49:35,769 - WARNING - [ALERT] SECURITY ALERT: INTRUDER_DETECTED
2025-12-17 17:49:35,778 - WARNING - Alert logged: INTRUDER_DETECTED - CRITICAL - Unknown person attempting access
2025-12-17 17:49:35,778 - INFO - SMS to POLICE: SECURITY ALERT: INTRUDER_DETECTED - Unknown person attempting access - Location: Your Address
2025-12-17 17:49:35,778 - INFO - SMS to OWNER: HOME SECURITY: INTRUDER_DETECTED - Unknown person attempting access
2025-12-17 17:49:35,886 - INFO - Security event logged: GSM_ALERT_SENT - system
2025-12-17 17:49:35,887 - INFO - SECURITY RELAY ACTIVATED - Additional security measures enabled
2025-12-17 17:49:36,012 - INFO - Security event logged: RELAY_ACTIVATED - system
2025-12-17 17:49:36,013 - INFO - Tracking servo moved to 94°
2025-12-17 17:49:36,120 - INFO - Security event logged: TRACKING_MOVEMENT - unknown
2025-12-17 17:49:36,413 - INFO - Security event logged: VIDEO_gesture_candidate - unknown
2025-12-17 17:49:36,414 - INFO - Saved evidence clip: evidence/videos/gesture_candidate_unknown_20251217_174936.avi
2025-12-17 17:49:36,437 - ERROR - Error queueing clip for gesture: Object of type int32 is not JSON serializable
2025-12-17 17:49:36,550 - INFO - Tracking servo moved to 98°
2025-12-17 17:49:36,661 - INFO - Security event logged: TRACKING_MOVEMENT - unknown
2025-12-17 17:49:36,924 - INFO - Security event logged: VIDEO_gesture_candidate - unknown
2025-12-17 17:49:36,924 - INFO - Saved evidence clip: evidence/videos/gesture_candidate_unknown_20251217_174936.avi
2025-12-17 17:49:36,939 - ERROR - Error queueing clip for gesture: Object of type int32 is not JSON serializable
2025-12-17 17:49:36,983 - INFO - Tracking servo moved to 102°
2025-12-17 17:49:37,074 - INFO - Security event logged: TRACKING_MOVEMENT - unknown
2025-12-17 17:49:37,331 - INFO - Security event logged: VIDEO_gesture_candidate - unknown
2025-12-17 17:49:37,332 - INFO - Saved evidence clip: evidence/videos/gesture_candidate_unknown_20251217_174937.avi
2025-12-17 17:49:37,345 - ERROR - Error queueing clip for gesture: Object of type int32 is not JSON serializable
2025-12-17 17:49:37,467 - INFO - Tracking servo moved to 106°
2025-12-17 17:49:37,552 - INFO - Security event logged: TRACKING_MOVEMENT - unknown
2025-12-17 17:49:37,794 - INFO - Security event logged: VIDEO_gesture_candidate - unknown
2025-12-17 17:49:37,795 - INFO - Saved evidence clip: evidence/videos/gesture_candidate_unknown_20251217_174937.avi
2025-12-17 17:49:37,808 - ERROR - Error queueing clip for gesture: Object of type int32 is not JSON serializable
2025-12-17 17:49:37,866 - INFO - Tracking servo moved to 110°
2025-12-17 17:49:37,956 - INFO - Security event logged: TRACKING_MOVEMENT - unknown
2025-12-17 17:49:38,230 - INFO - Security event logged: VIDEO_gesture_candidate - unknown
2025-12-17 17:49:38,230 - INFO - Saved evidence clip: evidence/videos/gesture_candidate_unknown_20251217_174937.avi
2025-12-17 17:49:38,249 - ERROR - Error queueing clip for gesture: Object of type int32 is not JSON serializable
2025-12-17 17:49:40,800 - INFO - Tracking servo moved to 90°
2025-12-17 17:49:40,955 - INFO - Security event logged: TRACKING_MOVEMENT - unknown
2025-12-17 17:49:41,071 - WARNING - Unknown person detected - starting tracking
2025-12-17 17:49:41,071 - WARNING - [ALERT] SECURITY ALERT: INTRUDER_DETECTED
2025-12-17 17:49:41,082 - WARNING - Alert logged: INTRUDER_DETECTED - CRITICAL - Unknown person attempting access
2025-12-17 17:49:41,082 - INFO - SMS to POLICE: SECURITY ALERT: INTRUDER_DETECTED - Unknown person attempting access - Location: Your Address
2025-12-17 17:49:41,082 - INFO - SMS to OWNER: HOME SECURITY: INTRUDER_DETECTED - Unknown person attempting access
2025-12-17 17:49:41,186 - INFO - Security event logged: GSM_ALERT_SENT - system
2025-12-17 17:49:41,187 - INFO - SECURITY RELAY ACTIVATED - Additional security measures enabled
2025-12-17 17:49:41,318 - INFO - Security event logged: RELAY_ACTIVATED - system
2025-12-17 17:49:41,318 - INFO - Tracking servo moved to 94°
2025-12-17 17:49:41,455 - INFO - Security event logged: TRACKING_MOVEMENT - unknown
2025-12-17 17:49:41,777 - INFO - Security event logged: VIDEO_gesture_candidate - unknown
2025-12-17 17:49:41,778 - INFO - Saved evidence clip: evidence/videos/gesture_candidate_unknown_20251217_174941.avi
2025-12-17 17:49:41,795 - ERROR - Error queueing clip for gesture: Object of type int32 is not JSON serializable
2025-12-17 17:49:43,147 - INFO - Tracking servo moved to 98°
2025-12-17 17:49:43,262 - INFO - Security event logged: TRACKING_MOVEMENT - unknown
2025-12-17 17:49:43,518 - INFO - Security event logged: VIDEO_gesture_candidate - unknown
2025-12-17 17:49:43,518 - INFO - Saved evidence clip: evidence/videos/gesture_candidate_unknown_20251217_174943.avi
2025-12-17 17:49:43,536 - ERROR - Error queueing clip for gesture: Object of type int32 is not JSON serializable
2025-12-17 17:49:43,685 - INFO - Tracking servo moved to 101°
2025-12-17 17:49:43,781 - INFO - Security event logged: TRACKING_MOVEMENT - unknown
2025-12-17 17:49:44,098 - INFO - Security event logged: VIDEO_gesture_candidate - unknown
2025-12-17 17:49:44,099 - INFO - Saved evidence clip: evidence/videos/gesture_candidate_unknown_20251217_174943.avi
2025-12-17 17:49:44,119 - ERROR - Error queueing clip for gesture: Object of type int32 is not JSON serializable
2025-12-17 17:49:46,146 - INFO - Tracking servo moved to 90°
2025-12-17 17:49:46,256 - INFO - Security event logged: TRACKING_MOVEMENT - unknown
2025-12-17 17:49:46,362 - WARNING - Unknown person detected - starting tracking
2025-12-17 17:49:46,364 - WARNING - [ALERT] SECURITY ALERT: INTRUDER_DETECTED
2025-12-17 17:49:46,373 - WARNING - Alert logged: INTRUDER_DETECTED - CRITICAL - Unknown person attempting access
2025-12-17 17:49:46,373 - INFO - SMS to POLICE: SECURITY ALERT: INTRUDER_DETECTED - Unknown person attempting access - Location: Your Address
2025-12-17 17:49:46,373 - INFO - SMS to OWNER: HOME SECURITY: INTRUDER_DETECTED - Unknown person attempting access
2025-12-17 17:49:46,462 - INFO - Security event logged: GSM_ALERT_SENT - system
2025-12-17 17:49:46,463 - INFO - SECURITY RELAY ACTIVATED - Additional security measures enabled
2025-12-17 17:49:46,578 - INFO - Security event logged: RELAY_ACTIVATED - system
2025-12-17 17:49:46,864 - INFO - Security event logged: VIDEO_gesture_candidate - unknown
2025-12-17 17:49:46,865 - INFO - Saved evidence clip: evidence/videos/gesture_candidate_unknown_20251217_174946.avi
2025-12-17 17:49:46,883 - ERROR - Error queueing clip for gesture: Object of type int32 is not JSON serializable
2025-12-17 17:49:47,203 - INFO - Tracking servo moved to 92°
2025-12-17 17:49:47,296 - INFO - Security event logged: TRACKING_MOVEMENT - unknown
2025-12-17 17:49:47,537 - INFO - Security event logged: VIDEO_gesture_candidate - unknown
2025-12-17 17:49:47,538 - INFO - Saved evidence clip: evidence/videos/gesture_candidate_unknown_20251217_174947.avi
2025-12-17 17:49:47,557 - ERROR - Error queueing clip for gesture: Object of type int32 is not JSON serializable
2025-12-17 17:49:47,615 - INFO - Tracking servo moved to 95°
2025-12-17 17:49:47,707 - INFO - Security event logged: TRACKING_MOVEMENT - unknown
2025-12-17 17:49:47,994 - INFO - Security event logged: VIDEO_gesture_candidate - unknown
2025-12-17 17:49:47,995 - INFO - Saved evidence clip: evidence/videos/gesture_candidate_unknown_20251217_174947.avi
2025-12-17 17:49:48,011 - ERROR - Error queueing clip for gesture: Object of type int32 is not JSON serializable
2025-12-17 17:49:48,327 - INFO - Security event logged: VIDEO_gesture_candidate - unknown
2025-12-17 17:49:48,328 - INFO - Saved evidence clip: evidence/videos/gesture_candidate_unknown_20251217_174948.avi
2025-12-17 17:49:48,352 - ERROR - Error queueing clip for gesture: Object of type int32 is not JSON serializable
2025-12-17 17:49:48,618 - INFO - DOOR UNLOCKED - Servo 1 rotated 90°
2025-12-17 17:49:48,711 - INFO - Security event logged: DOOR_UNLOCKED - owner
2025-12-17 17:49:48,831 - INFO - Tracking servo moved to 98°
2025-12-17 17:49:48,923 - INFO - Security event logged: TRACKING_MOVEMENT - unknown
2025-12-17 17:49:49,213 - INFO - Security event logged: VIDEO_gesture_candidate - unknown
2025-12-17 17:49:49,213 - INFO - Saved evidence clip: evidence/videos/gesture_candidate_unknown_20251217_174948.avi
2025-12-17 17:49:49,231 - ERROR - Error queueing clip for gesture: Object of type int32 is not JSON serializable
2025-12-17 17:49:49,543 - INFO - Security event logged: VIDEO_gesture_candidate - unknown
2025-12-17 17:49:49,543 - INFO - Saved evidence clip: evidence/videos/gesture_candidate_unknown_20251217_174949.avi
2025-12-17 17:49:49,556 - ERROR - Error queueing clip for gesture: Object of type int32 is not JSON serializable
2025-12-17 17:49:50,089 - INFO - Security event logged: VIDEO_gesture_candidate - unknown
2025-12-17 17:49:50,089 - INFO - Saved evidence clip: evidence/videos/gesture_candidate_unknown_20251217_174949.avi
2025-12-17 17:49:50,107 - ERROR - Error queueing clip for gesture: Object of type int32 is not JSON serializable
2025-12-17 17:49:50,737 - INFO - Tracking servo moved to 77°
2025-12-17 17:49:50,821 - INFO - Security event logged: TRACKING_MOVEMENT - unknown
2025-12-17 17:49:51,054 - INFO - Security event logged: VIDEO_gesture_candidate - unknown
2025-12-17 17:49:51,055 - INFO - Saved evidence clip: evidence/videos/gesture_candidate_unknown_20251217_174950.avi
2025-12-17 17:49:51,071 - ERROR - Error queueing clip for gesture: Object of type int32 is not JSON serializable
2025-12-17 17:49:51,675 - INFO - Security event logged: VIDEO_gesture_candidate - unknown
2025-12-17 17:49:51,677 - INFO - Saved evidence clip: evidence/videos/gesture_candidate_unknown_20251217_174951.avi
2025-12-17 17:49:51,697 - ERROR - Error queueing clip for gesture: Object of type int32 is not JSON serializable
2025-12-17 17:49:52,021 - INFO - Security event logged: VIDEO_gesture_candidate - unknown
2025-12-17 17:49:52,022 - INFO - Saved evidence clip: evidence/videos/gesture_candidate_unknown_20251217_174951.avi
2025-12-17 17:49:52,045 - ERROR - Error queueing clip for gesture: Object of type int32 is not JSON serializable
2025-12-17 17:49:52,379 - INFO - Security event logged: VIDEO_gesture_candidate - unknown
2025-12-17 17:49:52,380 - INFO - Saved evidence clip: evidence/videos/gesture_candidate_unknown_20251217_174952.avi
2025-12-17 17:49:52,400 - ERROR - Error queueing clip for gesture: Object of type int32 is not JSON serializable
2025-12-17 17:49:52,720 - INFO - Security event logged: VIDEO_gesture_candidate - unknown
2025-12-17 17:49:52,722 - INFO - Saved evidence clip: evidence/videos/gesture_candidate_unknown_20251217_174952.avi
2025-12-17 17:49:52,739 - ERROR - Error queueing clip for gesture: Object of type int32 is not JSON serializable
2025-12-17 17:49:52,786 - INFO - Tracking servo moved to 90°
2025-12-17 17:49:52,895 - INFO - Security event logged: TRACKING_MOVEMENT - unknown
2025-12-17 17:49:53,274 - WARNING - Unknown person detected - starting tracking
2025-12-17 17:49:53,274 - WARNING - [ALERT] SECURITY ALERT: INTRUDER_DETECTED
2025-12-17 17:49:53,284 - WARNING - Alert logged: INTRUDER_DETECTED - CRITICAL - Unknown person attempting access
2025-12-17 17:49:53,284 - INFO - SMS to POLICE: SECURITY ALERT: INTRUDER_DETECTED - Unknown person attempting access - Location: Your Address
2025-12-17 17:49:53,284 - INFO - SMS to OWNER: HOME SECURITY: INTRUDER_DETECTED - Unknown person attempting access
2025-12-17 17:49:53,390 - INFO - Security event logged: GSM_ALERT_SENT - system
2025-12-17 17:49:53,391 - INFO - SECURITY RELAY ACTIVATED - Additional security measures enabled
2025-12-17 17:49:53,517 - INFO - Security event logged: RELAY_ACTIVATED - system
2025-12-17 17:49:53,813 - INFO - Security event logged: VIDEO_gesture_candidate - unknown
2025-12-17 17:49:53,814 - INFO - Saved evidence clip: evidence/videos/gesture_candidate_unknown_20251217_174953.avi
2025-12-17 17:49:53,834 - ERROR - Error queueing clip for gesture: Object of type int32 is not JSON serializable
2025-12-17 17:49:54,750 - INFO - Security event logged: VIDEO_gesture_candidate - unknown
2025-12-17 17:49:54,751 - INFO - Saved evidence clip: evidence/videos/gesture_candidate_unknown_20251217_174954.avi
2025-12-17 17:49:54,766 - ERROR - Error queueing clip for gesture: Object of type int32 is not JSON serializable
2025-12-17 17:49:54,808 - INFO - Tracking servo moved to 83°
2025-12-17 17:49:54,909 - INFO - Security event logged: TRACKING_MOVEMENT - unknown
2025-12-17 17:49:55,193 - INFO - Security event logged: VIDEO_gesture_candidate - unknown
2025-12-17 17:49:55,194 - INFO - Saved evidence clip: evidence/videos/gesture_candidate_unknown_20251217_174954.avi
2025-12-17 17:49:55,213 - ERROR - Error queueing clip for gesture: Object of type int32 is not JSON serializable
2025-12-17 17:49:55,415 - INFO - Tracking servo moved to 103°
2025-12-17 17:49:55,517 - INFO - Security event logged: TRACKING_MOVEMENT - unknown
2025-12-17 17:49:55,797 - INFO - Security event logged: VIDEO_gesture_candidate - unknown
2025-12-17 17:49:55,797 - INFO - Saved evidence clip: evidence/videos/gesture_candidate_unknown_20251217_174955.avi
2025-12-17 17:49:55,814 - ERROR - Error queueing clip for gesture: Object of type int32 is not JSON serializable
2025-12-17 17:49:57,469 - INFO - Security event logged: VIDEO_gesture_candidate - unknown
2025-12-17 17:49:57,469 - INFO - Saved evidence clip: evidence/videos/gesture_candidate_unknown_20251217_174957.avi
2025-12-17 17:49:57,490 - ERROR - Error queueing clip for gesture: Object of type int32 is not JSON serializable
2025-12-17 17:49:57,824 - INFO - Security event logged: VIDEO_gesture_candidate - unknown
2025-12-17 17:49:57,825 - INFO - Saved evidence clip: evidence/videos/gesture_candidate_unknown_20251217_174957.avi
2025-12-17 17:49:57,839 - ERROR - Error queueing clip for gesture: Object of type int32 is not JSON serializable
2025-12-17 17:49:57,893 - INFO - Tracking servo moved to 99°
2025-12-17 17:49:57,997 - INFO - Security event logged: TRACKING_MOVEMENT - unknown
2025-12-17 17:49:58,299 - INFO - Security event logged: VIDEO_gesture_candidate - unknown
2025-12-17 17:49:58,300 - INFO - Saved evidence clip: evidence/videos/gesture_candidate_unknown_20251217_174958.avi
2025-12-17 17:49:58,315 - ERROR - Error queueing clip for gesture: Object of type int32 is not JSON serializable
2025-12-17 17:49:58,347 - INFO - Tracking servo moved to 90°
2025-12-17 17:49:58,453 - INFO - Security event logged: TRACKING_MOVEMENT - unknown
2025-12-17 17:49:58,735 - INFO - DOOR LOCKED - Servo 1 rotated 0°
2025-12-17 17:49:58,846 - INFO - Security event logged: DOOR_LOCKED - system
2025-12-17 17:49:59,350 - INFO - Security System stopped and cleaned up
2025-12-17 18:24:01,136 - INFO - Face recognition model loaded successfully
2025-12-17 18:24:01,136 - INFO - Known faces: ['owner']
2025-12-17 18:24:01,139 - INFO - Database setup completed
2025-12-17 18:24:01,139 - INFO - File storage setup completed
2025-12-17 18:24:01,139 - WARNING - Could not establish serial connection: could not open port 'COM11': FileNotFoundError(2, 'The system cannot find the file specified.', None, 2). Running in simulation mode.
2025-12-17 18:24:01,141 - INFO - Camera Tracking System initialized
2025-12-17 18:24:01,142 - INFO - Gesture result poller started
2025-12-17 18:24:01,142 - INFO - Security System STARTED - Press 'q' to quit, 't' to train, 'l' to lock door
2025-12-17 18:24:02,985 - WARNING - [ALERT] SECURITY ALERT: SUSPICIOUS_MOTION
2025-12-17 18:24:02,994 - WARNING - Alert logged: SUSPICIOUS_MOTION - HIGH - Suspicious movement detected near entrance
2025-12-17 18:24:02,994 - INFO - SMS to POLICE: SECURITY ALERT: SUSPICIOUS_MOTION - Suspicious movement detected near entrance - Location: Your Address
2025-12-17 18:24:02,995 - INFO - SMS to OWNER: HOME SECURITY: SUSPICIOUS_MOTION - Suspicious movement detected near entrance
2025-12-17 18:24:03,074 - INFO - Security event logged: GSM_ALERT_SENT - system
2025-12-17 18:24:03,075 - INFO - SECURITY RELAY ACTIVATED - Additional security measures enabled
2025-12-17 18:24:03,181 - INFO - Security event logged: RELAY_ACTIVATED - system
2025-12-17 18:24:03,280 - ERROR - Can't receive frame from camera
2025-12-17 18:24:03,280 - INFO - Security System stopped and cleaned up
2025-12-17 18:44:04,187 - INFO - Face recognition model loaded successfully
2025-12-17 18:44:04,188 - INFO - Known faces: ['owner']
2025-12-17 18:44:04,189 - INFO - Database setup completed
2025-12-17 18:44:04,189 - INFO - File storage setup completed
2025-12-17 18:44:04,189 - WARNING - Could not establish serial connection: could not open port 'COM11': FileNotFoundError(2, 'The system cannot find the file specified.', None, 2). Running in simulation mode.
2025-12-17 18:44:04,189 - INFO - Camera Tracking System initialized
2025-12-17 18:44:04,190 - INFO - Gesture result poller started
2025-12-17 18:44:04,190 - INFO - Security System STARTED - Press 'q' to quit, 't' to train, 'l' to lock door
2025-12-17 18:44:06,028 - WARNING - [ALERT] SECURITY ALERT: SUSPICIOUS_MOTION
2025-12-17 18:44:06,037 - WARNING - Alert logged: SUSPICIOUS_MOTION - HIGH - Suspicious movement detected near entrance
2025-12-17 18:44:06,037 - INFO - SMS to POLICE: SECURITY ALERT: SUSPICIOUS_MOTION - Suspicious movement detected near entrance - Location: Your Address
2025-12-17 18:44:06,037 - INFO - SMS to OWNER: HOME SECURITY: SUSPICIOUS_MOTION - Suspicious movement detected near entrance
2025-12-17 18:44:06,140 - INFO - Security event logged: GSM_ALERT_SENT - system
2025-12-17 18:44:06,141 - INFO - SECURITY RELAY ACTIVATED - Additional security measures enabled
2025-12-17 18:44:06,238 - INFO - Security event logged: RELAY_ACTIVATED - system
2025-12-17 18:44:06,329 - ERROR - Can't receive frame from camera
2025-12-17 18:44:06,329 - INFO - Security System stopped and cleaned up
2025-12-17 18:49:04,786 - INFO - Face recognition model loaded successfully
2025-12-17 18:49:04,787 - INFO - Known faces: ['owner']
2025-12-17 18:49:04,789 - INFO - Database setup completed
2025-12-17 18:49:04,789 - INFO - File storage setup completed
2025-12-17 18:49:04,790 - WARNING - Could not establish serial connection: could not open port 'COM11': FileNotFoundError(2, 'The system cannot find the file specified.', None, 2). Running in simulation mode.
2025-12-17 18:49:04,790 - INFO - Camera Tracking System initialized
2025-12-17 18:49:25,758 - INFO - Camera initialized successfully
2025-12-17 18:49:25,761 - INFO - Gesture result poller started
2025-12-17 18:49:25,761 - INFO - Security System STARTED - Press 'q' to quit, 't' to train, 'l' to lock door
2025-12-17 18:49:26,128 - WARNING - Unknown person detected - starting tracking
2025-12-17 18:49:26,129 - WARNING - [ALERT] SECURITY ALERT: INTRUDER_DETECTED
2025-12-17 18:49:26,136 - WARNING - Alert logged: INTRUDER_DETECTED - CRITICAL - Unknown person attempting access
2025-12-17 18:49:26,136 - INFO - SMS to POLICE: SECURITY ALERT: INTRUDER_DETECTED - Unknown person attempting access - Location: Your Address
2025-12-17 18:49:26,137 - INFO - SMS to OWNER: HOME SECURITY: INTRUDER_DETECTED - Unknown person attempting access
2025-12-17 18:49:26,228 - INFO - Security event logged: GSM_ALERT_SENT - system
2025-12-17 18:49:26,228 - INFO - SECURITY RELAY ACTIVATED - Additional security measures enabled
2025-12-17 18:49:26,357 - INFO - Security event logged: RELAY_ACTIVATED - system
2025-12-17 18:49:26,360 - INFO - Tracking servo moved to 93°
2025-12-17 18:49:26,487 - INFO - Security event logged: TRACKING_MOVEMENT - unknown
2025-12-17 18:49:26,607 - INFO - Security event logged: VIDEO_gesture_candidate - unknown
2025-12-17 18:49:26,608 - INFO - Saved evidence clip: evidence/videos/gesture_candidate_unknown_20251217_184926.avi
2025-12-17 18:49:26,628 - ERROR - Error queueing clip for gesture: Object of type int32 is not JSON serializable
2025-12-17 18:49:26,632 - WARNING - [ALERT] SECURITY ALERT: SUSPICIOUS_MOTION
2025-12-17 18:49:26,650 - WARNING - Alert logged: SUSPICIOUS_MOTION - HIGH - Suspicious movement detected near entrance
2025-12-17 18:49:26,651 - INFO - SMS to POLICE: SECURITY ALERT: SUSPICIOUS_MOTION - Suspicious movement detected near entrance - Location: Your Address
2025-12-17 18:49:26,651 - INFO - SMS to OWNER: HOME SECURITY: SUSPICIOUS_MOTION - Suspicious movement detected near entrance
2025-12-17 18:49:26,768 - INFO - Security event logged: GSM_ALERT_SENT - system
2025-12-17 18:49:26,768 - INFO - SECURITY RELAY ACTIVATED - Additional security measures enabled
2025-12-17 18:49:26,870 - INFO - Security event logged: RELAY_ACTIVATED - system
2025-12-17 18:49:30,098 - INFO - Security event logged: VIDEO_gesture_candidate - unknown
2025-12-17 18:49:30,099 - INFO - Saved evidence clip: evidence/videos/gesture_candidate_unknown_20251217_184929.avi
2025-12-17 18:49:30,112 - ERROR - Error queueing clip for gesture: Object of type int32 is not JSON serializable
2025-12-17 18:49:30,330 - INFO - Tracking servo moved to 129°
2025-12-17 18:49:30,424 - INFO - Security event logged: TRACKING_MOVEMENT - unknown
2025-12-17 18:49:30,655 - INFO - Security event logged: VIDEO_gesture_candidate - unknown
2025-12-17 18:49:30,655 - INFO - Saved evidence clip: evidence/videos/gesture_candidate_unknown_20251217_184930.avi
2025-12-17 18:49:30,670 - ERROR - Error queueing clip for gesture: Object of type int32 is not JSON serializable
2025-12-17 18:49:31,183 - INFO - Tracking servo moved to 90°
2025-12-17 18:49:31,288 - INFO - Security event logged: TRACKING_MOVEMENT - unknown
2025-12-17 18:49:31,535 - WARNING - Unknown person detected - starting tracking
2025-12-17 18:49:31,537 - WARNING - [ALERT] SECURITY ALERT: INTRUDER_DETECTED
2025-12-17 18:49:31,549 - WARNING - Alert logged: INTRUDER_DETECTED - CRITICAL - Unknown person attempting access
2025-12-17 18:49:31,550 - INFO - SMS to POLICE: SECURITY ALERT: INTRUDER_DETECTED - Unknown person attempting access - Location: Your Address
2025-12-17 18:49:31,550 - INFO - SMS to OWNER: HOME SECURITY: INTRUDER_DETECTED - Unknown person attempting access
2025-12-17 18:49:31,662 - INFO - Security event logged: GSM_ALERT_SENT - system
2025-12-17 18:49:31,663 - INFO - SECURITY RELAY ACTIVATED - Additional security measures enabled
2025-12-17 18:49:31,774 - INFO - Security event logged: RELAY_ACTIVATED - system
2025-12-17 18:49:31,775 - INFO - Tracking servo moved to 78°
2025-12-17 18:49:31,874 - INFO - Security event logged: TRACKING_MOVEMENT - unknown
2025-12-17 18:49:32,104 - INFO - Security event logged: VIDEO_gesture_candidate - unknown
2025-12-17 18:49:32,105 - INFO - Saved evidence clip: evidence/videos/gesture_candidate_unknown_20251217_184931.avi
2025-12-17 18:49:32,119 - ERROR - Error queueing clip for gesture: Object of type int32 is not JSON serializable
2025-12-17 18:49:32,160 - INFO - Tracking servo moved to 67°
2025-12-17 18:49:32,255 - INFO - Security event logged: TRACKING_MOVEMENT - unknown
2025-12-17 18:49:32,500 - INFO - Security event logged: VIDEO_gesture_candidate - unknown
2025-12-17 18:49:32,500 - INFO - Saved evidence clip: evidence/videos/gesture_candidate_unknown_20251217_184932.avi
2025-12-17 18:49:32,517 - ERROR - Error queueing clip for gesture: Object of type int32 is not JSON serializable
2025-12-17 18:49:34,140 - INFO - Tracking servo moved to 54°
2025-12-17 18:49:34,247 - INFO - Security event logged: TRACKING_MOVEMENT - unknown
2025-12-17 18:49:34,480 - INFO - Security event logged: VIDEO_gesture_candidate - unknown
2025-12-17 18:49:34,481 - INFO - Saved evidence clip: evidence/videos/gesture_candidate_unknown_20251217_184934.avi
2025-12-17 18:49:34,493 - ERROR - Error queueing clip for gesture: Object of type int32 is not JSON serializable
2025-12-17 18:49:34,551 - INFO - Tracking servo moved to 36°
2025-12-17 18:49:34,647 - INFO - Security event logged: TRACKING_MOVEMENT - unknown
2025-12-17 18:49:34,937 - INFO - Security event logged: VIDEO_gesture_candidate - unknown
2025-12-17 18:49:34,938 - INFO - Saved evidence clip: evidence/videos/gesture_candidate_unknown_20251217_184934.avi
2025-12-17 18:49:34,952 - ERROR - Error queueing clip for gesture: Object of type int32 is not JSON serializable
2025-12-17 18:49:36,138 - INFO - Tracking servo moved to 39°
2025-12-17 18:49:36,255 - INFO - Security event logged: TRACKING_MOVEMENT - unknown
2025-12-17 18:49:36,505 - INFO - Security event logged: VIDEO_gesture_candidate - unknown
2025-12-17 18:49:36,506 - INFO - Saved evidence clip: evidence/videos/gesture_candidate_unknown_20251217_184936.avi
2025-12-17 18:49:36,524 - ERROR - Error queueing clip for gesture: Object of type int32 is not JSON serializable
2025-12-17 18:49:36,567 - INFO - Tracking servo moved to 90°
2025-12-17 18:49:36,666 - INFO - Security event logged: TRACKING_MOVEMENT - unknown
2025-12-17 18:49:36,919 - WARNING - Unknown person detected - starting tracking
2025-12-17 18:49:36,920 - WARNING - [ALERT] SECURITY ALERT: INTRUDER_DETECTED
2025-12-17 18:49:36,929 - WARNING - Alert logged: INTRUDER_DETECTED - CRITICAL - Unknown person attempting access
2025-12-17 18:49:36,929 - INFO - SMS to POLICE: SECURITY ALERT: INTRUDER_DETECTED - Unknown person attempting access - Location: Your Address
2025-12-17 18:49:36,929 - INFO - SMS to OWNER: HOME SECURITY: INTRUDER_DETECTED - Unknown person attempting access
2025-12-17 18:49:37,044 - INFO - Security event logged: GSM_ALERT_SENT - system
2025-12-17 18:49:37,045 - INFO - SECURITY RELAY ACTIVATED - Additional security measures enabled
2025-12-17 18:49:37,160 - INFO - Security event logged: RELAY_ACTIVATED - system
2025-12-17 18:49:37,161 - INFO - Tracking servo moved to 74°
2025-12-17 18:49:37,283 - INFO - Security event logged: TRACKING_MOVEMENT - unknown
2025-12-17 18:49:37,543 - INFO - Security event logged: VIDEO_gesture_candidate - unknown
2025-12-17 18:49:37,544 - INFO - Saved evidence clip: evidence/videos/gesture_candidate_unknown_20251217_184937.avi
2025-12-17 18:49:37,557 - ERROR - Error queueing clip for gesture: Object of type int32 is not JSON serializable
2025-12-17 18:49:40,777 - INFO - Security event logged: VIDEO_gesture_candidate - unknown
2025-12-17 18:49:40,779 - INFO - Saved evidence clip: evidence/videos/gesture_candidate_unknown_20251217_184940.avi
2025-12-17 18:49:40,793 - ERROR - Error queueing clip for gesture: Object of type int32 is not JSON serializable
2025-12-17 18:49:41,928 - INFO - Tracking servo moved to 90°
2025-12-17 18:49:42,036 - INFO - Security event logged: TRACKING_MOVEMENT - unknown
2025-12-17 18:49:42,742 - WARNING - Unknown person detected - starting tracking
2025-12-17 18:49:42,742 - WARNING - [ALERT] SECURITY ALERT: INTRUDER_DETECTED
2025-12-17 18:49:42,754 - WARNING - Alert logged: INTRUDER_DETECTED - CRITICAL - Unknown person attempting access
2025-12-17 18:49:42,754 - INFO - SMS to POLICE: SECURITY ALERT: INTRUDER_DETECTED - Unknown person attempting access - Location: Your Address
2025-12-17 18:49:42,754 - INFO - SMS to OWNER: HOME SECURITY: INTRUDER_DETECTED - Unknown person attempting access
2025-12-17 18:49:42,851 - INFO - Security event logged: GSM_ALERT_SENT - system
2025-12-17 18:49:42,852 - INFO - SECURITY RELAY ACTIVATED - Additional security measures enabled
2025-12-17 18:49:42,949 - INFO - Security event logged: RELAY_ACTIVATED - system
2025-12-17 18:49:42,950 - INFO - Tracking servo moved to 109°
2025-12-17 18:49:43,072 - INFO - Security event logged: TRACKING_MOVEMENT - unknown
2025-12-17 18:49:43,327 - INFO - Security event logged: VIDEO_gesture_candidate - unknown
2025-12-17 18:49:43,327 - INFO - Saved evidence clip: evidence/videos/gesture_candidate_unknown_20251217_184943.avi
2025-12-17 18:49:43,340 - ERROR - Error queueing clip for gesture: Object of type int32 is not JSON serializable
2025-12-17 18:49:43,427 - INFO - Tracking servo moved to 96°
2025-12-17 18:49:43,517 - INFO - Security event logged: TRACKING_MOVEMENT - unknown
2025-12-17 18:49:43,773 - INFO - Security event logged: VIDEO_gesture_candidate - unknown
2025-12-17 18:49:43,775 - INFO - Saved evidence clip: evidence/videos/gesture_candidate_unknown_20251217_184943.avi
2025-12-17 18:49:43,788 - ERROR - Error queueing clip for gesture: Object of type int32 is not JSON serializable
2025-12-17 18:49:44,088 - INFO - Gesture result poller stopped
2025-12-17 18:49:44,217 - INFO - Security System stopped and cleaned up
2025-12-17 18:51:13,770 - INFO - Face recognition model loaded successfully
2025-12-17 18:51:13,770 - INFO - Known faces: ['owner']
2025-12-17 18:51:13,773 - INFO - Database setup completed
2025-12-17 18:51:13,774 - INFO - File storage setup completed
2025-12-17 18:51:13,774 - WARNING - Could not establish serial connection: could not open port 'COM11': FileNotFoundError(2, 'The system cannot find the file specified.', None, 2). Running in simulation mode.
2025-12-17 18:51:13,775 - INFO - Camera Tracking System initialized
2025-12-17 18:51:13,776 - INFO - Gesture result poller started
2025-12-17 18:51:13,776 - INFO - Security System STARTED - Press 'q' to quit, 't' to train, 'l' to lock door
2025-12-17 18:51:15,610 - WARNING - [ALERT] SECURITY ALERT: SUSPICIOUS_MOTION
2025-12-17 18:51:15,619 - WARNING - Alert logged: SUSPICIOUS_MOTION - HIGH - Suspicious movement detected near entrance
2025-12-17 18:51:15,619 - INFO - SMS to POLICE: SECURITY ALERT: SUSPICIOUS_MOTION - Suspicious movement detected near entrance - Location: Your Address
2025-12-17 18:51:15,619 - INFO - SMS to OWNER: HOME SECURITY: SUSPICIOUS_MOTION - Suspicious movement detected near entrance
2025-12-17 18:51:15,707 - INFO - Security event logged: GSM_ALERT_SENT - system
2025-12-17 18:51:15,707 - INFO - SECURITY RELAY ACTIVATED - Additional security measures enabled
2025-12-17 18:51:15,807 - INFO - Security event logged: RELAY_ACTIVATED - system
2025-12-17 18:51:15,901 - ERROR - Can't receive frame from camera
2025-12-17 18:51:15,902 - INFO - Security System stopped and cleaned up
2025-12-17 18:55:48,336 - INFO - Face recognition model loaded successfully
2025-12-17 18:55:48,336 - INFO - Known faces: ['owner']
2025-12-17 18:55:48,337 - INFO - Database setup completed
2025-12-17 18:55:48,338 - INFO - File storage setup completed
2025-12-17 18:55:48,338 - WARNING - Could not establish serial connection: could not open port 'COM11': FileNotFoundError(2, 'The system cannot find the file specified.', None, 2). Running in simulation mode.
2025-12-17 18:55:48,338 - INFO - Camera Tracking System initialized
2025-12-17 18:55:48,340 - INFO - Gesture result poller started
2025-12-17 18:55:48,340 - INFO - Security System STARTED - Press 'q' to quit, 't' to train, 'l' to lock door
2025-12-17 18:55:50,208 - WARNING - [ALERT] SECURITY ALERT: SUSPICIOUS_MOTION
2025-12-17 18:55:50,217 - WARNING - Alert logged: SUSPICIOUS_MOTION - HIGH - Suspicious movement detected near entrance
2025-12-17 18:55:50,217 - INFO - SMS to POLICE: SECURITY ALERT: SUSPICIOUS_MOTION - Suspicious movement detected near entrance - Location: Your Address
2025-12-17 18:55:50,217 - INFO - SMS to OWNER: HOME SECURITY: SUSPICIOUS_MOTION - Suspicious movement detected near entrance
2025-12-17 18:55:50,310 - INFO - Security event logged: GSM_ALERT_SENT - system
2025-12-17 18:55:50,310 - INFO - SECURITY RELAY ACTIVATED - Additional security measures enabled
2025-12-17 18:55:50,418 - INFO - Security event logged: RELAY_ACTIVATED - system
2025-12-17 18:55:50,514 - ERROR - Can't receive frame from camera
2025-12-17 18:55:50,516 - INFO - Security System stopped and cleaned up
2025-12-17 18:58:12,815 - INFO - Face recognition model loaded successfully
2025-12-17 18:58:12,815 - INFO - Known faces: ['owner']
2025-12-17 18:58:12,817 - INFO - Database setup completed
2025-12-17 18:58:12,819 - INFO - File storage setup completed
2025-12-17 18:58:12,819 - WARNING - Could not establish serial connection: could not open port 'COM11': FileNotFoundError(2, 'The system cannot find the file specified.', None, 2). Running in simulation mode.
2025-12-17 18:58:12,820 - INFO - Camera Tracking System initialized
2025-12-17 18:58:35,854 - INFO - Camera initialized successfully
2025-12-17 18:58:35,864 - INFO - Gesture result poller started
2025-12-17 18:58:35,864 - INFO - Security System STARTED - Press 'q' to quit, 't' to train, 'l' to lock door
2025-12-17 18:58:36,952 - WARNING - [ALERT] SECURITY ALERT: SUSPICIOUS_MOTION
2025-12-17 18:58:36,964 - WARNING - Alert logged: SUSPICIOUS_MOTION - HIGH - Suspicious movement detected near entrance
2025-12-17 18:58:36,964 - INFO - SMS to POLICE: SECURITY ALERT: SUSPICIOUS_MOTION - Suspicious movement detected near entrance - Location: Your Address
2025-12-17 18:58:36,964 - INFO - SMS to OWNER: HOME SECURITY: SUSPICIOUS_MOTION - Suspicious movement detected near entrance
2025-12-17 18:58:37,052 - INFO - Security event logged: GSM_ALERT_SENT - system
2025-12-17 18:58:37,053 - INFO - SECURITY RELAY ACTIVATED - Additional security measures enabled
2025-12-17 18:58:37,153 - INFO - Security event logged: RELAY_ACTIVATED - system
2025-12-17 18:58:37,673 - WARNING - Unknown person detected - starting tracking
2025-12-17 18:58:37,673 - WARNING - [ALERT] SECURITY ALERT: INTRUDER_DETECTED
2025-12-17 18:58:37,685 - WARNING - Alert logged: INTRUDER_DETECTED - CRITICAL - Unknown person attempting access
2025-12-17 18:58:37,685 - INFO - SMS to POLICE: SECURITY ALERT: INTRUDER_DETECTED - Unknown person attempting access - Location: Your Address
2025-12-17 18:58:37,685 - INFO - SMS to OWNER: HOME SECURITY: INTRUDER_DETECTED - Unknown person attempting access
2025-12-17 18:58:37,781 - INFO - Security event logged: GSM_ALERT_SENT - system
2025-12-17 18:58:37,782 - INFO - SECURITY RELAY ACTIVATED - Additional security measures enabled
2025-12-17 18:58:37,875 - INFO - Security event logged: RELAY_ACTIVATED - system
2025-12-17 18:58:37,876 - INFO - Tracking servo moved to 59°
2025-12-17 18:58:37,990 - INFO - Security event logged: TRACKING_MOVEMENT - unknown
2025-12-17 18:58:38,179 - INFO - Security event logged: VIDEO_gesture_candidate - unknown
2025-12-17 18:58:38,179 - INFO - Saved evidence clip: evidence/videos/gesture_candidate_unknown_20251217_185838.avi
2025-12-17 18:58:38,198 - INFO - Queued clip for gesture analysis: evidence/gesture_queue/incoming/gesture_e5284a244067440eb77b7402eb0611fc.avi
2025-12-17 18:58:38,199 - INFO - Clip queued for gesture worker: evidence/gesture_queue/incoming/gesture_e5284a244067440eb77b7402eb0611fc.avi
2025-12-17 18:58:38,400 - INFO - Security event logged: VIDEO_gesture_candidate - unknown
2025-12-17 18:58:38,401 - INFO - Saved evidence clip: evidence/videos/gesture_candidate_unknown_20251217_185838.avi
2025-12-17 18:58:38,414 - INFO - Queued clip for gesture analysis: evidence/gesture_queue/incoming/gesture_ef33f383097e4daaaffac3a382feed8d.avi
2025-12-17 18:58:38,415 - INFO - Clip queued for gesture worker: evidence/gesture_queue/incoming/gesture_ef33f383097e4daaaffac3a382feed8d.avi
2025-12-17 18:58:38,860 - INFO - DOOR UNLOCKED - Servo 1 rotated 90°
2025-12-17 18:58:38,952 - INFO - Security event logged: DOOR_UNLOCKED - owner
2025-12-17 18:58:39,621 - INFO - Security event logged: VIDEO_gesture_candidate - unknown
2025-12-17 18:58:39,623 - INFO - Saved evidence clip: evidence/videos/gesture_candidate_unknown_20251217_185839.avi
2025-12-17 18:58:39,639 - INFO - Queued clip for gesture analysis: evidence/gesture_queue/incoming/gesture_8ab5deba4f0143589b71dda70d949b40.avi
2025-12-17 18:58:39,640 - INFO - Clip queued for gesture worker: evidence/gesture_queue/incoming/gesture_8ab5deba4f0143589b71dda70d949b40.avi
2025-12-17 18:58:39,907 - INFO - Security event logged: VIDEO_gesture_candidate - unknown
2025-12-17 18:58:39,907 - INFO - Saved evidence clip: evidence/videos/gesture_candidate_unknown_20251217_185839.avi
2025-12-17 18:58:39,919 - INFO - Queued clip for gesture analysis: evidence/gesture_queue/incoming/gesture_21c52e623692414c9e28099f5f07da35.avi
2025-12-17 18:58:39,920 - INFO - Clip queued for gesture worker: evidence/gesture_queue/incoming/gesture_21c52e623692414c9e28099f5f07da35.avi
2025-12-17 18:58:40,298 - INFO - Security event logged: VIDEO_gesture_candidate - unknown
2025-12-17 18:58:40,303 - INFO - Saved evidence clip: evidence/videos/gesture_candidate_unknown_20251217_185840.avi
2025-12-17 18:58:40,323 - INFO - Queued clip for gesture analysis: evidence/gesture_queue/incoming/gesture_0c88a7c994f6488999c8953e41774272.avi
2025-12-17 18:58:40,326 - INFO - Clip queued for gesture worker: evidence/gesture_queue/incoming/gesture_0c88a7c994f6488999c8953e41774272.avi
2025-12-17 18:58:40,631 - INFO - Security event logged: VIDEO_gesture_candidate - unknown
2025-12-17 18:58:40,631 - INFO - Saved evidence clip: evidence/videos/gesture_candidate_unknown_20251217_185840.avi
2025-12-17 18:58:40,648 - INFO - Queued clip for gesture analysis: evidence/gesture_queue/incoming/gesture_98e1de558ad04e779727e2faa058c388.avi
2025-12-17 18:58:40,649 - INFO - Clip queued for gesture worker: evidence/gesture_queue/incoming/gesture_98e1de558ad04e779727e2faa058c388.avi
2025-12-17 18:58:40,971 - INFO - Security event logged: VIDEO_gesture_candidate - unknown
2025-12-17 18:58:40,973 - INFO - Saved evidence clip: evidence/videos/gesture_candidate_unknown_20251217_185840.avi
2025-12-17 18:58:40,986 - INFO - Queued clip for gesture analysis: evidence/gesture_queue/incoming/gesture_7f31930087d643e6825877be400a21f8.avi
2025-12-17 18:58:40,986 - INFO - Clip queued for gesture worker: evidence/gesture_queue/incoming/gesture_7f31930087d643e6825877be400a21f8.avi
2025-12-17 18:58:41,324 - INFO - Security event logged: VIDEO_gesture_candidate - unknown
2025-12-17 18:58:41,325 - INFO - Saved evidence clip: evidence/videos/gesture_candidate_unknown_20251217_185841.avi
2025-12-17 18:58:41,340 - INFO - Queued clip for gesture analysis: evidence/gesture_queue/incoming/gesture_f7a5e3fdcc78450bb3ce80875826e3c0.avi
2025-12-17 18:58:41,341 - INFO - Clip queued for gesture worker: evidence/gesture_queue/incoming/gesture_f7a5e3fdcc78450bb3ce80875826e3c0.avi
2025-12-17 18:58:42,477 - INFO - Tracking servo moved to 29°
2025-12-17 18:58:42,585 - INFO - Security event logged: TRACKING_MOVEMENT - unknown
2025-12-17 18:58:42,866 - INFO - Security event logged: VIDEO_gesture_candidate - unknown
2025-12-17 18:58:42,867 - INFO - Saved evidence clip: evidence/videos/gesture_candidate_unknown_20251217_185842.avi
2025-12-17 18:58:42,883 - INFO - Queued clip for gesture analysis: evidence/gesture_queue/incoming/gesture_f1b0e754288c48468f8798d3b971ab1e.avi
2025-12-17 18:58:42,884 - INFO - Clip queued for gesture worker: evidence/gesture_queue/incoming/gesture_f1b0e754288c48468f8798d3b971ab1e.avi
2025-12-17 18:58:42,930 - INFO - Tracking servo moved to 90°
2025-12-17 18:58:43,025 - INFO - Security event logged: TRACKING_MOVEMENT - unknown
2025-12-17 18:58:43,194 - WARNING - Unknown person detected - starting tracking
2025-12-17 18:58:43,195 - WARNING - [ALERT] SECURITY ALERT: INTRUDER_DETECTED
2025-12-17 18:58:43,203 - WARNING - Alert logged: INTRUDER_DETECTED - CRITICAL - Unknown person attempting access
2025-12-17 18:58:43,203 - INFO - SMS to POLICE: SECURITY ALERT: INTRUDER_DETECTED - Unknown person attempting access - Location: Your Address
2025-12-17 18:58:43,203 - INFO - SMS to OWNER: HOME SECURITY: INTRUDER_DETECTED - Unknown person attempting access
2025-12-17 18:58:43,299 - INFO - Security event logged: GSM_ALERT_SENT - system
2025-12-17 18:58:43,300 - INFO - SECURITY RELAY ACTIVATED - Additional security measures enabled
2025-12-17 18:58:43,413 - INFO - Security event logged: RELAY_ACTIVATED - system
2025-12-17 18:58:43,415 - INFO - Tracking servo moved to 106°
2025-12-17 18:58:43,525 - INFO - Security event logged: TRACKING_MOVEMENT - unknown
2025-12-17 18:58:43,761 - INFO - Security event logged: VIDEO_gesture_candidate - unknown
2025-12-17 18:58:43,762 - INFO - Saved evidence clip: evidence/videos/gesture_candidate_unknown_20251217_185843.avi
2025-12-17 18:58:43,778 - INFO - Queued clip for gesture analysis: evidence/gesture_queue/incoming/gesture_5d6714367cd240f99e5a06cb331456d6.avi
2025-12-17 18:58:43,779 - INFO - Clip queued for gesture worker: evidence/gesture_queue/incoming/gesture_5d6714367cd240f99e5a06cb331456d6.avi
2025-12-17 18:58:43,824 - INFO - Tracking servo moved to 116°
2025-12-17 18:58:43,936 - INFO - Security event logged: TRACKING_MOVEMENT - unknown
2025-12-17 18:58:44,241 - INFO - Security event logged: VIDEO_gesture_candidate - unknown
2025-12-17 18:58:44,242 - INFO - Saved evidence clip: evidence/videos/gesture_candidate_unknown_20251217_185843.avi
2025-12-17 18:58:44,261 - INFO - Queued clip for gesture analysis: evidence/gesture_queue/incoming/gesture_adc147668f954bf8a985a4467edf7ff6.avi
2025-12-17 18:58:44,261 - INFO - Clip queued for gesture worker: evidence/gesture_queue/incoming/gesture_adc147668f954bf8a985a4467edf7ff6.avi
2025-12-17 18:58:44,697 - INFO - Tracking servo moved to 85°
2025-12-17 18:58:44,796 - INFO - Security event logged: TRACKING_MOVEMENT - unknown
2025-12-17 18:58:45,096 - INFO - Security event logged: VIDEO_gesture_candidate - unknown
2025-12-17 18:58:45,097 - INFO - Saved evidence clip: evidence/videos/gesture_candidate_unknown_20251217_185844.avi
2025-12-17 18:58:45,119 - INFO - Queued clip for gesture analysis: evidence/gesture_queue/incoming/gesture_7ccadf1046984bfab6a79f1c81164bef.avi
2025-12-17 18:58:45,119 - INFO - Clip queued for gesture worker: evidence/gesture_queue/incoming/gesture_7ccadf1046984bfab6a79f1c81164bef.avi
2025-12-17 18:58:48,280 - INFO - Tracking servo moved to 90°
2025-12-17 18:58:48,397 - INFO - Security event logged: TRACKING_MOVEMENT - unknown
2025-12-17 18:58:48,999 - INFO - DOOR LOCKED - Servo 1 rotated 0°
2025-12-17 18:58:49,102 - INFO - Security event logged: DOOR_LOCKED - system
2025-12-17 18:58:56,347 - WARNING - Unknown person detected - starting tracking
2025-12-17 18:58:56,348 - WARNING - [ALERT] SECURITY ALERT: INTRUDER_DETECTED
2025-12-17 18:58:56,358 - WARNING - Alert logged: INTRUDER_DETECTED - CRITICAL - Unknown person attempting access
2025-12-17 18:58:56,358 - INFO - SMS to POLICE: SECURITY ALERT: INTRUDER_DETECTED - Unknown person attempting access - Location: Your Address
2025-12-17 18:58:56,358 - INFO - SMS to OWNER: HOME SECURITY: INTRUDER_DETECTED - Unknown person attempting access
2025-12-17 18:58:56,462 - INFO - Security event logged: GSM_ALERT_SENT - system
2025-12-17 18:58:56,463 - INFO - SECURITY RELAY ACTIVATED - Additional security measures enabled
2025-12-17 18:58:56,580 - INFO - Security event logged: RELAY_ACTIVATED - system
2025-12-17 18:58:56,581 - INFO - Tracking servo moved to 60°
2025-12-17 18:58:56,686 - INFO - Security event logged: TRACKING_MOVEMENT - unknown
2025-12-17 18:58:56,987 - INFO - Security event logged: VIDEO_gesture_candidate - unknown
2025-12-17 18:58:56,991 - INFO - Saved evidence clip: evidence/videos/gesture_candidate_unknown_20251217_185856.avi
2025-12-17 18:58:57,007 - INFO - Queued clip for gesture analysis: evidence/gesture_queue/incoming/gesture_2ca6a03a37de4b119e51c1ebb36d2532.avi
2025-12-17 18:58:57,009 - INFO - Clip queued for gesture worker: evidence/gesture_queue/incoming/gesture_2ca6a03a37de4b119e51c1ebb36d2532.avi
2025-12-17 18:58:57,047 - INFO - Tracking servo moved to 29°
2025-12-17 18:58:57,137 - INFO - Security event logged: TRACKING_MOVEMENT - unknown
2025-12-17 18:58:57,452 - INFO - Security event logged: VIDEO_gesture_candidate - unknown
2025-12-17 18:58:57,454 - INFO - Saved evidence clip: evidence/videos/gesture_candidate_unknown_20251217_185857.avi
2025-12-17 18:58:57,469 - INFO - Queued clip for gesture analysis: evidence/gesture_queue/incoming/gesture_61a9a4db63ea4f45ad6ca88fa0cf05b3.avi
2025-12-17 18:58:57,469 - INFO - Clip queued for gesture worker: evidence/gesture_queue/incoming/gesture_61a9a4db63ea4f45ad6ca88fa0cf05b3.avi
2025-12-17 18:58:57,883 - INFO - Tracking servo moved to 0°
2025-12-17 18:58:57,966 - INFO - Security event logged: TRACKING_MOVEMENT - unknown
2025-12-17 18:58:58,268 - INFO - Security event logged: VIDEO_gesture_candidate - unknown
2025-12-17 18:58:58,269 - INFO - Saved evidence clip: evidence/videos/gesture_candidate_unknown_20251217_185857.avi
2025-12-17 18:58:58,283 - INFO - Queued clip for gesture analysis: evidence/gesture_queue/incoming/gesture_15f692eb957e4a0ebdde40c6af64815a.avi
2025-12-17 18:58:58,286 - INFO - Clip queued for gesture worker: evidence/gesture_queue/incoming/gesture_15f692eb957e4a0ebdde40c6af64815a.avi
2025-12-17 18:59:00,579 - INFO - Security event logged: VIDEO_gesture_candidate - unknown
2025-12-17 18:59:00,580 - INFO - Saved evidence clip: evidence/videos/gesture_candidate_unknown_20251217_185900.avi
2025-12-17 18:59:00,595 - INFO - Queued clip for gesture analysis: evidence/gesture_queue/incoming/gesture_6f6ed101615c4540830c7638c87b786e.avi
2025-12-17 18:59:00,596 - INFO - Clip queued for gesture worker: evidence/gesture_queue/incoming/gesture_6f6ed101615c4540830c7638c87b786e.avi
2025-12-17 18:59:00,646 - INFO - Tracking servo moved to 0°
2025-12-17 18:59:00,735 - INFO - Security event logged: TRACKING_MOVEMENT - unknown
2025-12-17 18:59:01,006 - INFO - Security event logged: VIDEO_gesture_candidate - unknown
2025-12-17 18:59:01,006 - INFO - Saved evidence clip: evidence/videos/gesture_candidate_unknown_20251217_185900.avi
2025-12-17 18:59:01,022 - INFO - Queued clip for gesture analysis: evidence/gesture_queue/incoming/gesture_464d1a8ae85048c59bcbc0f0b7446b4a.avi
2025-12-17 18:59:01,022 - INFO - Clip queued for gesture worker: evidence/gesture_queue/incoming/gesture_464d1a8ae85048c59bcbc0f0b7446b4a.avi
2025-12-17 18:59:01,072 - INFO - Tracking servo moved to 0°
2025-12-17 18:59:01,165 - INFO - Security event logged: TRACKING_MOVEMENT - unknown
2025-12-17 18:59:01,462 - INFO - Security event logged: VIDEO_gesture_candidate - unknown
2025-12-17 18:59:01,463 - INFO - Saved evidence clip: evidence/videos/gesture_candidate_unknown_20251217_185901.avi
2025-12-17 18:59:01,482 - INFO - Queued clip for gesture analysis: evidence/gesture_queue/incoming/gesture_26559c04deed4cefbe388aaba07a563d.avi
2025-12-17 18:59:01,482 - INFO - Clip queued for gesture worker: evidence/gesture_queue/incoming/gesture_26559c04deed4cefbe388aaba07a563d.avi
2025-12-17 18:59:01,545 - INFO - Tracking servo moved to 0°
2025-12-17 18:59:01,650 - INFO - Security event logged: TRACKING_MOVEMENT - unknown
2025-12-17 18:59:01,940 - INFO - Security event logged: VIDEO_gesture_candidate - unknown
2025-12-17 18:59:01,941 - INFO - Saved evidence clip: evidence/videos/gesture_candidate_unknown_20251217_185901.avi
2025-12-17 18:59:01,957 - INFO - Queued clip for gesture analysis: evidence/gesture_queue/incoming/gesture_0dff69efca66421693c0d19829659de6.avi
2025-12-17 18:59:01,958 - INFO - Clip queued for gesture worker: evidence/gesture_queue/incoming/gesture_0dff69efca66421693c0d19829659de6.avi
2025-12-17 18:59:02,003 - INFO - Tracking servo moved to 0°
2025-12-17 18:59:02,107 - INFO - Security event logged: TRACKING_MOVEMENT - unknown
2025-12-17 18:59:02,375 - INFO - Security event logged: VIDEO_gesture_candidate - unknown
2025-12-17 18:59:02,376 - INFO - Saved evidence clip: evidence/videos/gesture_candidate_unknown_20251217_185902.avi
2025-12-17 18:59:02,397 - INFO - Queued clip for gesture analysis: evidence/gesture_queue/incoming/gesture_7d25f40e49474966bf252003879db43f.avi
2025-12-17 18:59:02,398 - INFO - Clip queued for gesture worker: evidence/gesture_queue/incoming/gesture_7d25f40e49474966bf252003879db43f.avi
2025-12-17 18:59:02,443 - INFO - Tracking servo moved to 0°
2025-12-17 18:59:02,532 - INFO - Security event logged: TRACKING_MOVEMENT - unknown
2025-12-17 18:59:02,817 - INFO - Security event logged: VIDEO_gesture_candidate - unknown
2025-12-17 18:59:02,819 - INFO - Saved evidence clip: evidence/videos/gesture_candidate_unknown_20251217_185902.avi
2025-12-17 18:59:02,837 - INFO - Queued clip for gesture analysis: evidence/gesture_queue/incoming/gesture_f4a49340ab39445885941c680ae7982a.avi
2025-12-17 18:59:02,838 - INFO - Clip queued for gesture worker: evidence/gesture_queue/incoming/gesture_f4a49340ab39445885941c680ae7982a.avi
2025-12-17 18:59:02,887 - INFO - Tracking servo moved to 90°
2025-12-17 18:59:02,982 - INFO - Security event logged: TRACKING_MOVEMENT - unknown
2025-12-17 18:59:03,614 - WARNING - Unknown person detected - starting tracking
2025-12-17 18:59:03,614 - WARNING - [ALERT] SECURITY ALERT: INTRUDER_DETECTED
2025-12-17 18:59:03,620 - WARNING - Alert logged: INTRUDER_DETECTED - CRITICAL - Unknown person attempting access
2025-12-17 18:59:03,620 - INFO - SMS to POLICE: SECURITY ALERT: INTRUDER_DETECTED - Unknown person attempting access - Location: Your Address
2025-12-17 18:59:03,620 - INFO - SMS to OWNER: HOME SECURITY: INTRUDER_DETECTED - Unknown person attempting access
2025-12-17 18:59:03,716 - INFO - Security event logged: GSM_ALERT_SENT - system
2025-12-17 18:59:03,716 - INFO - SECURITY RELAY ACTIVATED - Additional security measures enabled
2025-12-17 18:59:03,845 - INFO - Security event logged: RELAY_ACTIVATED - system
2025-12-17 18:59:03,847 - INFO - Tracking servo moved to 60°
2025-12-17 18:59:03,959 - INFO - Security event logged: TRACKING_MOVEMENT - unknown
2025-12-17 18:59:04,248 - INFO - Security event logged: VIDEO_gesture_candidate - unknown
2025-12-17 18:59:04,249 - INFO - Saved evidence clip: evidence/videos/gesture_candidate_unknown_20251217_185903.avi
2025-12-17 18:59:04,263 - INFO - Queued clip for gesture analysis: evidence/gesture_queue/incoming/gesture_780c40bee55249a2a5833cf17eff84df.avi
2025-12-17 18:59:04,264 - INFO - Clip queued for gesture worker: evidence/gesture_queue/incoming/gesture_780c40bee55249a2a5833cf17eff84df.avi
2025-12-17 18:59:08,679 - INFO - Tracking servo moved to 90°
2025-12-17 18:59:08,789 - INFO - Security event logged: TRACKING_MOVEMENT - unknown
2025-12-17 18:59:13,679 - WARNING - Unknown person detected - starting tracking
2025-12-17 18:59:13,679 - WARNING - [ALERT] SECURITY ALERT: INTRUDER_DETECTED
2025-12-17 18:59:13,689 - WARNING - Alert logged: INTRUDER_DETECTED - CRITICAL - Unknown person attempting access
2025-12-17 18:59:13,689 - INFO - SMS to POLICE: SECURITY ALERT: INTRUDER_DETECTED - Unknown person attempting access - Location: Your Address
2025-12-17 18:59:13,690 - INFO - SMS to OWNER: HOME SECURITY: INTRUDER_DETECTED - Unknown person attempting access
2025-12-17 18:59:13,780 - INFO - Security event logged: GSM_ALERT_SENT - system
2025-12-17 18:59:13,781 - INFO - SECURITY RELAY ACTIVATED - Additional security measures enabled
2025-12-17 18:59:13,895 - INFO - Security event logged: RELAY_ACTIVATED - system
2025-12-17 18:59:14,219 - INFO - Security event logged: VIDEO_gesture_candidate - unknown
2025-12-17 18:59:14,220 - INFO - Saved evidence clip: evidence/videos/gesture_candidate_unknown_20251217_185913.avi
2025-12-17 18:59:14,238 - INFO - Queued clip for gesture analysis: evidence/gesture_queue/incoming/gesture_7ef4e4dcafea4b03a5004eeaf4d2297a.avi
2025-12-17 18:59:14,241 - INFO - Clip queued for gesture worker: evidence/gesture_queue/incoming/gesture_7ef4e4dcafea4b03a5004eeaf4d2297a.avi
2025-12-17 18:59:16,944 - INFO - Tracking servo moved to 96°
2025-12-17 18:59:17,059 - INFO - Security event logged: TRACKING_MOVEMENT - unknown
2025-12-17 18:59:17,341 - INFO - Security event logged: VIDEO_gesture_candidate - unknown
2025-12-17 18:59:17,342 - INFO - Saved evidence clip: evidence/videos/gesture_candidate_unknown_20251217_185917.avi
2025-12-17 18:59:17,356 - INFO - Queued clip for gesture analysis: evidence/gesture_queue/incoming/gesture_18bf011a125745b09db68d24a4310bbe.avi
2025-12-17 18:59:17,358 - INFO - Clip queued for gesture worker: evidence/gesture_queue/incoming/gesture_18bf011a125745b09db68d24a4310bbe.avi
2025-12-17 18:59:17,604 - INFO - Tracking servo moved to 101°
2025-12-17 18:59:17,704 - INFO - Security event logged: TRACKING_MOVEMENT - unknown
2025-12-17 18:59:17,988 - INFO - Security event logged: VIDEO_gesture_candidate - unknown
2025-12-17 18:59:17,989 - INFO - Saved evidence clip: evidence/videos/gesture_candidate_unknown_20251217_185917.avi
2025-12-17 18:59:18,003 - INFO - Queued clip for gesture analysis: evidence/gesture_queue/incoming/gesture_ed1d598599bc407bbcd94d703be28800.avi
2025-12-17 18:59:18,004 - INFO - Clip queued for gesture worker: evidence/gesture_queue/incoming/gesture_ed1d598599bc407bbcd94d703be28800.avi
2025-12-17 18:59:18,387 - INFO - Security event logged: VIDEO_gesture_candidate - unknown
2025-12-17 18:59:18,388 - INFO - Saved evidence clip: evidence/videos/gesture_candidate_unknown_20251217_185918.avi
2025-12-17 18:59:18,404 - INFO - Queued clip for gesture analysis: evidence/gesture_queue/incoming/gesture_6467bd568763488b982bf5483e7b8de9.avi
2025-12-17 18:59:18,404 - INFO - Clip queued for gesture worker: evidence/gesture_queue/incoming/gesture_6467bd568763488b982bf5483e7b8de9.avi
2025-12-17 18:59:18,742 - INFO - Tracking servo moved to 90°
2025-12-17 18:59:18,849 - INFO - Security event logged: TRACKING_MOVEMENT - unknown
2025-12-17 18:59:19,486 - WARNING - Unknown person detected - starting tracking
2025-12-17 18:59:19,486 - WARNING - [ALERT] SECURITY ALERT: INTRUDER_DETECTED
2025-12-17 18:59:19,498 - WARNING - Alert logged: INTRUDER_DETECTED - CRITICAL - Unknown person attempting access
2025-12-17 18:59:19,500 - INFO - SMS to POLICE: SECURITY ALERT: INTRUDER_DETECTED - Unknown person attempting access - Location: Your Address
2025-12-17 18:59:19,500 - INFO - SMS to OWNER: HOME SECURITY: INTRUDER_DETECTED - Unknown person attempting access
2025-12-17 18:59:19,602 - INFO - Security event logged: GSM_ALERT_SENT - system
2025-12-17 18:59:19,602 - INFO - SECURITY RELAY ACTIVATED - Additional security measures enabled
2025-12-17 18:59:19,693 - INFO - Security event logged: RELAY_ACTIVATED - system
2025-12-17 18:59:19,695 - INFO - Tracking servo moved to 75°
2025-12-17 18:59:19,794 - INFO - Security event logged: TRACKING_MOVEMENT - unknown
2025-12-17 18:59:20,093 - INFO - Security event logged: VIDEO_gesture_candidate - unknown
2025-12-17 18:59:20,096 - INFO - Saved evidence clip: evidence/videos/gesture_candidate_unknown_20251217_185919.avi
2025-12-17 18:59:20,116 - INFO - Queued clip for gesture analysis: evidence/gesture_queue/incoming/gesture_606d53d8a85945ddb29a89a071d99baf.avi
2025-12-17 18:59:20,124 - INFO - Clip queued for gesture worker: evidence/gesture_queue/incoming/gesture_606d53d8a85945ddb29a89a071d99baf.avi
2025-12-17 18:59:21,406 - INFO - Tracking servo moved to 65°
2025-12-17 18:59:21,508 - INFO - Security event logged: TRACKING_MOVEMENT - unknown
2025-12-17 18:59:21,801 - INFO - Security event logged: VIDEO_gesture_candidate - unknown
2025-12-17 18:59:21,802 - INFO - Saved evidence clip: evidence/videos/gesture_candidate_unknown_20251217_185921.avi
2025-12-17 18:59:21,818 - INFO - Queued clip for gesture analysis: evidence/gesture_queue/incoming/gesture_bc1a252cc81d4146a47da5c92cee71bd.avi
2025-12-17 18:59:21,818 - INFO - Clip queued for gesture worker: evidence/gesture_queue/incoming/gesture_bc1a252cc81d4146a47da5c92cee71bd.avi
2025-12-17 18:59:21,872 - INFO - Tracking servo moved to 53°
2025-12-17 18:59:21,973 - INFO - Security event logged: TRACKING_MOVEMENT - unknown
2025-12-17 18:59:22,284 - INFO - Security event logged: VIDEO_gesture_candidate - unknown
2025-12-17 18:59:22,285 - INFO - Saved evidence clip: evidence/videos/gesture_candidate_unknown_20251217_185921.avi
2025-12-17 18:59:22,306 - INFO - Queued clip for gesture analysis: evidence/gesture_queue/incoming/gesture_05a5bdaff03343d4a3edd9a10e411d2a.avi
2025-12-17 18:59:22,309 - INFO - Clip queued for gesture worker: evidence/gesture_queue/incoming/gesture_05a5bdaff03343d4a3edd9a10e411d2a.avi
2025-12-17 18:59:22,359 - INFO - Tracking servo moved to 44°
2025-12-17 18:59:22,449 - INFO - Security event logged: TRACKING_MOVEMENT - unknown
2025-12-17 18:59:22,744 - INFO - Security event logged: VIDEO_gesture_candidate - unknown
2025-12-17 18:59:22,744 - INFO - Saved evidence clip: evidence/videos/gesture_candidate_unknown_20251217_185922.avi
2025-12-17 18:59:22,768 - INFO - Queued clip for gesture analysis: evidence/gesture_queue/incoming/gesture_62e121d16e4c4a6c8506a27f0774b85d.avi
2025-12-17 18:59:22,769 - INFO - Clip queued for gesture worker: evidence/gesture_queue/incoming/gesture_62e121d16e4c4a6c8506a27f0774b85d.avi
2025-12-17 18:59:23,205 - INFO - Security event logged: VIDEO_gesture_candidate - unknown
2025-12-17 18:59:23,206 - INFO - Saved evidence clip: evidence/videos/gesture_candidate_unknown_20251217_185922.avi
2025-12-17 18:59:23,224 - INFO - Queued clip for gesture analysis: evidence/gesture_queue/incoming/gesture_84798e70fbff45e1af36bf55d39485fe.avi
2025-12-17 18:59:23,224 - INFO - Clip queued for gesture worker: evidence/gesture_queue/incoming/gesture_84798e70fbff45e1af36bf55d39485fe.avi
2025-12-17 18:59:23,822 - INFO - Security event logged: VIDEO_gesture_candidate - unknown
2025-12-17 18:59:23,822 - INFO - Saved evidence clip: evidence/videos/gesture_candidate_unknown_20251217_185923.avi
2025-12-17 18:59:23,842 - INFO - Queued clip for gesture analysis: evidence/gesture_queue/incoming/gesture_5ba4198aa90b4e78bebb9c4af48797d4.avi
2025-12-17 18:59:23,842 - INFO - Clip queued for gesture worker: evidence/gesture_queue/incoming/gesture_5ba4198aa90b4e78bebb9c4af48797d4.avi
2025-12-17 18:59:24,551 - INFO - Security event logged: VIDEO_gesture_candidate - unknown
2025-12-17 18:59:24,551 - INFO - Saved evidence clip: evidence/videos/gesture_candidate_unknown_20251217_185924.avi
2025-12-17 18:59:24,576 - INFO - Queued clip for gesture analysis: evidence/gesture_queue/incoming/gesture_6be145cbb66149e783f0b4d945814eb2.avi
2025-12-17 18:59:24,578 - INFO - Clip queued for gesture worker: evidence/gesture_queue/incoming/gesture_6be145cbb66149e783f0b4d945814eb2.avi
2025-12-17 18:59:24,916 - INFO - Security event logged: VIDEO_gesture_candidate - unknown
2025-12-17 18:59:24,917 - INFO - Saved evidence clip: evidence/videos/gesture_candidate_unknown_20251217_185924.avi
2025-12-17 18:59:24,932 - INFO - Queued clip for gesture analysis: evidence/gesture_queue/incoming/gesture_6e30813914e441d9ba33ee83a1c00004.avi
2025-12-17 18:59:24,932 - INFO - Clip queued for gesture worker: evidence/gesture_queue/incoming/gesture_6e30813914e441d9ba33ee83a1c00004.avi
2025-12-17 18:59:24,973 - INFO - Tracking servo moved to 90°
2025-12-17 18:59:25,066 - INFO - Security event logged: TRACKING_MOVEMENT - unknown
2025-12-17 18:59:25,342 - WARNING - Unknown person detected - starting tracking
2025-12-17 18:59:25,343 - WARNING - [ALERT] SECURITY ALERT: INTRUDER_DETECTED
2025-12-17 18:59:25,354 - WARNING - Alert logged: INTRUDER_DETECTED - CRITICAL - Unknown person attempting access
2025-12-17 18:59:25,355 - INFO - SMS to POLICE: SECURITY ALERT: INTRUDER_DETECTED - Unknown person attempting access - Location: Your Address
2025-12-17 18:59:25,355 - INFO - SMS to OWNER: HOME SECURITY: INTRUDER_DETECTED - Unknown person attempting access
2025-12-17 18:59:25,469 - INFO - Security event logged: GSM_ALERT_SENT - system
2025-12-17 18:59:25,470 - INFO - SECURITY RELAY ACTIVATED - Additional security measures enabled
2025-12-17 18:59:25,596 - INFO - Security event logged: RELAY_ACTIVATED - system
2025-12-17 18:59:25,597 - INFO - Tracking servo moved to 60°
2025-12-17 18:59:25,730 - INFO - Security event logged: TRACKING_MOVEMENT - unknown
2025-12-17 18:59:26,036 - INFO - Security event logged: VIDEO_gesture_candidate - unknown
2025-12-17 18:59:26,038 - INFO - Saved evidence clip: evidence/videos/gesture_candidate_unknown_20251217_185925.avi
2025-12-17 18:59:26,054 - INFO - Queued clip for gesture analysis: evidence/gesture_queue/incoming/gesture_e1e1d4bbd82c45758b6e1b678ad06b29.avi
2025-12-17 18:59:26,055 - INFO - Clip queued for gesture worker: evidence/gesture_queue/incoming/gesture_e1e1d4bbd82c45758b6e1b678ad06b29.avi
2025-12-17 18:59:26,104 - INFO - Tracking servo moved to 30°
2025-12-17 18:59:26,205 - INFO - Security event logged: TRACKING_MOVEMENT - unknown
2025-12-17 18:59:26,504 - INFO - Security event logged: VIDEO_gesture_candidate - unknown
2025-12-17 18:59:26,505 - INFO - Saved evidence clip: evidence/videos/gesture_candidate_unknown_20251217_185926.avi
2025-12-17 18:59:26,532 - INFO - Queued clip for gesture analysis: evidence/gesture_queue/incoming/gesture_d7d27b8647154ce1833072614b00a1d0.avi
2025-12-17 18:59:26,534 - INFO - Clip queued for gesture worker: evidence/gesture_queue/incoming/gesture_d7d27b8647154ce1833072614b00a1d0.avi
2025-12-17 18:59:26,587 - INFO - Tracking servo moved to 0°
2025-12-17 18:59:26,679 - INFO - Security event logged: TRACKING_MOVEMENT - unknown
2025-12-17 18:59:26,976 - INFO - Security event logged: VIDEO_gesture_candidate - unknown
2025-12-17 18:59:26,977 - INFO - Saved evidence clip: evidence/videos/gesture_candidate_unknown_20251217_185926.avi
2025-12-17 18:59:26,995 - INFO - Queued clip for gesture analysis: evidence/gesture_queue/incoming/gesture_4904e37143444e0fb8d3f5a937673918.avi
2025-12-17 18:59:26,995 - INFO - Clip queued for gesture worker: evidence/gesture_queue/incoming/gesture_4904e37143444e0fb8d3f5a937673918.avi
2025-12-17 18:59:27,084 - INFO - Tracking servo moved to 0°
2025-12-17 18:59:27,190 - INFO - Security event logged: TRACKING_MOVEMENT - unknown
2025-12-17 18:59:27,518 - INFO - Security event logged: VIDEO_gesture_candidate - unknown
2025-12-17 18:59:27,519 - INFO - Saved evidence clip: evidence/videos/gesture_candidate_unknown_20251217_185927.avi
2025-12-17 18:59:27,536 - INFO - Queued clip for gesture analysis: evidence/gesture_queue/incoming/gesture_96bdfe66f478450093c81d2996274306.avi
2025-12-17 18:59:27,537 - INFO - Clip queued for gesture worker: evidence/gesture_queue/incoming/gesture_96bdfe66f478450093c81d2996274306.avi
2025-12-17 18:59:27,631 - INFO - Tracking servo moved to 0°
2025-12-17 18:59:27,757 - INFO - Security event logged: TRACKING_MOVEMENT - unknown
2025-12-17 18:59:28,053 - INFO - Security event logged: VIDEO_gesture_candidate - unknown
2025-12-17 18:59:28,053 - INFO - Saved evidence clip: evidence/videos/gesture_candidate_unknown_20251217_185927.avi
2025-12-17 18:59:28,070 - INFO - Queued clip for gesture analysis: evidence/gesture_queue/incoming/gesture_8e933b38a675457aaac2ce60a876ede9.avi
2025-12-17 18:59:28,071 - INFO - Clip queued for gesture worker: evidence/gesture_queue/incoming/gesture_8e933b38a675457aaac2ce60a876ede9.avi
2025-12-17 18:59:28,122 - INFO - Tracking servo moved to 0°
2025-12-17 18:59:28,219 - INFO - Security event logged: TRACKING_MOVEMENT - unknown
2025-12-17 18:59:28,467 - INFO - Security event logged: VIDEO_gesture_candidate - unknown
2025-12-17 18:59:28,468 - INFO - Saved evidence clip: evidence/videos/gesture_candidate_unknown_20251217_185928.avi
2025-12-17 18:59:28,486 - INFO - Queued clip for gesture analysis: evidence/gesture_queue/incoming/gesture_e2b05739c7a44de4ad5db74951074285.avi
2025-12-17 18:59:28,486 - INFO - Clip queued for gesture worker: evidence/gesture_queue/incoming/gesture_e2b05739c7a44de4ad5db74951074285.avi
2025-12-17 18:59:28,533 - INFO - Tracking servo moved to 0°
2025-12-17 18:59:28,643 - INFO - Security event logged: TRACKING_MOVEMENT - unknown
2025-12-17 18:59:28,936 - INFO - Security event logged: VIDEO_gesture_candidate - unknown
2025-12-17 18:59:28,937 - INFO - Saved evidence clip: evidence/videos/gesture_candidate_unknown_20251217_185928.avi
2025-12-17 18:59:28,952 - INFO - Queued clip for gesture analysis: evidence/gesture_queue/incoming/gesture_ea5dbe76370a4d58aabd4dec25635496.avi
2025-12-17 18:59:28,953 - INFO - Clip queued for gesture worker: evidence/gesture_queue/incoming/gesture_ea5dbe76370a4d58aabd4dec25635496.avi
2025-12-17 18:59:29,011 - INFO - Tracking servo moved to 0°
2025-12-17 18:59:29,125 - INFO - Security event logged: TRACKING_MOVEMENT - unknown
2025-12-17 18:59:29,422 - INFO - Security event logged: VIDEO_gesture_candidate - unknown
2025-12-17 18:59:29,423 - INFO - Saved evidence clip: evidence/videos/gesture_candidate_unknown_20251217_185929.avi
2025-12-17 18:59:29,438 - INFO - Queued clip for gesture analysis: evidence/gesture_queue/incoming/gesture_f021a224f8464d81bed59352f533cf95.avi
2025-12-17 18:59:29,439 - INFO - Clip queued for gesture worker: evidence/gesture_queue/incoming/gesture_f021a224f8464d81bed59352f533cf95.avi
2025-12-17 18:59:29,494 - INFO - Tracking servo moved to 0°
2025-12-17 18:59:29,605 - INFO - Security event logged: TRACKING_MOVEMENT - unknown
2025-12-17 18:59:29,923 - INFO - Security event logged: VIDEO_gesture_candidate - unknown
2025-12-17 18:59:29,924 - INFO - Saved evidence clip: evidence/videos/gesture_candidate_unknown_20251217_185929.avi
2025-12-17 18:59:29,944 - INFO - Queued clip for gesture analysis: evidence/gesture_queue/incoming/gesture_ec64d0c46dc14f1c94aec2324dc77f05.avi
2025-12-17 18:59:29,945 - INFO - Clip queued for gesture worker: evidence/gesture_queue/incoming/gesture_ec64d0c46dc14f1c94aec2324dc77f05.avi
2025-12-17 18:59:29,995 - INFO - Tracking servo moved to 0°
2025-12-17 18:59:30,097 - INFO - Security event logged: TRACKING_MOVEMENT - unknown
2025-12-17 18:59:30,395 - INFO - Security event logged: VIDEO_gesture_candidate - unknown
2025-12-17 18:59:30,397 - INFO - Saved evidence clip: evidence/videos/gesture_candidate_unknown_20251217_185930.avi
2025-12-17 18:59:30,410 - INFO - Queued clip for gesture analysis: evidence/gesture_queue/incoming/gesture_5878456b770b44678044b9193d80256f.avi
2025-12-17 18:59:30,411 - INFO - Clip queued for gesture worker: evidence/gesture_queue/incoming/gesture_5878456b770b44678044b9193d80256f.avi
2025-12-17 18:59:30,463 - INFO - Tracking servo moved to 0°
2025-12-17 18:59:30,560 - INFO - Security event logged: TRACKING_MOVEMENT - unknown
2025-12-17 18:59:30,852 - INFO - Security event logged: VIDEO_gesture_candidate - unknown
2025-12-17 18:59:30,853 - INFO - Saved evidence clip: evidence/videos/gesture_candidate_unknown_20251217_185930.avi
2025-12-17 18:59:30,875 - INFO - Queued clip for gesture analysis: evidence/gesture_queue/incoming/gesture_e84864001ca8418790c9bdc2c8ee0992.avi
2025-12-17 18:59:30,875 - INFO - Clip queued for gesture worker: evidence/gesture_queue/incoming/gesture_e84864001ca8418790c9bdc2c8ee0992.avi
2025-12-17 18:59:30,918 - INFO - Tracking servo moved to 0°
2025-12-17 18:59:31,027 - INFO - Security event logged: TRACKING_MOVEMENT - unknown
2025-12-17 18:59:31,278 - INFO - Security event logged: VIDEO_gesture_candidate - unknown
2025-12-17 18:59:31,279 - INFO - Saved evidence clip: evidence/videos/gesture_candidate_unknown_20251217_185931.avi
2025-12-17 18:59:31,298 - INFO - Queued clip for gesture analysis: evidence/gesture_queue/incoming/gesture_0fec5e0407e0485ebaa202a6e7ce5e6e.avi
2025-12-17 18:59:31,298 - INFO - Clip queued for gesture worker: evidence/gesture_queue/incoming/gesture_0fec5e0407e0485ebaa202a6e7ce5e6e.avi
2025-12-17 18:59:31,348 - INFO - Tracking servo moved to 0°
2025-12-17 18:59:31,450 - INFO - Security event logged: TRACKING_MOVEMENT - unknown
2025-12-17 18:59:31,755 - INFO - Security event logged: VIDEO_gesture_candidate - unknown
2025-12-17 18:59:31,756 - INFO - Saved evidence clip: evidence/videos/gesture_candidate_unknown_20251217_185931.avi
2025-12-17 18:59:31,773 - INFO - Queued clip for gesture analysis: evidence/gesture_queue/incoming/gesture_15db025974474eb2a4a412ecc330977e.avi
2025-12-17 18:59:31,774 - INFO - Clip queued for gesture worker: evidence/gesture_queue/incoming/gesture_15db025974474eb2a4a412ecc330977e.avi
2025-12-17 18:59:31,816 - INFO - Tracking servo moved to 0°
2025-12-17 18:59:31,928 - INFO - Security event logged: TRACKING_MOVEMENT - unknown
2025-12-17 18:59:32,222 - INFO - Security event logged: VIDEO_gesture_candidate - unknown
2025-12-17 18:59:32,223 - INFO - Saved evidence clip: evidence/videos/gesture_candidate_unknown_20251217_185931.avi
2025-12-17 18:59:32,240 - INFO - Queued clip for gesture analysis: evidence/gesture_queue/incoming/gesture_29373879499245eebc7b0686863d4160.avi
2025-12-17 18:59:32,240 - INFO - Clip queued for gesture worker: evidence/gesture_queue/incoming/gesture_29373879499245eebc7b0686863d4160.avi
2025-12-17 18:59:32,285 - INFO - Tracking servo moved to 0°
2025-12-17 18:59:32,390 - INFO - Security event logged: TRACKING_MOVEMENT - unknown
2025-12-17 18:59:32,685 - INFO - Security event logged: VIDEO_gesture_candidate - unknown
2025-12-17 18:59:32,686 - INFO - Saved evidence clip: evidence/videos/gesture_candidate_unknown_20251217_185932.avi
2025-12-17 18:59:32,699 - INFO - Queued clip for gesture analysis: evidence/gesture_queue/incoming/gesture_c191c4aa65fc462ca89a190110894fcf.avi
2025-12-17 18:59:32,699 - INFO - Clip queued for gesture worker: evidence/gesture_queue/incoming/gesture_c191c4aa65fc462ca89a190110894fcf.avi
2025-12-17 18:59:32,750 - INFO - Tracking servo moved to 0°
2025-12-17 18:59:32,837 - INFO - Security event logged: TRACKING_MOVEMENT - unknown
2025-12-17 18:59:33,132 - INFO - Security event logged: VIDEO_gesture_candidate - unknown
2025-12-17 18:59:33,133 - INFO - Saved evidence clip: evidence/videos/gesture_candidate_unknown_20251217_185932.avi
2025-12-17 18:59:33,152 - INFO - Queued clip for gesture analysis: evidence/gesture_queue/incoming/gesture_016a240ea12d47c3b6777cd1d54fb5f7.avi
2025-12-17 18:59:33,153 - INFO - Clip queued for gesture worker: evidence/gesture_queue/incoming/gesture_016a240ea12d47c3b6777cd1d54fb5f7.avi
2025-12-17 18:59:33,209 - INFO - Tracking servo moved to 0°
2025-12-17 18:59:33,321 - INFO - Security event logged: TRACKING_MOVEMENT - unknown
2025-12-17 18:59:33,603 - INFO - Security event logged: VIDEO_gesture_candidate - unknown
2025-12-17 18:59:33,604 - INFO - Saved evidence clip: evidence/videos/gesture_candidate_unknown_20251217_185933.avi
2025-12-17 18:59:33,622 - INFO - Queued clip for gesture analysis: evidence/gesture_queue/incoming/gesture_1c5e4fc9e9fe442880f274960f8d7dab.avi
2025-12-17 18:59:33,623 - INFO - Clip queued for gesture worker: evidence/gesture_queue/incoming/gesture_1c5e4fc9e9fe442880f274960f8d7dab.avi
2025-12-17 18:59:33,669 - INFO - Tracking servo moved to 0°
2025-12-17 18:59:33,759 - INFO - Security event logged: TRACKING_MOVEMENT - unknown
2025-12-17 18:59:34,030 - INFO - Security event logged: VIDEO_gesture_candidate - unknown
2025-12-17 18:59:34,031 - INFO - Saved evidence clip: evidence/videos/gesture_candidate_unknown_20251217_185933.avi
2025-12-17 18:59:34,048 - INFO - Queued clip for gesture analysis: evidence/gesture_queue/incoming/gesture_f690092acdf5495a8a41575e5a5c1cf7.avi
2025-12-17 18:59:34,049 - INFO - Clip queued for gesture worker: evidence/gesture_queue/incoming/gesture_f690092acdf5495a8a41575e5a5c1cf7.avi
2025-12-17 18:59:34,103 - INFO - Tracking servo moved to 0°
2025-12-17 18:59:34,215 - INFO - Security event logged: TRACKING_MOVEMENT - unknown
2025-12-17 18:59:34,514 - INFO - Security event logged: VIDEO_gesture_candidate - unknown
2025-12-17 18:59:34,514 - INFO - Saved evidence clip: evidence/videos/gesture_candidate_unknown_20251217_185934.avi
2025-12-17 18:59:34,531 - INFO - Queued clip for gesture analysis: evidence/gesture_queue/incoming/gesture_413cce9dc72f4af491ac94565a2d4be9.avi
2025-12-17 18:59:34,531 - INFO - Clip queued for gesture worker: evidence/gesture_queue/incoming/gesture_413cce9dc72f4af491ac94565a2d4be9.avi
2025-12-17 18:59:34,589 - INFO - Tracking servo moved to 0°
2025-12-17 18:59:34,710 - INFO - Security event logged: TRACKING_MOVEMENT - unknown
2025-12-17 18:59:34,998 - INFO - Security event logged: VIDEO_gesture_candidate - unknown
2025-12-17 18:59:35,006 - INFO - Saved evidence clip: evidence/videos/gesture_candidate_unknown_20251217_185934.avi
2025-12-17 18:59:35,020 - INFO - Queued clip for gesture analysis: evidence/gesture_queue/incoming/gesture_c3d5f7ee2a9943f4b18005da54630f47.avi
2025-12-17 18:59:35,021 - INFO - Clip queued for gesture worker: evidence/gesture_queue/incoming/gesture_c3d5f7ee2a9943f4b18005da54630f47.avi
2025-12-17 18:59:35,065 - INFO - Tracking servo moved to 0°
2025-12-17 18:59:35,182 - INFO - Security event logged: TRACKING_MOVEMENT - unknown
2025-12-17 18:59:35,611 - INFO - Security event logged: VIDEO_gesture_candidate - unknown
2025-12-17 18:59:35,613 - INFO - Saved evidence clip: evidence/videos/gesture_candidate_unknown_20251217_185935.avi
2025-12-17 18:59:35,627 - INFO - Queued clip for gesture analysis: evidence/gesture_queue/incoming/gesture_87a7c4db0019465cab756e714c064b2a.avi
2025-12-17 18:59:35,628 - INFO - Clip queued for gesture worker: evidence/gesture_queue/incoming/gesture_87a7c4db0019465cab756e714c064b2a.avi
2025-12-17 18:59:35,673 - INFO - Tracking servo moved to 0°
2025-12-17 18:59:35,758 - INFO - Security event logged: TRACKING_MOVEMENT - unknown
2025-12-17 18:59:36,021 - INFO - Security event logged: VIDEO_gesture_candidate - unknown
2025-12-17 18:59:36,021 - INFO - Saved evidence clip: evidence/videos/gesture_candidate_unknown_20251217_185935.avi
2025-12-17 18:59:36,039 - INFO - Queued clip for gesture analysis: evidence/gesture_queue/incoming/gesture_13902a2e4bbe4a3ca89a1fcbb8f496c9.avi
2025-12-17 18:59:36,040 - INFO - Clip queued for gesture worker: evidence/gesture_queue/incoming/gesture_13902a2e4bbe4a3ca89a1fcbb8f496c9.avi
2025-12-17 18:59:36,098 - INFO - Tracking servo moved to 0°
2025-12-17 18:59:36,209 - INFO - Security event logged: TRACKING_MOVEMENT - unknown
2025-12-17 18:59:36,507 - INFO - Security event logged: VIDEO_gesture_candidate - unknown
2025-12-17 18:59:36,509 - INFO - Saved evidence clip: evidence/videos/gesture_candidate_unknown_20251217_185936.avi
2025-12-17 18:59:36,524 - INFO - Queued clip for gesture analysis: evidence/gesture_queue/incoming/gesture_2c6dafd099a841cd9a32f8363ade5f03.avi
2025-12-17 18:59:36,526 - INFO - Clip queued for gesture worker: evidence/gesture_queue/incoming/gesture_2c6dafd099a841cd9a32f8363ade5f03.avi
2025-12-17 18:59:36,569 - INFO - Tracking servo moved to 90°
2025-12-17 18:59:36,674 - INFO - Security event logged: TRACKING_MOVEMENT - unknown
2025-12-17 18:59:37,015 - WARNING - [ALERT] SECURITY ALERT: SUSPICIOUS_MOTION
2025-12-17 18:59:37,027 - WARNING - Alert logged: SUSPICIOUS_MOTION - HIGH - Suspicious movement detected near entrance
2025-12-17 18:59:37,027 - INFO - SMS to POLICE: SECURITY ALERT: SUSPICIOUS_MOTION - Suspicious movement detected near entrance - Location: Your Address
2025-12-17 18:59:37,027 - INFO - SMS to OWNER: HOME SECURITY: SUSPICIOUS_MOTION - Suspicious movement detected near entrance
2025-12-17 18:59:37,118 - INFO - Security event logged: GSM_ALERT_SENT - system
2025-12-17 18:59:37,120 - INFO - SECURITY RELAY ACTIVATED - Additional security measures enabled
2025-12-17 18:59:37,218 - INFO - Security event logged: RELAY_ACTIVATED - system
2025-12-17 18:59:42,137 - WARNING - Unknown person detected - starting tracking
2025-12-17 18:59:42,138 - WARNING - [ALERT] SECURITY ALERT: INTRUDER_DETECTED
2025-12-17 18:59:42,147 - WARNING - Alert logged: INTRUDER_DETECTED - CRITICAL - Unknown person attempting access
2025-12-17 18:59:42,148 - INFO - SMS to POLICE: SECURITY ALERT: INTRUDER_DETECTED - Unknown person attempting access - Location: Your Address
2025-12-17 18:59:42,148 - INFO - SMS to OWNER: HOME SECURITY: INTRUDER_DETECTED - Unknown person attempting access
2025-12-17 18:59:42,270 - INFO - Security event logged: GSM_ALERT_SENT - system
2025-12-17 18:59:42,270 - INFO - SECURITY RELAY ACTIVATED - Additional security measures enabled
2025-12-17 18:59:42,391 - INFO - Security event logged: RELAY_ACTIVATED - system
2025-12-17 18:59:42,392 - INFO - Tracking servo moved to 79°
2025-12-17 18:59:42,513 - INFO - Security event logged: TRACKING_MOVEMENT - unknown
2025-12-17 18:59:42,801 - INFO - Security event logged: VIDEO_gesture_candidate - unknown
2025-12-17 18:59:42,802 - INFO - Saved evidence clip: evidence/videos/gesture_candidate_unknown_20251217_185942.avi
2025-12-17 18:59:42,815 - INFO - Queued clip for gesture analysis: evidence/gesture_queue/incoming/gesture_d0883486d3324854989d6c11ae24f3fb.avi
2025-12-17 18:59:42,816 - INFO - Clip queued for gesture worker: evidence/gesture_queue/incoming/gesture_d0883486d3324854989d6c11ae24f3fb.avi
2025-12-17 18:59:42,865 - INFO - Tracking servo moved to 84°
2025-12-17 18:59:42,969 - INFO - Security event logged: TRACKING_MOVEMENT - unknown
2025-12-17 18:59:43,279 - INFO - Security event logged: VIDEO_gesture_candidate - unknown
2025-12-17 18:59:43,280 - INFO - Saved evidence clip: evidence/videos/gesture_candidate_unknown_20251217_185942.avi
2025-12-17 18:59:43,295 - INFO - Queued clip for gesture analysis: evidence/gesture_queue/incoming/gesture_af6869ea21e4430e9f10006b15356a72.avi
2025-12-17 18:59:43,296 - INFO - Clip queued for gesture worker: evidence/gesture_queue/incoming/gesture_af6869ea21e4430e9f10006b15356a72.avi
2025-12-17 18:59:43,348 - INFO - Tracking servo moved to 53°
2025-12-17 18:59:43,445 - INFO - Security event logged: TRACKING_MOVEMENT - unknown
2025-12-17 18:59:43,733 - INFO - Security event logged: VIDEO_gesture_candidate - unknown
2025-12-17 18:59:43,734 - INFO - Saved evidence clip: evidence/videos/gesture_candidate_unknown_20251217_185943.avi
2025-12-17 18:59:43,750 - INFO - Queued clip for gesture analysis: evidence/gesture_queue/incoming/gesture_43f5febd060d4b82ac49f5c784b52ecc.avi
2025-12-17 18:59:43,751 - INFO - Clip queued for gesture worker: evidence/gesture_queue/incoming/gesture_43f5febd060d4b82ac49f5c784b52ecc.avi
2025-12-17 18:59:43,811 - INFO - Tracking servo moved to 22°
2025-12-17 18:59:43,937 - INFO - Security event logged: TRACKING_MOVEMENT - unknown
2025-12-17 18:59:44,246 - INFO - Security event logged: VIDEO_gesture_candidate - unknown
2025-12-17 18:59:44,246 - INFO - Saved evidence clip: evidence/videos/gesture_candidate_unknown_20251217_185943.avi
2025-12-17 18:59:44,268 - INFO - Queued clip for gesture analysis: evidence/gesture_queue/incoming/gesture_a542311e57264754966e09e2b2b22db2.avi
2025-12-17 18:59:44,270 - INFO - Clip queued for gesture worker: evidence/gesture_queue/incoming/gesture_a542311e57264754966e09e2b2b22db2.avi
2025-12-17 18:59:44,329 - INFO - Tracking servo moved to 0°
2025-12-17 18:59:44,428 - INFO - Security event logged: TRACKING_MOVEMENT - unknown
2025-12-17 18:59:44,752 - INFO - Security event logged: VIDEO_gesture_candidate - unknown
2025-12-17 18:59:44,753 - INFO - Saved evidence clip: evidence/videos/gesture_candidate_unknown_20251217_185944.avi
2025-12-17 18:59:44,769 - INFO - Queued clip for gesture analysis: evidence/gesture_queue/incoming/gesture_a43a2c6ee7b14e83bcfc960239cbc84b.avi
2025-12-17 18:59:44,770 - INFO - Clip queued for gesture worker: evidence/gesture_queue/incoming/gesture_a43a2c6ee7b14e83bcfc960239cbc84b.avi
2025-12-17 18:59:44,826 - INFO - Tracking servo moved to 0°
2025-12-17 18:59:44,951 - INFO - Security event logged: TRACKING_MOVEMENT - unknown
2025-12-17 18:59:45,238 - INFO - Security event logged: VIDEO_gesture_candidate - unknown
2025-12-17 18:59:45,239 - INFO - Saved evidence clip: evidence/videos/gesture_candidate_unknown_20251217_185944.avi
2025-12-17 18:59:45,253 - INFO - Queued clip for gesture analysis: evidence/gesture_queue/incoming/gesture_808c930efab34d888bd3d3ebc498e236.avi
2025-12-17 18:59:45,254 - INFO - Clip queued for gesture worker: evidence/gesture_queue/incoming/gesture_808c930efab34d888bd3d3ebc498e236.avi
2025-12-17 18:59:45,293 - INFO - Tracking servo moved to 0°
2025-12-17 18:59:45,410 - INFO - Security event logged: TRACKING_MOVEMENT - unknown
2025-12-17 18:59:45,725 - INFO - Security event logged: VIDEO_gesture_candidate - unknown
2025-12-17 18:59:45,726 - INFO - Saved evidence clip: evidence/videos/gesture_candidate_unknown_20251217_185945.avi
2025-12-17 18:59:45,745 - INFO - Queued clip for gesture analysis: evidence/gesture_queue/incoming/gesture_f7a008d2fa4049889a7d2a23bd922525.avi
2025-12-17 18:59:45,746 - INFO - Clip queued for gesture worker: evidence/gesture_queue/incoming/gesture_f7a008d2fa4049889a7d2a23bd922525.avi
2025-12-17 18:59:45,785 - INFO - Tracking servo moved to 0°
2025-12-17 18:59:45,875 - INFO - Security event logged: TRACKING_MOVEMENT - unknown
2025-12-17 18:59:46,153 - INFO - Security event logged: VIDEO_gesture_candidate - unknown
2025-12-17 18:59:46,153 - INFO - Saved evidence clip: evidence/videos/gesture_candidate_unknown_20251217_185945.avi
2025-12-17 18:59:46,168 - INFO - Queued clip for gesture analysis: evidence/gesture_queue/incoming/gesture_eb576afab4b24f139b6e9217cea515eb.avi
2025-12-17 18:59:46,170 - INFO - Clip queued for gesture worker: evidence/gesture_queue/incoming/gesture_eb576afab4b24f139b6e9217cea515eb.avi
2025-12-17 18:59:46,218 - INFO - Tracking servo moved to 0°
2025-12-17 18:59:46,309 - INFO - Security event logged: TRACKING_MOVEMENT - unknown
2025-12-17 18:59:46,531 - INFO - Security event logged: VIDEO_gesture_candidate - unknown
2025-12-17 18:59:46,532 - INFO - Saved evidence clip: evidence/videos/gesture_candidate_unknown_20251217_185946.avi
2025-12-17 18:59:46,548 - INFO - Queued clip for gesture analysis: evidence/gesture_queue/incoming/gesture_8c3a41d6707c44798f06d7d79cec4520.avi
2025-12-17 18:59:46,549 - INFO - Clip queued for gesture worker: evidence/gesture_queue/incoming/gesture_8c3a41d6707c44798f06d7d79cec4520.avi
2025-12-17 18:59:46,696 - INFO - Tracking servo moved to 0°
2025-12-17 18:59:46,821 - INFO - Security event logged: TRACKING_MOVEMENT - unknown
2025-12-17 18:59:47,135 - INFO - Security event logged: VIDEO_gesture_candidate - unknown
2025-12-17 18:59:47,135 - INFO - Saved evidence clip: evidence/videos/gesture_candidate_unknown_20251217_185946.avi
2025-12-17 18:59:47,154 - INFO - Queued clip for gesture analysis: evidence/gesture_queue/incoming/gesture_01b0a3a1ec564f50973f72c806b6d157.avi
2025-12-17 18:59:47,154 - INFO - Clip queued for gesture worker: evidence/gesture_queue/incoming/gesture_01b0a3a1ec564f50973f72c806b6d157.avi
2025-12-17 18:59:47,197 - INFO - Tracking servo moved to 0°
2025-12-17 18:59:47,397 - INFO - Security event logged: TRACKING_MOVEMENT - unknown
2025-12-17 18:59:47,685 - INFO - Security event logged: VIDEO_gesture_candidate - unknown
2025-12-17 18:59:47,686 - INFO - Saved evidence clip: evidence/videos/gesture_candidate_unknown_20251217_185947.avi
2025-12-17 18:59:47,706 - INFO - Queued clip for gesture analysis: evidence/gesture_queue/incoming/gesture_44f3375ae58f44cba53305e06acf19dc.avi
2025-12-17 18:59:47,706 - INFO - Clip queued for gesture worker: evidence/gesture_queue/incoming/gesture_44f3375ae58f44cba53305e06acf19dc.avi
2025-12-17 18:59:47,748 - INFO - Tracking servo moved to 0°
2025-12-17 18:59:47,929 - INFO - Security event logged: TRACKING_MOVEMENT - unknown
2025-12-17 18:59:48,206 - INFO - Security event logged: VIDEO_gesture_candidate - unknown
2025-12-17 18:59:48,206 - INFO - Saved evidence clip: evidence/videos/gesture_candidate_unknown_20251217_185947.avi
2025-12-17 18:59:48,220 - INFO - Queued clip for gesture analysis: evidence/gesture_queue/incoming/gesture_05c118ebf1ac4fffa83527ed26ce7bac.avi
2025-12-17 18:59:48,220 - INFO - Clip queued for gesture worker: evidence/gesture_queue/incoming/gesture_05c118ebf1ac4fffa83527ed26ce7bac.avi
2025-12-17 18:59:48,275 - INFO - Tracking servo moved to 0°
2025-12-17 18:59:48,368 - INFO - Security event logged: TRACKING_MOVEMENT - unknown
2025-12-17 18:59:48,659 - INFO - Security event logged: VIDEO_gesture_candidate - unknown
2025-12-17 18:59:48,659 - INFO - Saved evidence clip: evidence/videos/gesture_candidate_unknown_20251217_185948.avi
2025-12-17 18:59:48,674 - INFO - Queued clip for gesture analysis: evidence/gesture_queue/incoming/gesture_a970af468bcc46988f91d1c362ed00bc.avi
2025-12-17 18:59:48,674 - INFO - Clip queued for gesture worker: evidence/gesture_queue/incoming/gesture_a970af468bcc46988f91d1c362ed00bc.avi
2025-12-17 18:59:48,725 - INFO - Tracking servo moved to 90°
2025-12-17 18:59:48,912 - INFO - Security event logged: TRACKING_MOVEMENT - unknown
2025-12-17 18:59:49,275 - WARNING - Unknown person detected - starting tracking
2025-12-17 18:59:49,275 - WARNING - [ALERT] SECURITY ALERT: INTRUDER_DETECTED
2025-12-17 18:59:49,285 - WARNING - Alert logged: INTRUDER_DETECTED - CRITICAL - Unknown person attempting access
2025-12-17 18:59:49,287 - INFO - SMS to POLICE: SECURITY ALERT: INTRUDER_DETECTED - Unknown person attempting access - Location: Your Address
2025-12-17 18:59:49,287 - INFO - SMS to OWNER: HOME SECURITY: INTRUDER_DETECTED - Unknown person attempting access
2025-12-17 18:59:49,428 - INFO - Security event logged: GSM_ALERT_SENT - system
2025-12-17 18:59:49,429 - INFO - SECURITY RELAY ACTIVATED - Additional security measures enabled
2025-12-17 18:59:49,557 - INFO - Security event logged: RELAY_ACTIVATED - system
2025-12-17 18:59:49,857 - INFO - Security event logged: VIDEO_gesture_candidate - unknown
2025-12-17 18:59:49,858 - INFO - Saved evidence clip: evidence/videos/gesture_candidate_unknown_20251217_185949.avi
2025-12-17 18:59:49,874 - INFO - Queued clip for gesture analysis: evidence/gesture_queue/incoming/gesture_e09dd0fabf4f4fdb816a697650916edd.avi
2025-12-17 18:59:49,876 - INFO - Clip queued for gesture worker: evidence/gesture_queue/incoming/gesture_e09dd0fabf4f4fdb816a697650916edd.avi
2025-12-17 18:59:49,934 - INFO - DOOR UNLOCKED - Servo 1 rotated 90°
2025-12-17 18:59:50,056 - INFO - Security event logged: DOOR_UNLOCKED - owner
2025-12-17 18:59:50,553 - INFO - Security event logged: VIDEO_gesture_candidate - unknown
2025-12-17 18:59:50,554 - INFO - Saved evidence clip: evidence/videos/gesture_candidate_unknown_20251217_185950.avi
2025-12-17 18:59:50,570 - INFO - Queued clip for gesture analysis: evidence/gesture_queue/incoming/gesture_722b7c7c0a3e47d09ec585f010d1af4d.avi
2025-12-17 18:59:50,572 - INFO - Clip queued for gesture worker: evidence/gesture_queue/incoming/gesture_722b7c7c0a3e47d09ec585f010d1af4d.avi
2025-12-17 18:59:52,142 - INFO - Tracking servo moved to 59°
2025-12-17 18:59:52,267 - INFO - Security event logged: TRACKING_MOVEMENT - unknown
2025-12-17 18:59:52,533 - INFO - Security event logged: VIDEO_gesture_candidate - unknown
2025-12-17 18:59:52,534 - INFO - Saved evidence clip: evidence/videos/gesture_candidate_unknown_20251217_185952.avi
2025-12-17 18:59:52,547 - INFO - Queued clip for gesture analysis: evidence/gesture_queue/incoming/gesture_a1d5596f091242d4aaaa80421f51097d.avi
2025-12-17 18:59:52,548 - INFO - Clip queued for gesture worker: evidence/gesture_queue/incoming/gesture_a1d5596f091242d4aaaa80421f51097d.avi
2025-12-17 18:59:52,855 - INFO - Security event logged: VIDEO_gesture_candidate - unknown
2025-12-17 18:59:52,856 - INFO - Saved evidence clip: evidence/videos/gesture_candidate_unknown_20251217_185952.avi
2025-12-17 18:59:52,877 - INFO - Queued clip for gesture analysis: evidence/gesture_queue/incoming/gesture_dbe9c13f5aa8420db23d344bd1353ccd.avi
2025-12-17 18:59:52,878 - INFO - Clip queued for gesture worker: evidence/gesture_queue/incoming/gesture_dbe9c13f5aa8420db23d344bd1353ccd.avi
2025-12-17 18:59:52,934 - INFO - Tracking servo moved to 29°
2025-12-17 18:59:53,088 - INFO - Security event logged: TRACKING_MOVEMENT - unknown
2025-12-17 18:59:53,341 - INFO - Security event logged: VIDEO_gesture_candidate - unknown
2025-12-17 18:59:53,342 - INFO - Saved evidence clip: evidence/videos/gesture_candidate_unknown_20251217_185953.avi
2025-12-17 18:59:53,355 - INFO - Queued clip for gesture analysis: evidence/gesture_queue/incoming/gesture_fcdbbdefeb994e97acb5d5a39bf5cbf8.avi
2025-12-17 18:59:53,355 - INFO - Clip queued for gesture worker: evidence/gesture_queue/incoming/gesture_fcdbbdefeb994e97acb5d5a39bf5cbf8.avi
2025-12-17 18:59:53,396 - INFO - Tracking servo moved to 0°
2025-12-17 18:59:53,485 - INFO - Security event logged: TRACKING_MOVEMENT - unknown
2025-12-17 18:59:53,756 - INFO - Security event logged: VIDEO_gesture_candidate - unknown
2025-12-17 18:59:53,756 - INFO - Saved evidence clip: evidence/videos/gesture_candidate_unknown_20251217_185953.avi
2025-12-17 18:59:53,780 - INFO - Queued clip for gesture analysis: evidence/gesture_queue/incoming/gesture_930ebf770d1545d396fd6297b2745144.avi
2025-12-17 18:59:53,780 - INFO - Clip queued for gesture worker: evidence/gesture_queue/incoming/gesture_930ebf770d1545d396fd6297b2745144.avi
2025-12-17 18:59:53,822 - INFO - Tracking servo moved to 0°
2025-12-17 18:59:53,909 - INFO - Security event logged: TRACKING_MOVEMENT - unknown
2025-12-17 18:59:54,144 - INFO - Security event logged: VIDEO_gesture_candidate - unknown
2025-12-17 18:59:54,144 - INFO - Saved evidence clip: evidence/videos/gesture_candidate_unknown_20251217_185953.avi
2025-12-17 18:59:54,158 - INFO - Queued clip for gesture analysis: evidence/gesture_queue/incoming/gesture_ea8c9f0496904ba8906034cb23433ce1.avi
2025-12-17 18:59:54,160 - INFO - Clip queued for gesture worker: evidence/gesture_queue/incoming/gesture_ea8c9f0496904ba8906034cb23433ce1.avi
2025-12-17 18:59:54,215 - INFO - Tracking servo moved to 0°
2025-12-17 18:59:54,318 - INFO - Security event logged: TRACKING_MOVEMENT - unknown
2025-12-17 18:59:54,600 - INFO - Security event logged: VIDEO_gesture_candidate - unknown
2025-12-17 18:59:54,601 - INFO - Saved evidence clip: evidence/videos/gesture_candidate_unknown_20251217_185954.avi
2025-12-17 18:59:54,623 - INFO - Queued clip for gesture analysis: evidence/gesture_queue/incoming/gesture_b4a9d58db03c406c88f54bea251bfe7c.avi
2025-12-17 18:59:54,624 - INFO - Clip queued for gesture worker: evidence/gesture_queue/incoming/gesture_b4a9d58db03c406c88f54bea251bfe7c.avi
2025-12-17 18:59:54,663 - INFO - Tracking servo moved to 90°
2025-12-17 18:59:54,830 - INFO - Security event logged: TRACKING_MOVEMENT - unknown
2025-12-17 18:59:54,876 - WARNING - Unknown person detected - starting tracking
2025-12-17 18:59:54,907 - WARNING - [ALERT] SECURITY ALERT: INTRUDER_DETECTED
2025-12-17 18:59:54,936 - WARNING - Alert logged: INTRUDER_DETECTED - CRITICAL - Unknown person attempting access
2025-12-17 18:59:54,955 - INFO - SMS to POLICE: SECURITY ALERT: INTRUDER_DETECTED - Unknown person attempting access - Location: Your Address
2025-12-17 18:59:54,955 - INFO - SMS to OWNER: HOME SECURITY: INTRUDER_DETECTED - Unknown person attempting access
2025-12-17 18:59:55,082 - INFO - Security event logged: GSM_ALERT_SENT - system
2025-12-17 18:59:55,082 - INFO - SECURITY RELAY ACTIVATED - Additional security measures enabled
2025-12-17 18:59:55,192 - INFO - Security event logged: RELAY_ACTIVATED - system
2025-12-17 18:59:55,193 - INFO - Tracking servo moved to 60°
2025-12-17 18:59:55,291 - INFO - Security event logged: TRACKING_MOVEMENT - unknown
2025-12-17 18:59:55,551 - INFO - Security event logged: VIDEO_gesture_candidate - unknown
2025-12-17 18:59:55,551 - INFO - Saved evidence clip: evidence/videos/gesture_candidate_unknown_20251217_185955.avi
2025-12-17 18:59:55,567 - INFO - Queued clip for gesture analysis: evidence/gesture_queue/incoming/gesture_1df26413c35848678bdfd61b75eba64a.avi
2025-12-17 18:59:55,568 - INFO - Clip queued for gesture worker: evidence/gesture_queue/incoming/gesture_1df26413c35848678bdfd61b75eba64a.avi
2025-12-17 18:59:55,609 - INFO - Tracking servo moved to 30°
2025-12-17 18:59:55,699 - INFO - Security event logged: TRACKING_MOVEMENT - unknown
2025-12-17 18:59:55,989 - INFO - Security event logged: VIDEO_gesture_candidate - unknown
2025-12-17 18:59:55,990 - INFO - Saved evidence clip: evidence/videos/gesture_candidate_unknown_20251217_185955.avi
2025-12-17 18:59:56,011 - INFO - Queued clip for gesture analysis: evidence/gesture_queue/incoming/gesture_0b0e53ee04814276b13ee38a931fda06.avi
2025-12-17 18:59:56,011 - INFO - Clip queued for gesture worker: evidence/gesture_queue/incoming/gesture_0b0e53ee04814276b13ee38a931fda06.avi
2025-12-17 18:59:56,060 - INFO - Tracking servo moved to 0°
2025-12-17 18:59:56,153 - INFO - Security event logged: TRACKING_MOVEMENT - unknown
2025-12-17 18:59:56,412 - INFO - Security event logged: VIDEO_gesture_candidate - unknown
2025-12-17 18:59:56,419 - INFO - Saved evidence clip: evidence/videos/gesture_candidate_unknown_20251217_185956.avi
2025-12-17 18:59:56,438 - INFO - Queued clip for gesture analysis: evidence/gesture_queue/incoming/gesture_44252272b5bd4aae83347ef49c701cde.avi
2025-12-17 18:59:56,443 - INFO - Clip queued for gesture worker: evidence/gesture_queue/incoming/gesture_44252272b5bd4aae83347ef49c701cde.avi
2025-12-17 18:59:56,480 - INFO - Tracking servo moved to 0°
2025-12-17 18:59:56,576 - INFO - Security event logged: TRACKING_MOVEMENT - unknown
2025-12-17 18:59:56,826 - INFO - Security event logged: VIDEO_gesture_candidate - unknown
2025-12-17 18:59:56,852 - INFO - Saved evidence clip: evidence/videos/gesture_candidate_unknown_20251217_185956.avi
2025-12-17 18:59:56,875 - INFO - Queued clip for gesture analysis: evidence/gesture_queue/incoming/gesture_52332b6d93e34f7e9834b089472b7b60.avi
2025-12-17 18:59:56,879 - INFO - Clip queued for gesture worker: evidence/gesture_queue/incoming/gesture_52332b6d93e34f7e9834b089472b7b60.avi
2025-12-17 18:59:56,921 - INFO - Tracking servo moved to 0°
2025-12-17 18:59:57,116 - INFO - Security event logged: TRACKING_MOVEMENT - unknown
2025-12-17 18:59:57,399 - INFO - Security event logged: VIDEO_gesture_candidate - unknown
2025-12-17 18:59:57,400 - INFO - Saved evidence clip: evidence/videos/gesture_candidate_unknown_20251217_185957.avi
2025-12-17 18:59:57,419 - INFO - Queued clip for gesture analysis: evidence/gesture_queue/incoming/gesture_0b956d88ecfc4937a5531bbec0575bb0.avi
2025-12-17 18:59:57,419 - INFO - Clip queued for gesture worker: evidence/gesture_queue/incoming/gesture_0b956d88ecfc4937a5531bbec0575bb0.avi
2025-12-17 18:59:57,467 - INFO - Tracking servo moved to 0°
2025-12-17 18:59:57,620 - INFO - Security event logged: TRACKING_MOVEMENT - unknown
2025-12-17 18:59:57,906 - INFO - Security event logged: VIDEO_gesture_candidate - unknown
2025-12-17 18:59:57,907 - INFO - Saved evidence clip: evidence/videos/gesture_candidate_unknown_20251217_185957.avi
2025-12-17 18:59:57,926 - INFO - Queued clip for gesture analysis: evidence/gesture_queue/incoming/gesture_887203be0e4f4babb3f8b5c4a8c464fd.avi
2025-12-17 18:59:57,926 - INFO - Clip queued for gesture worker: evidence/gesture_queue/incoming/gesture_887203be0e4f4babb3f8b5c4a8c464fd.avi
2025-12-17 18:59:57,960 - INFO - Tracking servo moved to 0°
2025-12-17 18:59:58,165 - INFO - Security event logged: TRACKING_MOVEMENT - unknown
2025-12-17 18:59:58,455 - INFO - Security event logged: VIDEO_gesture_candidate - unknown
2025-12-17 18:59:58,456 - INFO - Saved evidence clip: evidence/videos/gesture_candidate_unknown_20251217_185958.avi
2025-12-17 18:59:58,473 - INFO - Queued clip for gesture analysis: evidence/gesture_queue/incoming/gesture_7ef4716de2fd4476b988cba51a96f26d.avi
2025-12-17 18:59:58,474 - INFO - Clip queued for gesture worker: evidence/gesture_queue/incoming/gesture_7ef4716de2fd4476b988cba51a96f26d.avi
2025-12-17 18:59:58,521 - INFO - Tracking servo moved to 0°
2025-12-17 18:59:58,669 - INFO - Security event logged: TRACKING_MOVEMENT - unknown
2025-12-17 18:59:58,962 - INFO - Security event logged: VIDEO_gesture_candidate - unknown
2025-12-17 18:59:58,963 - INFO - Saved evidence clip: evidence/videos/gesture_candidate_unknown_20251217_185958.avi
2025-12-17 18:59:58,980 - INFO - Queued clip for gesture analysis: evidence/gesture_queue/incoming/gesture_804b3937fe974c6ab1f1ee24c58e1020.avi
2025-12-17 18:59:58,980 - INFO - Clip queued for gesture worker: evidence/gesture_queue/incoming/gesture_804b3937fe974c6ab1f1ee24c58e1020.avi
2025-12-17 18:59:59,011 - INFO - Gesture result poller stopped
2025-12-17 18:59:59,356 - INFO - DOOR LOCKED - Servo 1 rotated 0°
2025-12-17 18:59:59,508 - INFO - Security event logged: DOOR_LOCKED - system
2025-12-17 18:59:59,509 - INFO - Security System stopped and cleaned up
2025-12-17 19:26:30,945 - INFO - Face recognition model loaded successfully
2025-12-17 19:26:30,945 - INFO - Known faces: ['owner']
2025-12-17 19:26:30,946 - INFO - Database setup completed
2025-12-17 19:26:30,947 - INFO - File storage setup completed
2025-12-17 19:26:30,962 - WARNING - No serial ports detected. Running in simulation mode.
2025-12-17 19:26:30,962 - INFO - Camera Tracking System initialized
2025-12-17 19:28:47,986 - INFO - Face recognition model loaded successfully
2025-12-17 19:28:47,987 - INFO - Known faces: ['owner']
2025-12-17 19:28:47,990 - INFO - Database setup completed
2025-12-17 19:28:47,990 - INFO - File storage setup completed
2025-12-17 19:28:48,006 - WARNING - No serial ports detected. Running in simulation mode.
2025-12-17 19:28:48,007 - INFO - Camera Tracking System initialized
2025-12-17 19:28:48,009 - INFO - Gesture result poller started
2025-12-17 19:28:48,009 - INFO - Security System STARTED - Press 'q' to quit, 't' to train, 'l' to lock door
2025-12-17 19:28:49,899 - WARNING - [ALERT] SECURITY ALERT: SUSPICIOUS_MOTION
2025-12-17 19:28:49,908 - WARNING - Alert logged: SUSPICIOUS_MOTION - HIGH - Suspicious movement detected near entrance
2025-12-17 19:28:49,908 - INFO - SMS to POLICE: SECURITY ALERT: SUSPICIOUS_MOTION - Suspicious movement detected near entrance - Location: Your Address
2025-12-17 19:28:49,910 - INFO - SMS to OWNER: HOME SECURITY: SUSPICIOUS_MOTION - Suspicious movement detected near entrance
2025-12-17 19:28:49,986 - INFO - Security event logged: GSM_ALERT_SENT - system
2025-12-17 19:28:49,988 - INFO - SECURITY RELAY ACTIVATED - Additional security measures enabled
2025-12-17 19:28:50,096 - INFO - Security event logged: RELAY_ACTIVATED - system
2025-12-17 19:28:50,197 - ERROR - Can't receive frame from camera
2025-12-17 19:28:50,197 - INFO - Security System stopped and cleaned up
2025-12-17 19:28:57,522 - INFO - Face recognition model loaded successfully
2025-12-17 19:28:57,522 - INFO - Known faces: ['owner']
2025-12-17 19:28:57,525 - INFO - Database setup completed
2025-12-17 19:28:57,526 - INFO - File storage setup completed
2025-12-17 19:28:57,549 - WARNING - No serial ports detected. Running in simulation mode.
2025-12-17 19:28:57,550 - INFO - Camera Tracking System initialized
2025-12-17 19:28:57,551 - INFO - Gesture result poller started
2025-12-17 19:28:57,553 - INFO - Security System STARTED - Press 'q' to quit, 't' to train, 'l' to lock door
2025-12-17 19:28:58,664 - WARNING - [ALERT] SECURITY ALERT: SUSPICIOUS_MOTION
2025-12-17 19:28:58,669 - WARNING - Alert logged: SUSPICIOUS_MOTION - HIGH - Suspicious movement detected near entrance
2025-12-17 19:28:58,670 - INFO - SMS to POLICE: SECURITY ALERT: SUSPICIOUS_MOTION - Suspicious movement detected near entrance - Location: Your Address
2025-12-17 19:28:58,670 - INFO - SMS to OWNER: HOME SECURITY: SUSPICIOUS_MOTION - Suspicious movement detected near entrance
2025-12-17 19:28:58,758 - INFO - Security event logged: GSM_ALERT_SENT - system
2025-12-17 19:28:58,759 - INFO - SECURITY RELAY ACTIVATED - Additional security measures enabled
2025-12-17 19:28:58,868 - INFO - Security event logged: RELAY_ACTIVATED - system
2025-12-17 19:28:58,963 - ERROR - Can't receive frame from camera
2025-12-17 19:28:58,963 - INFO - Security System stopped and cleaned up
2025-12-17 19:30:33,558 - INFO - Face recognition model loaded successfully
2025-12-17 19:30:33,559 - INFO - Known faces: ['owner']
2025-12-17 19:30:33,560 - INFO - Database setup completed
2025-12-17 19:30:33,562 - INFO - File storage setup completed
2025-12-17 19:30:33,577 - WARNING - No serial ports detected. Running in simulation mode.
2025-12-17 19:30:33,581 - INFO - Camera Tracking System initialized
2025-12-17 19:30:53,813 - INFO - Camera initialized successfully
2025-12-17 19:30:53,814 - INFO - Gesture result poller started
2025-12-17 19:30:53,815 - INFO - Security System STARTED - Press 'q' to quit, 't' to train, 'l' to lock door
2025-12-17 19:30:54,840 - WARNING - [ALERT] SECURITY ALERT: SUSPICIOUS_MOTION
2025-12-17 19:30:54,853 - WARNING - Alert logged: SUSPICIOUS_MOTION - HIGH - Suspicious movement detected near entrance
2025-12-17 19:30:54,853 - INFO - SMS to POLICE: SECURITY ALERT: SUSPICIOUS_MOTION - Suspicious movement detected near entrance - Location: Your Address
2025-12-17 19:30:54,854 - INFO - SMS to OWNER: HOME SECURITY: SUSPICIOUS_MOTION - Suspicious movement detected near entrance
2025-12-17 19:30:54,969 - INFO - Security event logged: GSM_ALERT_SENT - system
2025-12-17 19:30:54,970 - INFO - SECURITY RELAY ACTIVATED - Additional security measures enabled
2025-12-17 19:30:55,106 - INFO - Security event logged: RELAY_ACTIVATED - system
2025-12-17 19:30:55,549 - WARNING - Unknown person detected - starting tracking
2025-12-17 19:30:55,549 - WARNING - [ALERT] SECURITY ALERT: INTRUDER_DETECTED
2025-12-17 19:30:55,562 - WARNING - Alert logged: INTRUDER_DETECTED - CRITICAL - Unknown person attempting access
2025-12-17 19:30:55,563 - INFO - SMS to POLICE: SECURITY ALERT: INTRUDER_DETECTED - Unknown person attempting access - Location: Your Address
2025-12-17 19:30:55,563 - INFO - SMS to OWNER: HOME SECURITY: INTRUDER_DETECTED - Unknown person attempting access
2025-12-17 19:30:55,685 - INFO - Security event logged: GSM_ALERT_SENT - system
2025-12-17 19:30:55,685 - INFO - SECURITY RELAY ACTIVATED - Additional security measures enabled
2025-12-17 19:30:55,802 - INFO - Security event logged: RELAY_ACTIVATED - system
2025-12-17 19:30:55,803 - INFO - Tracking servo moved to 65°
2025-12-17 19:30:55,918 - INFO - Security event logged: TRACKING_MOVEMENT - unknown
2025-12-17 19:30:56,065 - INFO - Security event logged: VIDEO_gesture_candidate - unknown
2025-12-17 19:30:56,065 - INFO - Saved evidence clip: evidence/videos/gesture_candidate_unknown_20251217_193055.avi
2025-12-17 19:30:56,081 - INFO - Queued clip for gesture analysis: evidence/gesture_queue/incoming/gesture_4a576e12716a4e2697f9c67adc52e5ff.avi
2025-12-17 19:30:56,081 - INFO - Clip queued for gesture worker: evidence/gesture_queue/incoming/gesture_4a576e12716a4e2697f9c67adc52e5ff.avi
2025-12-17 19:30:56,156 - INFO - Tracking servo moved to 34°
2025-12-17 19:30:56,246 - INFO - Security event logged: TRACKING_MOVEMENT - unknown
2025-12-17 19:30:56,392 - INFO - Security event logged: VIDEO_gesture_candidate - unknown
2025-12-17 19:30:56,394 - INFO - Saved evidence clip: evidence/videos/gesture_candidate_unknown_20251217_193056.avi
2025-12-17 19:30:56,409 - INFO - Queued clip for gesture analysis: evidence/gesture_queue/incoming/gesture_17a7b8e648bb4e4a9acdd584bef77d1a.avi
2025-12-17 19:30:56,409 - INFO - Clip queued for gesture worker: evidence/gesture_queue/incoming/gesture_17a7b8e648bb4e4a9acdd584bef77d1a.avi
2025-12-17 19:30:56,462 - INFO - Tracking servo moved to 4°
2025-12-17 19:30:56,561 - INFO - Security event logged: TRACKING_MOVEMENT - unknown
2025-12-17 19:30:56,712 - INFO - Security event logged: VIDEO_gesture_candidate - unknown
2025-12-17 19:30:56,713 - INFO - Saved evidence clip: evidence/videos/gesture_candidate_unknown_20251217_193056.avi
2025-12-17 19:30:56,729 - INFO - Queued clip for gesture analysis: evidence/gesture_queue/incoming/gesture_9d1ea1a8c72d4b8b890821efe9c306e4.avi
2025-12-17 19:30:56,731 - INFO - Clip queued for gesture worker: evidence/gesture_queue/incoming/gesture_9d1ea1a8c72d4b8b890821efe9c306e4.avi
2025-12-17 19:30:56,799 - INFO - Tracking servo moved to 15°
2025-12-17 19:30:56,892 - INFO - Security event logged: TRACKING_MOVEMENT - unknown
2025-12-17 19:30:57,061 - INFO - Security event logged: VIDEO_gesture_candidate - unknown
2025-12-17 19:30:57,062 - INFO - Saved evidence clip: evidence/videos/gesture_candidate_unknown_20251217_193056.avi
2025-12-17 19:30:57,075 - INFO - Queued clip for gesture analysis: evidence/gesture_queue/incoming/gesture_521ee89e4ca24f8c8e55ff621d65bfac.avi
2025-12-17 19:30:57,076 - INFO - Clip queued for gesture worker: evidence/gesture_queue/incoming/gesture_521ee89e4ca24f8c8e55ff621d65bfac.avi
2025-12-17 19:30:57,139 - INFO - Tracking servo moved to 27°
2025-12-17 19:30:57,241 - INFO - Security event logged: TRACKING_MOVEMENT - unknown
2025-12-17 19:30:57,400 - INFO - Security event logged: VIDEO_gesture_candidate - unknown
2025-12-17 19:30:57,401 - INFO - Saved evidence clip: evidence/videos/gesture_candidate_unknown_20251217_193057.avi
2025-12-17 19:30:57,415 - INFO - Queued clip for gesture analysis: evidence/gesture_queue/incoming/gesture_5e21ba4f32fb4bdc916390ae64983d2f.avi
2025-12-17 19:30:57,416 - INFO - Clip queued for gesture worker: evidence/gesture_queue/incoming/gesture_5e21ba4f32fb4bdc916390ae64983d2f.avi
2025-12-17 19:30:57,473 - INFO - Tracking servo moved to 38°
2025-12-17 19:30:57,568 - INFO - Security event logged: TRACKING_MOVEMENT - unknown
2025-12-17 19:30:57,736 - INFO - Security event logged: VIDEO_gesture_candidate - unknown
2025-12-17 19:30:57,736 - INFO - Saved evidence clip: evidence/videos/gesture_candidate_unknown_20251217_193057.avi
2025-12-17 19:30:57,755 - INFO - Queued clip for gesture analysis: evidence/gesture_queue/incoming/gesture_65236cf3df2f4da0914d6108ec303c2b.avi
2025-12-17 19:30:57,756 - INFO - Clip queued for gesture worker: evidence/gesture_queue/incoming/gesture_65236cf3df2f4da0914d6108ec303c2b.avi
2025-12-17 19:30:57,808 - INFO - Tracking servo moved to 8°
2025-12-17 19:30:57,900 - INFO - Security event logged: TRACKING_MOVEMENT - unknown
2025-12-17 19:30:58,084 - INFO - Security event logged: VIDEO_gesture_candidate - unknown
2025-12-17 19:30:58,084 - INFO - Saved evidence clip: evidence/videos/gesture_candidate_unknown_20251217_193057.avi
2025-12-17 19:30:58,099 - INFO - Queued clip for gesture analysis: evidence/gesture_queue/incoming/gesture_033926c1091f4416884bec8091efb633.avi
2025-12-17 19:30:58,100 - INFO - Clip queued for gesture worker: evidence/gesture_queue/incoming/gesture_033926c1091f4416884bec8091efb633.avi
2025-12-17 19:30:58,174 - INFO - Tracking servo moved to 0°
2025-12-17 19:30:58,271 - INFO - Security event logged: TRACKING_MOVEMENT - unknown
2025-12-17 19:30:58,472 - INFO - Security event logged: VIDEO_gesture_candidate - unknown
2025-12-17 19:30:58,473 - INFO - Saved evidence clip: evidence/videos/gesture_candidate_unknown_20251217_193058.avi
2025-12-17 19:30:58,492 - INFO - Queued clip for gesture analysis: evidence/gesture_queue/incoming/gesture_640a38198c3e4b51946b44b0e2cf180c.avi
2025-12-17 19:30:58,494 - INFO - Clip queued for gesture worker: evidence/gesture_queue/incoming/gesture_640a38198c3e4b51946b44b0e2cf180c.avi
2025-12-17 19:30:58,545 - INFO - DOOR UNLOCKED - Servo 1 rotated 90°
2025-12-17 19:30:58,638 - INFO - Security event logged: DOOR_UNLOCKED - owner
2025-12-17 19:30:59,346 - INFO - Tracking servo moved to 12°
2025-12-17 19:30:59,465 - INFO - Security event logged: TRACKING_MOVEMENT - unknown
2025-12-17 19:30:59,717 - INFO - Security event logged: VIDEO_gesture_candidate - unknown
2025-12-17 19:30:59,718 - INFO - Saved evidence clip: evidence/videos/gesture_candidate_unknown_20251217_193059.avi
2025-12-17 19:30:59,734 - INFO - Queued clip for gesture analysis: evidence/gesture_queue/incoming/gesture_68dcd48f87764395a3488f026877b7d4.avi
2025-12-17 19:30:59,736 - INFO - Clip queued for gesture worker: evidence/gesture_queue/incoming/gesture_68dcd48f87764395a3488f026877b7d4.avi
2025-12-17 19:31:00,076 - INFO - Tracking servo moved to 24°
2025-12-17 19:31:00,162 - INFO - Security event logged: TRACKING_MOVEMENT - unknown
2025-12-17 19:31:00,424 - INFO - Security event logged: VIDEO_gesture_candidate - unknown
2025-12-17 19:31:00,425 - INFO - Saved evidence clip: evidence/videos/gesture_candidate_unknown_20251217_193100.avi
2025-12-17 19:31:00,442 - INFO - Queued clip for gesture analysis: evidence/gesture_queue/incoming/gesture_882fef1255724f6d8650adf061a88cec.avi
2025-12-17 19:31:00,442 - INFO - Clip queued for gesture worker: evidence/gesture_queue/incoming/gesture_882fef1255724f6d8650adf061a88cec.avi
2025-12-17 19:31:00,494 - INFO - Tracking servo moved to 35°
2025-12-17 19:31:00,597 - INFO - Security event logged: TRACKING_MOVEMENT - unknown
2025-12-17 19:31:00,868 - INFO - Security event logged: VIDEO_gesture_candidate - unknown
2025-12-17 19:31:00,870 - INFO - Saved evidence clip: evidence/videos/gesture_candidate_unknown_20251217_193100.avi
2025-12-17 19:31:00,884 - INFO - Queued clip for gesture analysis: evidence/gesture_queue/incoming/gesture_3b567126eac244528596d799ad975fa5.avi
2025-12-17 19:31:00,885 - INFO - Clip queued for gesture worker: evidence/gesture_queue/incoming/gesture_3b567126eac244528596d799ad975fa5.avi
2025-12-17 19:31:00,924 - INFO - Tracking servo moved to 90°
2025-12-17 19:31:01,028 - INFO - Security event logged: TRACKING_MOVEMENT - unknown
2025-12-17 19:31:02,480 - WARNING - Unknown person detected - starting tracking
2025-12-17 19:31:02,484 - WARNING - [ALERT] SECURITY ALERT: INTRUDER_DETECTED
2025-12-17 19:31:02,495 - WARNING - Alert logged: INTRUDER_DETECTED - CRITICAL - Unknown person attempting access
2025-12-17 19:31:02,495 - INFO - SMS to POLICE: SECURITY ALERT: INTRUDER_DETECTED - Unknown person attempting access - Location: Your Address
2025-12-17 19:31:02,495 - INFO - SMS to OWNER: HOME SECURITY: INTRUDER_DETECTED - Unknown person attempting access
2025-12-17 19:31:02,591 - INFO - Security event logged: GSM_ALERT_SENT - system
2025-12-17 19:31:02,591 - INFO - SECURITY RELAY ACTIVATED - Additional security measures enabled
2025-12-17 19:31:02,710 - INFO - Security event logged: RELAY_ACTIVATED - system
2025-12-17 19:31:02,712 - INFO - Tracking servo moved to 101°
2025-12-17 19:31:02,818 - INFO - Security event logged: TRACKING_MOVEMENT - unknown
2025-12-17 19:31:03,092 - INFO - Security event logged: VIDEO_gesture_candidate - unknown
2025-12-17 19:31:03,092 - INFO - Saved evidence clip: evidence/videos/gesture_candidate_unknown_20251217_193102.avi
2025-12-17 19:31:03,110 - INFO - Queued clip for gesture analysis: evidence/gesture_queue/incoming/gesture_1ce1fdfd3dda413da8dfc4c4b1565f40.avi
2025-12-17 19:31:03,115 - INFO - Clip queued for gesture worker: evidence/gesture_queue/incoming/gesture_1ce1fdfd3dda413da8dfc4c4b1565f40.avi
2025-12-17 19:31:04,091 - INFO - Tracking servo moved to 105°
2025-12-17 19:31:04,205 - INFO - Security event logged: TRACKING_MOVEMENT - unknown
2025-12-17 19:31:04,472 - INFO - Security event logged: VIDEO_gesture_candidate - unknown
2025-12-17 19:31:04,473 - INFO - Saved evidence clip: evidence/videos/gesture_candidate_unknown_20251217_193104.avi
2025-12-17 19:31:04,485 - INFO - Queued clip for gesture analysis: evidence/gesture_queue/incoming/gesture_b26457d300c94cbeb2bf7b57bbd03f00.avi
2025-12-17 19:31:04,488 - INFO - Clip queued for gesture worker: evidence/gesture_queue/incoming/gesture_b26457d300c94cbeb2bf7b57bbd03f00.avi
2025-12-17 19:31:04,700 - INFO - Tracking servo moved to 115°
2025-12-17 19:31:04,788 - INFO - Security event logged: TRACKING_MOVEMENT - unknown
2025-12-17 19:31:05,056 - INFO - Security event logged: VIDEO_gesture_candidate - unknown
2025-12-17 19:31:05,058 - INFO - Saved evidence clip: evidence/videos/gesture_candidate_unknown_20251217_193104.avi
2025-12-17 19:31:05,071 - INFO - Queued clip for gesture analysis: evidence/gesture_queue/incoming/gesture_02186793eaf4441b841bf59d52b46f5d.avi
2025-12-17 19:31:05,074 - INFO - Clip queued for gesture worker: evidence/gesture_queue/incoming/gesture_02186793eaf4441b841bf59d52b46f5d.avi
2025-12-17 19:31:05,128 - INFO - Tracking servo moved to 125°
2025-12-17 19:31:05,220 - INFO - Security event logged: TRACKING_MOVEMENT - unknown
2025-12-17 19:31:05,504 - INFO - Security event logged: VIDEO_gesture_candidate - unknown
2025-12-17 19:31:05,505 - INFO - Saved evidence clip: evidence/videos/gesture_candidate_unknown_20251217_193105.avi
2025-12-17 19:31:05,521 - INFO - Queued clip for gesture analysis: evidence/gesture_queue/incoming/gesture_2db84b757fe54928879c5cde1dcefcd1.avi
2025-12-17 19:31:05,522 - INFO - Clip queued for gesture worker: evidence/gesture_queue/incoming/gesture_2db84b757fe54928879c5cde1dcefcd1.avi
2025-12-17 19:31:05,685 - INFO - Tracking servo moved to 136°
2025-12-17 19:31:05,773 - INFO - Security event logged: TRACKING_MOVEMENT - unknown
2025-12-17 19:31:06,035 - INFO - Security event logged: VIDEO_gesture_candidate - unknown
2025-12-17 19:31:06,036 - INFO - Saved evidence clip: evidence/videos/gesture_candidate_unknown_20251217_193105.avi
2025-12-17 19:31:06,054 - INFO - Queued clip for gesture analysis: evidence/gesture_queue/incoming/gesture_77cb89f968e04fd1963fb66e73f34a86.avi
2025-12-17 19:31:06,054 - INFO - Clip queued for gesture worker: evidence/gesture_queue/incoming/gesture_77cb89f968e04fd1963fb66e73f34a86.avi
2025-12-17 19:31:06,091 - INFO - Tracking servo moved to 148°
2025-12-17 19:31:06,185 - INFO - Security event logged: TRACKING_MOVEMENT - unknown
2025-12-17 19:31:06,441 - INFO - Security event logged: VIDEO_gesture_candidate - unknown
2025-12-17 19:31:06,443 - INFO - Saved evidence clip: evidence/videos/gesture_candidate_unknown_20251217_193106.avi
2025-12-17 19:31:06,459 - INFO - Queued clip for gesture analysis: evidence/gesture_queue/incoming/gesture_ce2c7460e16f45caa3ac67d44fa16f89.avi
2025-12-17 19:31:06,459 - INFO - Clip queued for gesture worker: evidence/gesture_queue/incoming/gesture_ce2c7460e16f45caa3ac67d44fa16f89.avi
2025-12-17 19:31:07,484 - INFO - Tracking servo moved to 90°
2025-12-17 19:31:07,594 - INFO - Security event logged: TRACKING_MOVEMENT - unknown
2025-12-17 19:31:08,671 - INFO - DOOR LOCKED - Servo 1 rotated 0°
2025-12-17 19:31:08,772 - INFO - Security event logged: DOOR_LOCKED - system
2025-12-17 19:31:12,551 - WARNING - Unknown person detected - starting tracking
2025-12-17 19:31:12,551 - WARNING - [ALERT] SECURITY ALERT: INTRUDER_DETECTED
2025-12-17 19:31:12,562 - WARNING - Alert logged: INTRUDER_DETECTED - CRITICAL - Unknown person attempting access
2025-12-17 19:31:12,562 - INFO - SMS to POLICE: SECURITY ALERT: INTRUDER_DETECTED - Unknown person attempting access - Location: Your Address
2025-12-17 19:31:12,564 - INFO - SMS to OWNER: HOME SECURITY: INTRUDER_DETECTED - Unknown person attempting access
2025-12-17 19:31:12,676 - INFO - Security event logged: GSM_ALERT_SENT - system
2025-12-17 19:31:12,676 - INFO - SECURITY RELAY ACTIVATED - Additional security measures enabled
2025-12-17 19:31:12,783 - INFO - Security event logged: RELAY_ACTIVATED - system
2025-12-17 19:31:12,784 - INFO - Tracking servo moved to 105°
2025-12-17 19:31:12,900 - INFO - Security event logged: TRACKING_MOVEMENT - unknown
2025-12-17 19:31:13,184 - INFO - Security event logged: VIDEO_gesture_candidate - unknown
2025-12-17 19:31:13,185 - INFO - Saved evidence clip: evidence/videos/gesture_candidate_unknown_20251217_193112.avi
2025-12-17 19:31:13,200 - INFO - Queued clip for gesture analysis: evidence/gesture_queue/incoming/gesture_6bae82eb16a940c8964d6cc99369330c.avi
2025-12-17 19:31:13,200 - INFO - Clip queued for gesture worker: evidence/gesture_queue/incoming/gesture_6bae82eb16a940c8964d6cc99369330c.avi
2025-12-17 19:31:14,421 - INFO - Tracking servo moved to 119°
2025-12-17 19:31:14,508 - INFO - Security event logged: TRACKING_MOVEMENT - unknown
2025-12-17 19:31:14,758 - INFO - Security event logged: VIDEO_gesture_candidate - unknown
2025-12-17 19:31:14,758 - INFO - Saved evidence clip: evidence/videos/gesture_candidate_unknown_20251217_193114.avi
2025-12-17 19:31:14,778 - INFO - Queued clip for gesture analysis: evidence/gesture_queue/incoming/gesture_e5a96b9b27a34f28b6ba0952a5737f8b.avi
2025-12-17 19:31:14,782 - INFO - Clip queued for gesture worker: evidence/gesture_queue/incoming/gesture_e5a96b9b27a34f28b6ba0952a5737f8b.avi
2025-12-17 19:31:17,609 - INFO - Tracking servo moved to 90°
2025-12-17 19:31:17,716 - INFO - Security event logged: TRACKING_MOVEMENT - unknown
2025-12-17 19:31:17,951 - WARNING - Unknown person detected - starting tracking
2025-12-17 19:31:17,952 - WARNING - [ALERT] SECURITY ALERT: INTRUDER_DETECTED
2025-12-17 19:31:17,961 - WARNING - Alert logged: INTRUDER_DETECTED - CRITICAL - Unknown person attempting access
2025-12-17 19:31:17,962 - INFO - SMS to POLICE: SECURITY ALERT: INTRUDER_DETECTED - Unknown person attempting access - Location: Your Address
2025-12-17 19:31:17,962 - INFO - SMS to OWNER: HOME SECURITY: INTRUDER_DETECTED - Unknown person attempting access
2025-12-17 19:31:18,068 - INFO - Security event logged: GSM_ALERT_SENT - system
2025-12-17 19:31:18,068 - INFO - SECURITY RELAY ACTIVATED - Additional security measures enabled
2025-12-17 19:31:18,190 - INFO - Security event logged: RELAY_ACTIVATED - system
2025-12-17 19:31:18,191 - INFO - Tracking servo moved to 60°
2025-12-17 19:31:18,293 - INFO - Security event logged: TRACKING_MOVEMENT - unknown
2025-12-17 19:31:18,566 - INFO - Security event logged: VIDEO_gesture_candidate - unknown
2025-12-17 19:31:18,567 - INFO - Saved evidence clip: evidence/videos/gesture_candidate_unknown_20251217_193118.avi
2025-12-17 19:31:18,584 - INFO - Queued clip for gesture analysis: evidence/gesture_queue/incoming/gesture_c7b1d9b392b44c53af7ba5653be4c095.avi
2025-12-17 19:31:18,592 - INFO - Clip queued for gesture worker: evidence/gesture_queue/incoming/gesture_c7b1d9b392b44c53af7ba5653be4c095.avi
2025-12-17 19:31:18,662 - INFO - Tracking servo moved to 56°
2025-12-17 19:31:18,748 - INFO - Security event logged: TRACKING_MOVEMENT - unknown
2025-12-17 19:31:19,004 - INFO - Security event logged: VIDEO_gesture_candidate - unknown
2025-12-17 19:31:19,005 - INFO - Saved evidence clip: evidence/videos/gesture_candidate_unknown_20251217_193118.avi
2025-12-17 19:31:19,021 - INFO - Queued clip for gesture analysis: evidence/gesture_queue/incoming/gesture_b1dd0920ac2a451b82a393ea91a77592.avi
2025-12-17 19:31:19,023 - INFO - Clip queued for gesture worker: evidence/gesture_queue/incoming/gesture_b1dd0920ac2a451b82a393ea91a77592.avi
2025-12-17 19:31:19,082 - INFO - DOOR UNLOCKED - Servo 1 rotated 90°
2025-12-17 19:31:19,170 - INFO - Security event logged: DOOR_UNLOCKED - owner
2025-12-17 19:31:19,234 - INFO - Tracking servo moved to 25°
2025-12-17 19:31:19,329 - INFO - Security event logged: TRACKING_MOVEMENT - unknown
2025-12-17 19:31:19,593 - INFO - Security event logged: VIDEO_gesture_candidate - unknown
2025-12-17 19:31:19,594 - INFO - Saved evidence clip: evidence/videos/gesture_candidate_unknown_20251217_193119.avi
2025-12-17 19:31:19,611 - INFO - Queued clip for gesture analysis: evidence/gesture_queue/incoming/gesture_a4ae03be4b0c40ceb9ba702215897fd2.avi
2025-12-17 19:31:19,611 - INFO - Clip queued for gesture worker: evidence/gesture_queue/incoming/gesture_a4ae03be4b0c40ceb9ba702215897fd2.avi
2025-12-17 19:31:19,933 - INFO - Security event logged: VIDEO_gesture_candidate - unknown
2025-12-17 19:31:19,934 - INFO - Saved evidence clip: evidence/videos/gesture_candidate_unknown_20251217_193119.avi
2025-12-17 19:31:19,950 - INFO - Queued clip for gesture analysis: evidence/gesture_queue/incoming/gesture_1593631235c340b291bb6c8f55fb07ee.avi
2025-12-17 19:31:19,951 - INFO - Clip queued for gesture worker: evidence/gesture_queue/incoming/gesture_1593631235c340b291bb6c8f55fb07ee.avi
2025-12-17 19:31:20,266 - INFO - Security event logged: VIDEO_gesture_candidate - unknown
2025-12-17 19:31:20,267 - INFO - Saved evidence clip: evidence/videos/gesture_candidate_unknown_20251217_193120.avi
2025-12-17 19:31:20,282 - INFO - Queued clip for gesture analysis: evidence/gesture_queue/incoming/gesture_3a6a8502a515418584f4d6fff2d0b8e3.avi
2025-12-17 19:31:20,283 - INFO - Clip queued for gesture worker: evidence/gesture_queue/incoming/gesture_3a6a8502a515418584f4d6fff2d0b8e3.avi
2025-12-17 19:31:20,610 - INFO - Security event logged: VIDEO_gesture_candidate - unknown
2025-12-17 19:31:20,611 - INFO - Saved evidence clip: evidence/videos/gesture_candidate_unknown_20251217_193120.avi
2025-12-17 19:31:20,624 - INFO - Queued clip for gesture analysis: evidence/gesture_queue/incoming/gesture_ab69cad6327943f191ea708b37cf0a13.avi
2025-12-17 19:31:20,626 - INFO - Clip queued for gesture worker: evidence/gesture_queue/incoming/gesture_ab69cad6327943f191ea708b37cf0a13.avi
2025-12-17 19:31:20,809 - INFO - Tracking servo moved to 0°
2025-12-17 19:31:20,909 - INFO - Security event logged: TRACKING_MOVEMENT - unknown
2025-12-17 19:31:21,213 - INFO - Security event logged: VIDEO_gesture_candidate - unknown
2025-12-17 19:31:21,214 - INFO - Saved evidence clip: evidence/videos/gesture_candidate_unknown_20251217_193120.avi
2025-12-17 19:31:21,232 - INFO - Queued clip for gesture analysis: evidence/gesture_queue/incoming/gesture_92c61943dadb40ac9fe289c6d1e7732a.avi
2025-12-17 19:31:21,233 - INFO - Clip queued for gesture worker: evidence/gesture_queue/incoming/gesture_92c61943dadb40ac9fe289c6d1e7732a.avi
2025-12-17 19:31:21,472 - INFO - Tracking servo moved to 0°
2025-12-17 19:31:21,587 - INFO - Security event logged: TRACKING_MOVEMENT - unknown
2025-12-17 19:31:21,886 - INFO - Security event logged: VIDEO_gesture_candidate - unknown
2025-12-17 19:31:21,887 - INFO - Saved evidence clip: evidence/videos/gesture_candidate_unknown_20251217_193121.avi
2025-12-17 19:31:21,900 - INFO - Queued clip for gesture analysis: evidence/gesture_queue/incoming/gesture_ab6335620e6b4b669a08f4058e43b9c2.avi
2025-12-17 19:31:21,901 - INFO - Clip queued for gesture worker: evidence/gesture_queue/incoming/gesture_ab6335620e6b4b669a08f4058e43b9c2.avi
2025-12-17 19:31:21,970 - INFO - Tracking servo moved to 0°
2025-12-17 19:31:22,073 - INFO - Security event logged: TRACKING_MOVEMENT - unknown
2025-12-17 19:31:22,370 - INFO - Security event logged: VIDEO_gesture_candidate - unknown
2025-12-17 19:31:22,371 - INFO - Saved evidence clip: evidence/videos/gesture_candidate_unknown_20251217_193122.avi
2025-12-17 19:31:22,393 - INFO - Queued clip for gesture analysis: evidence/gesture_queue/incoming/gesture_61a0c7cafda24ab5ad17c88c648d4ef4.avi
2025-12-17 19:31:22,438 - INFO - Clip queued for gesture worker: evidence/gesture_queue/incoming/gesture_61a0c7cafda24ab5ad17c88c648d4ef4.avi
2025-12-17 19:31:22,488 - INFO - Tracking servo moved to 0°
2025-12-17 19:31:22,589 - INFO - Security event logged: TRACKING_MOVEMENT - unknown
2025-12-17 19:31:22,844 - INFO - Security event logged: VIDEO_gesture_candidate - unknown
2025-12-17 19:31:22,846 - INFO - Saved evidence clip: evidence/videos/gesture_candidate_unknown_20251217_193122.avi
2025-12-17 19:31:22,864 - INFO - Queued clip for gesture analysis: evidence/gesture_queue/incoming/gesture_6ea868c1955747fda6750e0654e3aab1.avi
2025-12-17 19:31:22,866 - INFO - Clip queued for gesture worker: evidence/gesture_queue/incoming/gesture_6ea868c1955747fda6750e0654e3aab1.avi
2025-12-17 19:31:22,910 - INFO - Tracking servo moved to 0°
2025-12-17 19:31:23,003 - INFO - Security event logged: TRACKING_MOVEMENT - unknown
2025-12-17 19:31:23,285 - INFO - Security event logged: VIDEO_gesture_candidate - unknown
2025-12-17 19:31:23,286 - INFO - Saved evidence clip: evidence/videos/gesture_candidate_unknown_20251217_193123.avi
2025-12-17 19:31:23,305 - INFO - Queued clip for gesture analysis: evidence/gesture_queue/incoming/gesture_0d6d7ae188d84660a8a523c342c1e171.avi
2025-12-17 19:31:23,307 - INFO - Clip queued for gesture worker: evidence/gesture_queue/incoming/gesture_0d6d7ae188d84660a8a523c342c1e171.avi
2025-12-17 19:31:23,353 - INFO - Tracking servo moved to 0°
2025-12-17 19:31:23,457 - INFO - Security event logged: TRACKING_MOVEMENT - unknown
2025-12-17 19:31:23,719 - INFO - Security event logged: VIDEO_gesture_candidate - unknown
2025-12-17 19:31:23,720 - INFO - Saved evidence clip: evidence/videos/gesture_candidate_unknown_20251217_193123.avi
2025-12-17 19:31:23,733 - INFO - Queued clip for gesture analysis: evidence/gesture_queue/incoming/gesture_87181ce500664cb6818f88548bcee329.avi
2025-12-17 19:31:23,734 - INFO - Clip queued for gesture worker: evidence/gesture_queue/incoming/gesture_87181ce500664cb6818f88548bcee329.avi
2025-12-17 19:31:23,781 - INFO - Tracking servo moved to 0°
2025-12-17 19:31:23,872 - INFO - Security event logged: TRACKING_MOVEMENT - unknown
2025-12-17 19:31:24,127 - INFO - Security event logged: VIDEO_gesture_candidate - unknown
2025-12-17 19:31:24,127 - INFO - Saved evidence clip: evidence/videos/gesture_candidate_unknown_20251217_193123.avi
2025-12-17 19:31:24,146 - INFO - Queued clip for gesture analysis: evidence/gesture_queue/incoming/gesture_6d246570425e40b4a00e9955ea0de4e1.avi
2025-12-17 19:31:24,148 - INFO - Clip queued for gesture worker: evidence/gesture_queue/incoming/gesture_6d246570425e40b4a00e9955ea0de4e1.avi
2025-12-17 19:31:24,209 - INFO - Tracking servo moved to 0°
2025-12-17 19:31:24,299 - INFO - Security event logged: TRACKING_MOVEMENT - unknown
2025-12-17 19:31:24,566 - INFO - Security event logged: VIDEO_gesture_candidate - unknown
2025-12-17 19:31:24,567 - INFO - Saved evidence clip: evidence/videos/gesture_candidate_unknown_20251217_193124.avi
2025-12-17 19:31:24,583 - INFO - Queued clip for gesture analysis: evidence/gesture_queue/incoming/gesture_cff7a1a248904c0fb52b48ff0c9d4f06.avi
2025-12-17 19:31:24,586 - INFO - Clip queued for gesture worker: evidence/gesture_queue/incoming/gesture_cff7a1a248904c0fb52b48ff0c9d4f06.avi
2025-12-17 19:31:24,647 - INFO - Tracking servo moved to 0°
2025-12-17 19:31:24,751 - INFO - Security event logged: TRACKING_MOVEMENT - unknown
2025-12-17 19:31:24,990 - INFO - Security event logged: VIDEO_gesture_candidate - unknown
2025-12-17 19:31:24,990 - INFO - Saved evidence clip: evidence/videos/gesture_candidate_unknown_20251217_193124.avi
2025-12-17 19:31:25,007 - INFO - Queued clip for gesture analysis: evidence/gesture_queue/incoming/gesture_1c7ff0f6caf04804b307e812d3a0e547.avi
2025-12-17 19:31:25,008 - INFO - Clip queued for gesture worker: evidence/gesture_queue/incoming/gesture_1c7ff0f6caf04804b307e812d3a0e547.avi
2025-12-17 19:31:25,074 - INFO - Tracking servo moved to 9°
2025-12-17 19:31:25,180 - INFO - Security event logged: TRACKING_MOVEMENT - unknown
2025-12-17 19:31:25,464 - INFO - Security event logged: VIDEO_gesture_candidate - unknown
2025-12-17 19:31:25,465 - INFO - Saved evidence clip: evidence/videos/gesture_candidate_unknown_20251217_193125.avi
2025-12-17 19:31:25,479 - INFO - Queued clip for gesture analysis: evidence/gesture_queue/incoming/gesture_f5778c701fb04581a4879749b82092e6.avi
2025-12-17 19:31:25,480 - INFO - Clip queued for gesture worker: evidence/gesture_queue/incoming/gesture_f5778c701fb04581a4879749b82092e6.avi
2025-12-17 19:31:25,534 - INFO - Tracking servo moved to 0°
2025-12-17 19:31:25,621 - INFO - Security event logged: TRACKING_MOVEMENT - unknown
2025-12-17 19:31:26,012 - INFO - Security event logged: VIDEO_gesture_candidate - unknown
2025-12-17 19:31:26,013 - INFO - Saved evidence clip: evidence/videos/gesture_candidate_unknown_20251217_193125.avi
2025-12-17 19:31:26,030 - INFO - Queued clip for gesture analysis: evidence/gesture_queue/incoming/gesture_a72b412f26d74de4a273dbd4769d2a20.avi
2025-12-17 19:31:26,032 - INFO - Clip queued for gesture worker: evidence/gesture_queue/incoming/gesture_a72b412f26d74de4a273dbd4769d2a20.avi
2025-12-17 19:31:26,074 - INFO - Tracking servo moved to 0°
2025-12-17 19:31:26,165 - INFO - Security event logged: TRACKING_MOVEMENT - unknown
2025-12-17 19:31:26,418 - INFO - Security event logged: VIDEO_gesture_candidate - unknown
2025-12-17 19:31:26,418 - INFO - Saved evidence clip: evidence/videos/gesture_candidate_unknown_20251217_193126.avi
2025-12-17 19:31:26,434 - INFO - Queued clip for gesture analysis: evidence/gesture_queue/incoming/gesture_9243f3f0118b4813ad61a2308f6f4559.avi
2025-12-17 19:31:26,435 - INFO - Clip queued for gesture worker: evidence/gesture_queue/incoming/gesture_9243f3f0118b4813ad61a2308f6f4559.avi
2025-12-17 19:31:26,489 - INFO - Tracking servo moved to 0°
2025-12-17 19:31:26,589 - INFO - Security event logged: TRACKING_MOVEMENT - unknown
2025-12-17 19:31:26,870 - INFO - Security event logged: VIDEO_gesture_candidate - unknown
2025-12-17 19:31:26,872 - INFO - Saved evidence clip: evidence/videos/gesture_candidate_unknown_20251217_193126.avi
2025-12-17 19:31:26,888 - INFO - Queued clip for gesture analysis: evidence/gesture_queue/incoming/gesture_2687661368da4babb9cd10272071eb48.avi
2025-12-17 19:31:26,888 - INFO - Clip queued for gesture worker: evidence/gesture_queue/incoming/gesture_2687661368da4babb9cd10272071eb48.avi
2025-12-17 19:31:26,939 - INFO - Tracking servo moved to 0°
2025-12-17 19:31:27,028 - INFO - Security event logged: TRACKING_MOVEMENT - unknown
2025-12-17 19:31:27,289 - INFO - Security event logged: VIDEO_gesture_candidate - unknown
2025-12-17 19:31:27,290 - INFO - Saved evidence clip: evidence/videos/gesture_candidate_unknown_20251217_193127.avi
2025-12-17 19:31:27,317 - INFO - Queued clip for gesture analysis: evidence/gesture_queue/incoming/gesture_a81d53f6d4ee41c486c407572442fcbd.avi
2025-12-17 19:31:27,317 - INFO - Clip queued for gesture worker: evidence/gesture_queue/incoming/gesture_a81d53f6d4ee41c486c407572442fcbd.avi
2025-12-17 19:31:27,358 - INFO - Tracking servo moved to 0°
2025-12-17 19:31:27,446 - INFO - Security event logged: TRACKING_MOVEMENT - unknown
2025-12-17 19:31:27,710 - INFO - Security event logged: VIDEO_gesture_candidate - unknown
2025-12-17 19:31:27,712 - INFO - Saved evidence clip: evidence/videos/gesture_candidate_unknown_20251217_193127.avi
2025-12-17 19:31:27,732 - INFO - Queued clip for gesture analysis: evidence/gesture_queue/incoming/gesture_5f5d6d2ff7404b778181a11065d6ec9c.avi
2025-12-17 19:31:27,733 - INFO - Clip queued for gesture worker: evidence/gesture_queue/incoming/gesture_5f5d6d2ff7404b778181a11065d6ec9c.avi
2025-12-17 19:31:27,789 - INFO - Tracking servo moved to 0°
2025-12-17 19:31:27,880 - INFO - Security event logged: TRACKING_MOVEMENT - unknown
2025-12-17 19:31:28,139 - INFO - Security event logged: VIDEO_gesture_candidate - unknown
2025-12-17 19:31:28,139 - INFO - Saved evidence clip: evidence/videos/gesture_candidate_unknown_20251217_193127.avi
2025-12-17 19:31:28,153 - INFO - Queued clip for gesture analysis: evidence/gesture_queue/incoming/gesture_793acf667eb84d1c82663896f45b7066.avi
2025-12-17 19:31:28,154 - INFO - Clip queued for gesture worker: evidence/gesture_queue/incoming/gesture_793acf667eb84d1c82663896f45b7066.avi
2025-12-17 19:31:28,213 - INFO - Tracking servo moved to 0°
2025-12-17 19:31:28,320 - INFO - Security event logged: TRACKING_MOVEMENT - unknown
2025-12-17 19:31:28,597 - INFO - Security event logged: VIDEO_gesture_candidate - unknown
2025-12-17 19:31:28,598 - INFO - Saved evidence clip: evidence/videos/gesture_candidate_unknown_20251217_193128.avi
2025-12-17 19:31:28,613 - INFO - Queued clip for gesture analysis: evidence/gesture_queue/incoming/gesture_68721a6d99594088af66fdf51601dc33.avi
2025-12-17 19:31:28,614 - INFO - Clip queued for gesture worker: evidence/gesture_queue/incoming/gesture_68721a6d99594088af66fdf51601dc33.avi
2025-12-17 19:31:28,657 - INFO - Tracking servo moved to 0°
2025-12-17 19:31:28,753 - INFO - Security event logged: TRACKING_MOVEMENT - unknown
2025-12-17 19:31:29,021 - INFO - Security event logged: VIDEO_gesture_candidate - unknown
2025-12-17 19:31:29,022 - INFO - Saved evidence clip: evidence/videos/gesture_candidate_unknown_20251217_193128.avi
2025-12-17 19:31:29,039 - INFO - Queued clip for gesture analysis: evidence/gesture_queue/incoming/gesture_acc686334d1a430b96d09882bacd7c41.avi
2025-12-17 19:31:29,042 - INFO - Clip queued for gesture worker: evidence/gesture_queue/incoming/gesture_acc686334d1a430b96d09882bacd7c41.avi
2025-12-17 19:31:29,100 - INFO - Tracking servo moved to 0°
2025-12-17 19:31:29,188 - INFO - Security event logged: TRACKING_MOVEMENT - unknown
2025-12-17 19:31:29,458 - INFO - Security event logged: VIDEO_gesture_candidate - unknown
2025-12-17 19:31:29,459 - INFO - Saved evidence clip: evidence/videos/gesture_candidate_unknown_20251217_193129.avi
2025-12-17 19:31:29,476 - INFO - Queued clip for gesture analysis: evidence/gesture_queue/incoming/gesture_07ba4f7bfd63471aa0511ad174a86527.avi
2025-12-17 19:31:29,477 - INFO - Clip queued for gesture worker: evidence/gesture_queue/incoming/gesture_07ba4f7bfd63471aa0511ad174a86527.avi
2025-12-17 19:31:29,479 - INFO - DOOR LOCKED - Servo 1 rotated 0°
2025-12-17 19:31:29,589 - INFO - Security event logged: DOOR_LOCKED - system
2025-12-17 19:31:29,664 - INFO - Tracking servo moved to 7°
2025-12-17 19:31:29,763 - INFO - Security event logged: TRACKING_MOVEMENT - unknown
2025-12-17 19:31:30,020 - INFO - Security event logged: VIDEO_gesture_candidate - unknown
2025-12-17 19:31:30,020 - INFO - Saved evidence clip: evidence/videos/gesture_candidate_unknown_20251217_193129.avi
2025-12-17 19:31:30,039 - INFO - Queued clip for gesture analysis: evidence/gesture_queue/incoming/gesture_385e7315655c4216a15630b77da4f2fd.avi
2025-12-17 19:31:30,042 - INFO - Clip queued for gesture worker: evidence/gesture_queue/incoming/gesture_385e7315655c4216a15630b77da4f2fd.avi
2025-12-17 19:31:30,086 - INFO - Tracking servo moved to 90°
2025-12-17 19:31:30,197 - INFO - Security event logged: TRACKING_MOVEMENT - unknown
2025-12-17 19:31:31,293 - WARNING - Unknown person detected - starting tracking
2025-12-17 19:31:31,294 - WARNING - [ALERT] SECURITY ALERT: INTRUDER_DETECTED
2025-12-17 19:31:31,305 - WARNING - Alert logged: INTRUDER_DETECTED - CRITICAL - Unknown person attempting access
2025-12-17 19:31:31,306 - INFO - SMS to POLICE: SECURITY ALERT: INTRUDER_DETECTED - Unknown person attempting access - Location: Your Address
2025-12-17 19:31:31,306 - INFO - SMS to OWNER: HOME SECURITY: INTRUDER_DETECTED - Unknown person attempting access
2025-12-17 19:31:31,434 - INFO - Security event logged: GSM_ALERT_SENT - system
2025-12-17 19:31:31,435 - INFO - SECURITY RELAY ACTIVATED - Additional security measures enabled
2025-12-17 19:31:31,553 - INFO - Security event logged: RELAY_ACTIVATED - system
2025-12-17 19:31:31,554 - INFO - Tracking servo moved to 99°
2025-12-17 19:31:31,673 - INFO - Security event logged: TRACKING_MOVEMENT - unknown
2025-12-17 19:31:31,952 - INFO - Security event logged: VIDEO_gesture_candidate - unknown
2025-12-17 19:31:31,960 - INFO - Saved evidence clip: evidence/videos/gesture_candidate_unknown_20251217_193131.avi
2025-12-17 19:31:31,977 - INFO - Queued clip for gesture analysis: evidence/gesture_queue/incoming/gesture_162615bd0058425fb6552a34eb96e44c.avi
2025-12-17 19:31:31,985 - INFO - Clip queued for gesture worker: evidence/gesture_queue/incoming/gesture_162615bd0058425fb6552a34eb96e44c.avi
2025-12-17 19:31:32,057 - INFO - Tracking servo moved to 105°
2025-12-17 19:31:32,169 - INFO - Security event logged: TRACKING_MOVEMENT - unknown
2025-12-17 19:31:32,429 - INFO - Security event logged: VIDEO_gesture_candidate - unknown
2025-12-17 19:31:32,430 - INFO - Saved evidence clip: evidence/videos/gesture_candidate_unknown_20251217_193132.avi
2025-12-17 19:31:32,444 - INFO - Queued clip for gesture analysis: evidence/gesture_queue/incoming/gesture_09da92d7757a4513886fd292e3c652ca.avi
2025-12-17 19:31:32,450 - INFO - Clip queued for gesture worker: evidence/gesture_queue/incoming/gesture_09da92d7757a4513886fd292e3c652ca.avi
2025-12-17 19:31:32,511 - INFO - Tracking servo moved to 111°
2025-12-17 19:31:32,618 - INFO - Security event logged: TRACKING_MOVEMENT - unknown
2025-12-17 19:31:32,866 - INFO - Security event logged: VIDEO_gesture_candidate - unknown
2025-12-17 19:31:32,866 - INFO - Saved evidence clip: evidence/videos/gesture_candidate_unknown_20251217_193132.avi
2025-12-17 19:31:32,882 - INFO - Queued clip for gesture analysis: evidence/gesture_queue/incoming/gesture_031dd5eb978d4a468a3602071a921dcb.avi
2025-12-17 19:31:32,884 - INFO - Clip queued for gesture worker: evidence/gesture_queue/incoming/gesture_031dd5eb978d4a468a3602071a921dcb.avi
2025-12-17 19:31:32,934 - INFO - Tracking servo moved to 117°
2025-12-17 19:31:33,031 - INFO - Security event logged: TRACKING_MOVEMENT - unknown
2025-12-17 19:31:33,312 - INFO - Security event logged: VIDEO_gesture_candidate - unknown
2025-12-17 19:31:33,313 - INFO - Saved evidence clip: evidence/videos/gesture_candidate_unknown_20251217_193133.avi
2025-12-17 19:31:33,328 - INFO - Queued clip for gesture analysis: evidence/gesture_queue/incoming/gesture_3390d47decf74f90b47a47ca9d36aa51.avi
2025-12-17 19:31:33,330 - INFO - Clip queued for gesture worker: evidence/gesture_queue/incoming/gesture_3390d47decf74f90b47a47ca9d36aa51.avi
2025-12-17 19:31:33,385 - INFO - Tracking servo moved to 123°
2025-12-17 19:31:33,482 - INFO - Security event logged: TRACKING_MOVEMENT - unknown
2025-12-17 19:31:33,753 - INFO - Security event logged: VIDEO_gesture_candidate - unknown
2025-12-17 19:31:33,754 - INFO - Saved evidence clip: evidence/videos/gesture_candidate_unknown_20251217_193133.avi
2025-12-17 19:31:33,772 - INFO - Queued clip for gesture analysis: evidence/gesture_queue/incoming/gesture_cd783a4aef2646a28a2aca844b9e908a.avi
2025-12-17 19:31:33,773 - INFO - Clip queued for gesture worker: evidence/gesture_queue/incoming/gesture_cd783a4aef2646a28a2aca844b9e908a.avi
2025-12-17 19:31:33,817 - INFO - Tracking servo moved to 128°
2025-12-17 19:31:33,905 - INFO - Security event logged: TRACKING_MOVEMENT - unknown
2025-12-17 19:31:34,182 - INFO - Security event logged: VIDEO_gesture_candidate - unknown
2025-12-17 19:31:34,183 - INFO - Saved evidence clip: evidence/videos/gesture_candidate_unknown_20251217_193133.avi
2025-12-17 19:31:34,196 - INFO - Queued clip for gesture analysis: evidence/gesture_queue/incoming/gesture_7b71f56ed14343e69257e2bda68bec1c.avi
2025-12-17 19:31:34,196 - INFO - Clip queued for gesture worker: evidence/gesture_queue/incoming/gesture_7b71f56ed14343e69257e2bda68bec1c.avi
2025-12-17 19:31:34,264 - INFO - Tracking servo moved to 135°
2025-12-17 19:31:34,361 - INFO - Security event logged: TRACKING_MOVEMENT - unknown
2025-12-17 19:31:34,644 - INFO - Security event logged: VIDEO_gesture_candidate - unknown
2025-12-17 19:31:34,645 - INFO - Saved evidence clip: evidence/videos/gesture_candidate_unknown_20251217_193134.avi
2025-12-17 19:31:34,664 - INFO - Queued clip for gesture analysis: evidence/gesture_queue/incoming/gesture_5ec7384f775d439e80ca34048970c56c.avi
2025-12-17 19:31:34,665 - INFO - Clip queued for gesture worker: evidence/gesture_queue/incoming/gesture_5ec7384f775d439e80ca34048970c56c.avi
2025-12-17 19:31:34,712 - INFO - Tracking servo moved to 147°
2025-12-17 19:31:34,803 - INFO - Security event logged: TRACKING_MOVEMENT - unknown
2025-12-17 19:31:35,069 - INFO - Security event logged: VIDEO_gesture_candidate - unknown
2025-12-17 19:31:35,071 - INFO - Saved evidence clip: evidence/videos/gesture_candidate_unknown_20251217_193134.avi
2025-12-17 19:31:35,085 - INFO - Queued clip for gesture analysis: evidence/gesture_queue/incoming/gesture_536fd8dbfe7f4990b763d606cc7ece70.avi
2025-12-17 19:31:35,087 - INFO - Clip queued for gesture worker: evidence/gesture_queue/incoming/gesture_536fd8dbfe7f4990b763d606cc7ece70.avi
2025-12-17 19:31:35,134 - INFO - Tracking servo moved to 161°
2025-12-17 19:31:35,242 - INFO - Security event logged: TRACKING_MOVEMENT - unknown
2025-12-17 19:31:35,526 - INFO - Security event logged: VIDEO_gesture_candidate - unknown
2025-12-17 19:31:35,526 - INFO - Saved evidence clip: evidence/videos/gesture_candidate_unknown_20251217_193135.avi
2025-12-17 19:31:35,542 - INFO - Queued clip for gesture analysis: evidence/gesture_queue/incoming/gesture_86fb3b1b7a3b42b4a39651c16672e08c.avi
2025-12-17 19:31:35,543 - INFO - Clip queued for gesture worker: evidence/gesture_queue/incoming/gesture_86fb3b1b7a3b42b4a39651c16672e08c.avi
2025-12-17 19:31:35,603 - INFO - DOOR UNLOCKED - Servo 1 rotated 90°
2025-12-17 19:31:35,712 - INFO - Security event logged: DOOR_UNLOCKED - owner
2025-12-17 19:31:36,336 - INFO - Tracking servo moved to 90°
2025-12-17 19:31:36,430 - INFO - Security event logged: TRACKING_MOVEMENT - unknown
2025-12-17 19:31:39,948 - WARNING - Unknown person detected - starting tracking
2025-12-17 19:31:39,948 - WARNING - [ALERT] SECURITY ALERT: INTRUDER_DETECTED
2025-12-17 19:31:39,958 - WARNING - Alert logged: INTRUDER_DETECTED - CRITICAL - Unknown person attempting access
2025-12-17 19:31:39,959 - INFO - SMS to POLICE: SECURITY ALERT: INTRUDER_DETECTED - Unknown person attempting access - Location: Your Address
2025-12-17 19:31:39,959 - INFO - SMS to OWNER: HOME SECURITY: INTRUDER_DETECTED - Unknown person attempting access
2025-12-17 19:31:40,059 - INFO - Security event logged: GSM_ALERT_SENT - system
2025-12-17 19:31:40,060 - INFO - SECURITY RELAY ACTIVATED - Additional security measures enabled
2025-12-17 19:31:40,172 - INFO - Security event logged: RELAY_ACTIVATED - system
2025-12-17 19:31:40,172 - INFO - Tracking servo moved to 60°
2025-12-17 19:31:40,288 - INFO - Security event logged: TRACKING_MOVEMENT - unknown
2025-12-17 19:31:40,532 - INFO - Security event logged: VIDEO_gesture_candidate - unknown
2025-12-17 19:31:40,532 - INFO - Saved evidence clip: evidence/videos/gesture_candidate_unknown_20251217_193140.avi
2025-12-17 19:31:40,546 - INFO - Queued clip for gesture analysis: evidence/gesture_queue/incoming/gesture_53bd83faca3d4ce59f2a6dc5134f1fbd.avi
2025-12-17 19:31:40,547 - INFO - Clip queued for gesture worker: evidence/gesture_queue/incoming/gesture_53bd83faca3d4ce59f2a6dc5134f1fbd.avi
2025-12-17 19:31:42,551 - INFO - Tracking servo moved to 63°
2025-12-17 19:31:42,660 - INFO - Security event logged: TRACKING_MOVEMENT - unknown
2025-12-17 19:31:42,919 - INFO - Security event logged: VIDEO_gesture_candidate - unknown
2025-12-17 19:31:42,923 - INFO - Saved evidence clip: evidence/videos/gesture_candidate_unknown_20251217_193142.avi
2025-12-17 19:31:42,937 - INFO - Queued clip for gesture analysis: evidence/gesture_queue/incoming/gesture_13f20953548944698ecb3c4faf8d6148.avi
2025-12-17 19:31:42,937 - INFO - Clip queued for gesture worker: evidence/gesture_queue/incoming/gesture_13f20953548944698ecb3c4faf8d6148.avi
2025-12-17 19:31:43,775 - INFO - Tracking servo moved to 33°
2025-12-17 19:31:43,888 - INFO - Security event logged: TRACKING_MOVEMENT - unknown
2025-12-17 19:31:44,153 - INFO - Security event logged: VIDEO_gesture_candidate - unknown
2025-12-17 19:31:44,154 - INFO - Saved evidence clip: evidence/videos/gesture_candidate_unknown_20251217_193143.avi
2025-12-17 19:31:44,169 - INFO - Queued clip for gesture analysis: evidence/gesture_queue/incoming/gesture_1182065d212b402bbf642ec4722581ea.avi
2025-12-17 19:31:44,170 - INFO - Clip queued for gesture worker: evidence/gesture_queue/incoming/gesture_1182065d212b402bbf642ec4722581ea.avi
2025-12-17 19:31:44,959 - INFO - Tracking servo moved to 90°
2025-12-17 19:31:45,063 - INFO - Security event logged: TRACKING_MOVEMENT - unknown
2025-12-17 19:31:45,558 - WARNING - Unknown person detected - starting tracking
2025-12-17 19:31:45,565 - WARNING - [ALERT] SECURITY ALERT: INTRUDER_DETECTED
2025-12-17 19:31:45,575 - WARNING - Alert logged: INTRUDER_DETECTED - CRITICAL - Unknown person attempting access
2025-12-17 19:31:45,580 - INFO - SMS to POLICE: SECURITY ALERT: INTRUDER_DETECTED - Unknown person attempting access - Location: Your Address
2025-12-17 19:31:45,580 - INFO - SMS to OWNER: HOME SECURITY: INTRUDER_DETECTED - Unknown person attempting access
2025-12-17 19:31:45,697 - INFO - Security event logged: GSM_ALERT_SENT - system
2025-12-17 19:31:45,697 - INFO - SECURITY RELAY ACTIVATED - Additional security measures enabled
2025-12-17 19:31:45,790 - INFO - Security event logged: RELAY_ACTIVATED - system
2025-12-17 19:31:45,791 - INFO - Tracking servo moved to 60°
2025-12-17 19:31:45,910 - INFO - Security event logged: TRACKING_MOVEMENT - unknown
2025-12-17 19:31:46,181 - INFO - Security event logged: VIDEO_gesture_candidate - unknown
2025-12-17 19:31:46,182 - INFO - Saved evidence clip: evidence/videos/gesture_candidate_unknown_20251217_193145.avi
2025-12-17 19:31:46,194 - INFO - Queued clip for gesture analysis: evidence/gesture_queue/incoming/gesture_cb6874b864284fd4b03d7c6083ad84d0.avi
2025-12-17 19:31:46,197 - INFO - Clip queued for gesture worker: evidence/gesture_queue/incoming/gesture_cb6874b864284fd4b03d7c6083ad84d0.avi
2025-12-17 19:31:46,200 - INFO - DOOR LOCKED - Servo 1 rotated 0°
2025-12-17 19:31:46,300 - INFO - Security event logged: DOOR_LOCKED - system
2025-12-17 19:31:47,207 - INFO - Tracking servo moved to 42°
2025-12-17 19:31:47,317 - INFO - Security event logged: TRACKING_MOVEMENT - unknown
2025-12-17 19:31:47,565 - INFO - Security event logged: VIDEO_gesture_candidate - unknown
2025-12-17 19:31:47,566 - INFO - Saved evidence clip: evidence/videos/gesture_candidate_unknown_20251217_193147.avi
2025-12-17 19:31:47,581 - INFO - Queued clip for gesture analysis: evidence/gesture_queue/incoming/gesture_aa0d72f569af4a999bf5d004f3b1879b.avi
2025-12-17 19:31:47,581 - INFO - Clip queued for gesture worker: evidence/gesture_queue/incoming/gesture_aa0d72f569af4a999bf5d004f3b1879b.avi
2025-12-17 19:31:50,423 - INFO - Tracking servo moved to 12°
2025-12-17 19:31:50,526 - INFO - Security event logged: TRACKING_MOVEMENT - unknown
2025-12-17 19:31:50,765 - INFO - Security event logged: VIDEO_gesture_candidate - unknown
2025-12-17 19:31:50,766 - INFO - Saved evidence clip: evidence/videos/gesture_candidate_unknown_20251217_193150.avi
2025-12-17 19:31:50,779 - INFO - Queued clip for gesture analysis: evidence/gesture_queue/incoming/gesture_b0d2f993080e4c1699f22eac73e2bd1d.avi
2025-12-17 19:31:50,781 - INFO - Clip queued for gesture worker: evidence/gesture_queue/incoming/gesture_b0d2f993080e4c1699f22eac73e2bd1d.avi
2025-12-17 19:31:50,824 - INFO - Tracking servo moved to 90°
2025-12-17 19:31:50,922 - INFO - Security event logged: TRACKING_MOVEMENT - unknown
2025-12-17 19:31:51,031 - WARNING - Unknown person detected - starting tracking
2025-12-17 19:31:51,031 - WARNING - [ALERT] SECURITY ALERT: INTRUDER_DETECTED
2025-12-17 19:31:51,041 - WARNING - Alert logged: INTRUDER_DETECTED - CRITICAL - Unknown person attempting access
2025-12-17 19:31:51,042 - INFO - SMS to POLICE: SECURITY ALERT: INTRUDER_DETECTED - Unknown person attempting access - Location: Your Address
2025-12-17 19:31:51,042 - INFO - SMS to OWNER: HOME SECURITY: INTRUDER_DETECTED - Unknown person attempting access
2025-12-17 19:31:51,142 - INFO - Security event logged: GSM_ALERT_SENT - system
2025-12-17 19:31:51,142 - INFO - SECURITY RELAY ACTIVATED - Additional security measures enabled
2025-12-17 19:31:51,247 - INFO - Security event logged: RELAY_ACTIVATED - system
2025-12-17 19:31:51,249 - INFO - Tracking servo moved to 60°
2025-12-17 19:31:51,368 - INFO - Security event logged: TRACKING_MOVEMENT - unknown
2025-12-17 19:31:51,632 - INFO - Security event logged: VIDEO_gesture_candidate - unknown
2025-12-17 19:31:51,632 - INFO - Saved evidence clip: evidence/videos/gesture_candidate_unknown_20251217_193151.avi
2025-12-17 19:31:51,646 - INFO - Queued clip for gesture analysis: evidence/gesture_queue/incoming/gesture_35b6ecf8bea74bf08a114e451761f632.avi
2025-12-17 19:31:51,650 - INFO - Clip queued for gesture worker: evidence/gesture_queue/incoming/gesture_35b6ecf8bea74bf08a114e451761f632.avi
2025-12-17 19:31:51,893 - INFO - Tracking servo moved to 30°
2025-12-17 19:31:52,009 - INFO - Security event logged: TRACKING_MOVEMENT - unknown
2025-12-17 19:31:52,258 - INFO - Security event logged: VIDEO_gesture_candidate - unknown
2025-12-17 19:31:52,258 - INFO - Saved evidence clip: evidence/videos/gesture_candidate_unknown_20251217_193152.avi
2025-12-17 19:31:52,277 - INFO - Queued clip for gesture analysis: evidence/gesture_queue/incoming/gesture_f245064d430847b1bfb8be5370ed625e.avi
2025-12-17 19:31:52,279 - INFO - Clip queued for gesture worker: evidence/gesture_queue/incoming/gesture_f245064d430847b1bfb8be5370ed625e.avi
2025-12-17 19:31:52,325 - INFO - Tracking servo moved to 0°
2025-12-17 19:31:52,415 - INFO - Security event logged: TRACKING_MOVEMENT - unknown
2025-12-17 19:31:52,691 - INFO - Security event logged: VIDEO_gesture_candidate - unknown
2025-12-17 19:31:52,692 - INFO - Saved evidence clip: evidence/videos/gesture_candidate_unknown_20251217_193152.avi
2025-12-17 19:31:52,708 - INFO - Queued clip for gesture analysis: evidence/gesture_queue/incoming/gesture_c39b71fed4684e1d927d3448e96b6ad1.avi
2025-12-17 19:31:52,713 - INFO - Clip queued for gesture worker: evidence/gesture_queue/incoming/gesture_c39b71fed4684e1d927d3448e96b6ad1.avi
2025-12-17 19:31:52,825 - INFO - Tracking servo moved to 0°
2025-12-17 19:31:52,914 - INFO - Security event logged: TRACKING_MOVEMENT - unknown
2025-12-17 19:31:53,187 - INFO - Security event logged: VIDEO_gesture_candidate - unknown
2025-12-17 19:31:53,188 - INFO - Saved evidence clip: evidence/videos/gesture_candidate_unknown_20251217_193152.avi
2025-12-17 19:31:53,205 - INFO - Queued clip for gesture analysis: evidence/gesture_queue/incoming/gesture_a64b46fba6394218925b2347de248c67.avi
2025-12-17 19:31:53,205 - INFO - Clip queued for gesture worker: evidence/gesture_queue/incoming/gesture_a64b46fba6394218925b2347de248c67.avi
2025-12-17 19:31:53,251 - INFO - Tracking servo moved to 0°
2025-12-17 19:31:53,365 - INFO - Security event logged: TRACKING_MOVEMENT - unknown
2025-12-17 19:31:53,677 - INFO - Security event logged: VIDEO_gesture_candidate - unknown
2025-12-17 19:31:53,678 - INFO - Saved evidence clip: evidence/videos/gesture_candidate_unknown_20251217_193153.avi
2025-12-17 19:31:53,697 - INFO - Queued clip for gesture analysis: evidence/gesture_queue/incoming/gesture_edd4592b1d7b499aa7dadd44606e52c2.avi
2025-12-17 19:31:53,697 - INFO - Clip queued for gesture worker: evidence/gesture_queue/incoming/gesture_edd4592b1d7b499aa7dadd44606e52c2.avi
2025-12-17 19:31:54,217 - INFO - Tracking servo moved to 0°
2025-12-17 19:31:54,314 - INFO - Security event logged: TRACKING_MOVEMENT - unknown
2025-12-17 19:31:54,575 - INFO - Security event logged: VIDEO_gesture_candidate - unknown
2025-12-17 19:31:54,575 - INFO - Saved evidence clip: evidence/videos/gesture_candidate_unknown_20251217_193154.avi
2025-12-17 19:31:54,594 - INFO - Queued clip for gesture analysis: evidence/gesture_queue/incoming/gesture_c6716b9541e642688b6b06ce0f9adc3f.avi
2025-12-17 19:31:54,595 - INFO - Clip queued for gesture worker: evidence/gesture_queue/incoming/gesture_c6716b9541e642688b6b06ce0f9adc3f.avi
2025-12-17 19:31:54,699 - INFO - Tracking servo moved to 0°
2025-12-17 19:31:54,797 - INFO - Security event logged: TRACKING_MOVEMENT - unknown
2025-12-17 19:31:55,106 - INFO - Security event logged: VIDEO_gesture_candidate - unknown
2025-12-17 19:31:55,107 - INFO - Saved evidence clip: evidence/videos/gesture_candidate_unknown_20251217_193154.avi
2025-12-17 19:31:55,120 - INFO - Queued clip for gesture analysis: evidence/gesture_queue/incoming/gesture_c36f68736029466aa3bbd6d1fead17d6.avi
2025-12-17 19:31:55,122 - INFO - Clip queued for gesture worker: evidence/gesture_queue/incoming/gesture_c36f68736029466aa3bbd6d1fead17d6.avi
2025-12-17 19:31:55,124 - WARNING - [ALERT] SECURITY ALERT: SUSPICIOUS_MOTION
2025-12-17 19:31:55,138 - WARNING - Alert logged: SUSPICIOUS_MOTION - HIGH - Suspicious movement detected near entrance
2025-12-17 19:31:55,139 - INFO - SMS to POLICE: SECURITY ALERT: SUSPICIOUS_MOTION - Suspicious movement detected near entrance - Location: Your Address
2025-12-17 19:31:55,140 - INFO - SMS to OWNER: HOME SECURITY: SUSPICIOUS_MOTION - Suspicious movement detected near entrance
2025-12-17 19:31:55,239 - INFO - Security event logged: GSM_ALERT_SENT - system
2025-12-17 19:31:55,240 - INFO - SECURITY RELAY ACTIVATED - Additional security measures enabled
2025-12-17 19:31:55,357 - INFO - Security event logged: RELAY_ACTIVATED - system
2025-12-17 19:31:55,402 - INFO - Tracking servo moved to 0°
2025-12-17 19:31:55,508 - INFO - Security event logged: TRACKING_MOVEMENT - unknown
2025-12-17 19:31:55,794 - INFO - Security event logged: VIDEO_gesture_candidate - unknown
2025-12-17 19:31:55,798 - INFO - Saved evidence clip: evidence/videos/gesture_candidate_unknown_20251217_193155.avi
2025-12-17 19:31:55,814 - INFO - Queued clip for gesture analysis: evidence/gesture_queue/incoming/gesture_3f7c4c360f97428489922cce7b2a697a.avi
2025-12-17 19:31:55,817 - INFO - Clip queued for gesture worker: evidence/gesture_queue/incoming/gesture_3f7c4c360f97428489922cce7b2a697a.avi
2025-12-17 19:31:55,897 - INFO - Tracking servo moved to 0°
2025-12-17 19:31:56,006 - INFO - Security event logged: TRACKING_MOVEMENT - unknown
2025-12-17 19:31:56,271 - INFO - Security event logged: VIDEO_gesture_candidate - unknown
2025-12-17 19:31:56,274 - INFO - Saved evidence clip: evidence/videos/gesture_candidate_unknown_20251217_193156.avi
2025-12-17 19:31:56,286 - INFO - Queued clip for gesture analysis: evidence/gesture_queue/incoming/gesture_df4f3e187923477481896d8014fbb6f1.avi
2025-12-17 19:31:56,287 - INFO - Clip queued for gesture worker: evidence/gesture_queue/incoming/gesture_df4f3e187923477481896d8014fbb6f1.avi
2025-12-17 19:31:56,341 - INFO - Tracking servo moved to 0°
2025-12-17 19:31:56,436 - INFO - Security event logged: TRACKING_MOVEMENT - unknown
2025-12-17 19:31:56,709 - INFO - Security event logged: VIDEO_gesture_candidate - unknown
2025-12-17 19:31:56,710 - INFO - Saved evidence clip: evidence/videos/gesture_candidate_unknown_20251217_193156.avi
2025-12-17 19:31:56,723 - INFO - Queued clip for gesture analysis: evidence/gesture_queue/incoming/gesture_221e25ba64994f5cbbcf88278f542578.avi
2025-12-17 19:31:56,726 - INFO - Clip queued for gesture worker: evidence/gesture_queue/incoming/gesture_221e25ba64994f5cbbcf88278f542578.avi
2025-12-17 19:31:56,784 - INFO - Tracking servo moved to 0°
2025-12-17 19:31:56,891 - INFO - Security event logged: TRACKING_MOVEMENT - unknown
2025-12-17 19:31:57,153 - INFO - Security event logged: VIDEO_gesture_candidate - unknown
2025-12-17 19:31:57,153 - INFO - Saved evidence clip: evidence/videos/gesture_candidate_unknown_20251217_193156.avi
2025-12-17 19:31:57,169 - INFO - Queued clip for gesture analysis: evidence/gesture_queue/incoming/gesture_f9d8f11e15dd480d9e645035f4d68746.avi
2025-12-17 19:31:57,170 - INFO - Clip queued for gesture worker: evidence/gesture_queue/incoming/gesture_f9d8f11e15dd480d9e645035f4d68746.avi
2025-12-17 19:31:57,212 - INFO - Tracking servo moved to 0°
2025-12-17 19:31:57,315 - INFO - Security event logged: TRACKING_MOVEMENT - unknown
2025-12-17 19:31:57,582 - INFO - Security event logged: VIDEO_gesture_candidate - unknown
2025-12-17 19:31:57,583 - INFO - Saved evidence clip: evidence/videos/gesture_candidate_unknown_20251217_193157.avi
2025-12-17 19:31:57,596 - INFO - Queued clip for gesture analysis: evidence/gesture_queue/incoming/gesture_570ce2d1a5d8417bb74d340cac05d47f.avi
2025-12-17 19:31:57,596 - INFO - Clip queued for gesture worker: evidence/gesture_queue/incoming/gesture_570ce2d1a5d8417bb74d340cac05d47f.avi
2025-12-17 19:31:57,629 - INFO - Tracking servo moved to 90°
2025-12-17 19:31:57,739 - INFO - Security event logged: TRACKING_MOVEMENT - unknown
2025-12-17 19:31:58,091 - WARNING - Unknown person detected - starting tracking
2025-12-17 19:31:58,091 - WARNING - [ALERT] SECURITY ALERT: INTRUDER_DETECTED
2025-12-17 19:31:58,102 - WARNING - Alert logged: INTRUDER_DETECTED - CRITICAL - Unknown person attempting access
2025-12-17 19:31:58,102 - INFO - SMS to POLICE: SECURITY ALERT: INTRUDER_DETECTED - Unknown person attempting access - Location: Your Address
2025-12-17 19:31:58,102 - INFO - SMS to OWNER: HOME SECURITY: INTRUDER_DETECTED - Unknown person attempting access
2025-12-17 19:31:58,224 - INFO - Security event logged: GSM_ALERT_SENT - system
2025-12-17 19:31:58,225 - INFO - SECURITY RELAY ACTIVATED - Additional security measures enabled
2025-12-17 19:31:58,345 - INFO - Security event logged: RELAY_ACTIVATED - system
2025-12-17 19:31:58,346 - INFO - Tracking servo moved to 60°
2025-12-17 19:31:58,460 - INFO - Security event logged: TRACKING_MOVEMENT - unknown
2025-12-17 19:31:58,734 - INFO - Security event logged: VIDEO_gesture_candidate - unknown
2025-12-17 19:31:58,734 - INFO - Saved evidence clip: evidence/videos/gesture_candidate_unknown_20251217_193158.avi
2025-12-17 19:31:58,748 - INFO - Queued clip for gesture analysis: evidence/gesture_queue/incoming/gesture_3bdfa308df2249ed90d5e804d3b9f0eb.avi
2025-12-17 19:31:58,754 - INFO - Clip queued for gesture worker: evidence/gesture_queue/incoming/gesture_3bdfa308df2249ed90d5e804d3b9f0eb.avi
2025-12-17 19:31:58,818 - INFO - Tracking servo moved to 30°
2025-12-17 19:31:58,922 - INFO - Security event logged: TRACKING_MOVEMENT - unknown
2025-12-17 19:31:59,180 - INFO - Security event logged: VIDEO_gesture_candidate - unknown
2025-12-17 19:31:59,182 - INFO - Saved evidence clip: evidence/videos/gesture_candidate_unknown_20251217_193158.avi
2025-12-17 19:31:59,195 - INFO - Queued clip for gesture analysis: evidence/gesture_queue/incoming/gesture_1612f4b1bf884e87a2516a6991f77f0c.avi
2025-12-17 19:31:59,196 - INFO - Clip queued for gesture worker: evidence/gesture_queue/incoming/gesture_1612f4b1bf884e87a2516a6991f77f0c.avi
2025-12-17 19:31:59,283 - INFO - Tracking servo moved to 0°
2025-12-17 19:31:59,379 - INFO - Security event logged: TRACKING_MOVEMENT - unknown
2025-12-17 19:31:59,772 - INFO - Security event logged: VIDEO_gesture_candidate - unknown
2025-12-17 19:31:59,772 - INFO - Saved evidence clip: evidence/videos/gesture_candidate_unknown_20251217_193159.avi
2025-12-17 19:31:59,788 - INFO - Queued clip for gesture analysis: evidence/gesture_queue/incoming/gesture_90e77f2ac5624fc892b9becf960dceec.avi
2025-12-17 19:31:59,789 - INFO - Clip queued for gesture worker: evidence/gesture_queue/incoming/gesture_90e77f2ac5624fc892b9becf960dceec.avi
2025-12-17 19:31:59,833 - INFO - Tracking servo moved to 0°
2025-12-17 19:31:59,938 - INFO - Security event logged: TRACKING_MOVEMENT - unknown
2025-12-17 19:32:00,191 - INFO - Security event logged: VIDEO_gesture_candidate - unknown
2025-12-17 19:32:00,193 - INFO - Saved evidence clip: evidence/videos/gesture_candidate_unknown_20251217_193159.avi
2025-12-17 19:32:00,209 - INFO - Queued clip for gesture analysis: evidence/gesture_queue/incoming/gesture_f929196e8396429995698d8285480968.avi
2025-12-17 19:32:00,209 - INFO - Clip queued for gesture worker: evidence/gesture_queue/incoming/gesture_f929196e8396429995698d8285480968.avi
2025-12-17 19:32:00,358 - INFO - Tracking servo moved to 0°
2025-12-17 19:32:00,465 - INFO - Security event logged: TRACKING_MOVEMENT - unknown
2025-12-17 19:32:00,726 - INFO - Security event logged: VIDEO_gesture_candidate - unknown
2025-12-17 19:32:00,727 - INFO - Saved evidence clip: evidence/videos/gesture_candidate_unknown_20251217_193200.avi
2025-12-17 19:32:00,741 - INFO - Queued clip for gesture analysis: evidence/gesture_queue/incoming/gesture_17aefb0321f246aca864c25f3595f561.avi
2025-12-17 19:32:00,746 - INFO - Clip queued for gesture worker: evidence/gesture_queue/incoming/gesture_17aefb0321f246aca864c25f3595f561.avi
2025-12-17 19:32:00,839 - INFO - Tracking servo moved to 0°
2025-12-17 19:32:00,933 - INFO - Security event logged: TRACKING_MOVEMENT - unknown
2025-12-17 19:32:01,188 - INFO - Security event logged: VIDEO_gesture_candidate - unknown
2025-12-17 19:32:01,189 - INFO - Saved evidence clip: evidence/videos/gesture_candidate_unknown_20251217_193200.avi
2025-12-17 19:32:01,205 - INFO - Queued clip for gesture analysis: evidence/gesture_queue/incoming/gesture_d8b6640633eb4bfc89bea01c287e19f0.avi
2025-12-17 19:32:01,205 - INFO - Clip queued for gesture worker: evidence/gesture_queue/incoming/gesture_d8b6640633eb4bfc89bea01c287e19f0.avi
2025-12-17 19:32:01,262 - INFO - Tracking servo moved to 0°
2025-12-17 19:32:01,359 - INFO - Security event logged: TRACKING_MOVEMENT - unknown
2025-12-17 19:32:01,612 - INFO - Security event logged: VIDEO_gesture_candidate - unknown
2025-12-17 19:32:01,613 - INFO - Saved evidence clip: evidence/videos/gesture_candidate_unknown_20251217_193201.avi
2025-12-17 19:32:01,626 - INFO - Queued clip for gesture analysis: evidence/gesture_queue/incoming/gesture_84820648581b46c0bc3e2b23e33525ba.avi
2025-12-17 19:32:01,627 - INFO - Clip queued for gesture worker: evidence/gesture_queue/incoming/gesture_84820648581b46c0bc3e2b23e33525ba.avi
2025-12-17 19:32:01,712 - INFO - Tracking servo moved to 0°
2025-12-17 19:32:01,819 - INFO - Security event logged: TRACKING_MOVEMENT - unknown
2025-12-17 19:32:02,078 - INFO - Security event logged: VIDEO_gesture_candidate - unknown
2025-12-17 19:32:02,079 - INFO - Saved evidence clip: evidence/videos/gesture_candidate_unknown_20251217_193201.avi
2025-12-17 19:32:02,095 - INFO - Queued clip for gesture analysis: evidence/gesture_queue/incoming/gesture_719da960d36e4b8e972adaa278e3b0ec.avi
2025-12-17 19:32:02,095 - INFO - Clip queued for gesture worker: evidence/gesture_queue/incoming/gesture_719da960d36e4b8e972adaa278e3b0ec.avi
2025-12-17 19:32:02,164 - INFO - Tracking servo moved to 0°
2025-12-17 19:32:02,263 - INFO - Security event logged: TRACKING_MOVEMENT - unknown
2025-12-17 19:32:02,550 - INFO - Security event logged: VIDEO_gesture_candidate - unknown
2025-12-17 19:32:02,551 - INFO - Saved evidence clip: evidence/videos/gesture_candidate_unknown_20251217_193202.avi
2025-12-17 19:32:02,566 - INFO - Queued clip for gesture analysis: evidence/gesture_queue/incoming/gesture_ee61255edeb4454f912a6825c6d6f89b.avi
2025-12-17 19:32:02,567 - INFO - Clip queued for gesture worker: evidence/gesture_queue/incoming/gesture_ee61255edeb4454f912a6825c6d6f89b.avi
2025-12-17 19:32:02,811 - INFO - Tracking servo moved to 0°
2025-12-17 19:32:02,909 - INFO - Security event logged: TRACKING_MOVEMENT - unknown
2025-12-17 19:32:03,164 - INFO - Security event logged: VIDEO_gesture_candidate - unknown
2025-12-17 19:32:03,164 - INFO - Saved evidence clip: evidence/videos/gesture_candidate_unknown_20251217_193202.avi
2025-12-17 19:32:03,183 - INFO - Queued clip for gesture analysis: evidence/gesture_queue/incoming/gesture_ac6571a6977c48408b6ff7a8beee0015.avi
2025-12-17 19:32:03,186 - INFO - Clip queued for gesture worker: evidence/gesture_queue/incoming/gesture_ac6571a6977c48408b6ff7a8beee0015.avi
2025-12-17 19:32:03,229 - INFO - Tracking servo moved to 90°
2025-12-17 19:32:03,346 - INFO - Security event logged: TRACKING_MOVEMENT - unknown
2025-12-17 19:32:03,688 - WARNING - Unknown person detected - starting tracking
2025-12-17 19:32:03,688 - WARNING - [ALERT] SECURITY ALERT: INTRUDER_DETECTED
2025-12-17 19:32:03,698 - WARNING - Alert logged: INTRUDER_DETECTED - CRITICAL - Unknown person attempting access
2025-12-17 19:32:03,698 - INFO - SMS to POLICE: SECURITY ALERT: INTRUDER_DETECTED - Unknown person attempting access - Location: Your Address
2025-12-17 19:32:03,698 - INFO - SMS to OWNER: HOME SECURITY: INTRUDER_DETECTED - Unknown person attempting access
2025-12-17 19:32:03,801 - INFO - Security event logged: GSM_ALERT_SENT - system
2025-12-17 19:32:03,803 - INFO - SECURITY RELAY ACTIVATED - Additional security measures enabled
2025-12-17 19:32:03,916 - INFO - Security event logged: RELAY_ACTIVATED - system
2025-12-17 19:32:03,917 - INFO - Tracking servo moved to 60°
2025-12-17 19:32:04,038 - INFO - Security event logged: TRACKING_MOVEMENT - unknown
2025-12-17 19:32:04,296 - INFO - Security event logged: VIDEO_gesture_candidate - unknown
2025-12-17 19:32:04,297 - INFO - Saved evidence clip: evidence/videos/gesture_candidate_unknown_20251217_193204.avi
2025-12-17 19:32:04,309 - INFO - Queued clip for gesture analysis: evidence/gesture_queue/incoming/gesture_05e67aaa78d64161868ed15b31c8c6cc.avi
2025-12-17 19:32:04,312 - INFO - Clip queued for gesture worker: evidence/gesture_queue/incoming/gesture_05e67aaa78d64161868ed15b31c8c6cc.avi
2025-12-17 19:32:04,412 - INFO - Tracking servo moved to 30°
2025-12-17 19:32:04,521 - INFO - Security event logged: TRACKING_MOVEMENT - unknown
2025-12-17 19:32:04,794 - INFO - Security event logged: VIDEO_gesture_candidate - unknown
2025-12-17 19:32:04,795 - INFO - Saved evidence clip: evidence/videos/gesture_candidate_unknown_20251217_193204.avi
2025-12-17 19:32:04,811 - INFO - Queued clip for gesture analysis: evidence/gesture_queue/incoming/gesture_fe774a9ae90f408a98d5c41eb39dbc81.avi
2025-12-17 19:32:04,812 - INFO - Clip queued for gesture worker: evidence/gesture_queue/incoming/gesture_fe774a9ae90f408a98d5c41eb39dbc81.avi
2025-12-17 19:32:04,992 - INFO - Tracking servo moved to 0°
2025-12-17 19:32:05,086 - INFO - Security event logged: TRACKING_MOVEMENT - unknown
2025-12-17 19:32:05,342 - INFO - Security event logged: VIDEO_gesture_candidate - unknown
2025-12-17 19:32:05,346 - INFO - Saved evidence clip: evidence/videos/gesture_candidate_unknown_20251217_193205.avi
2025-12-17 19:32:05,360 - INFO - Queued clip for gesture analysis: evidence/gesture_queue/incoming/gesture_3c2d68fa796a41febe477d6e2c6013bc.avi
2025-12-17 19:32:05,361 - INFO - Clip queued for gesture worker: evidence/gesture_queue/incoming/gesture_3c2d68fa796a41febe477d6e2c6013bc.avi
2025-12-17 19:32:05,605 - INFO - Tracking servo moved to 3°
2025-12-17 19:32:05,713 - INFO - Security event logged: TRACKING_MOVEMENT - unknown
2025-12-17 19:32:05,989 - INFO - Security event logged: VIDEO_gesture_candidate - unknown
2025-12-17 19:32:05,989 - INFO - Saved evidence clip: evidence/videos/gesture_candidate_unknown_20251217_193205.avi
2025-12-17 19:32:06,008 - INFO - Queued clip for gesture analysis: evidence/gesture_queue/incoming/gesture_2682f8dea3e04f7b883943ee77c5d68c.avi
2025-12-17 19:32:06,009 - INFO - Clip queued for gesture worker: evidence/gesture_queue/incoming/gesture_2682f8dea3e04f7b883943ee77c5d68c.avi
2025-12-17 19:32:06,100 - INFO - Tracking servo moved to 0°
2025-12-17 19:32:06,196 - INFO - Security event logged: TRACKING_MOVEMENT - unknown
2025-12-17 19:32:06,461 - INFO - Security event logged: VIDEO_gesture_candidate - unknown
2025-12-17 19:32:06,461 - INFO - Saved evidence clip: evidence/videos/gesture_candidate_unknown_20251217_193206.avi
2025-12-17 19:32:06,479 - INFO - Queued clip for gesture analysis: evidence/gesture_queue/incoming/gesture_1934a60fdac34e48bfabd1a89a8e6494.avi
2025-12-17 19:32:06,480 - INFO - Clip queued for gesture worker: evidence/gesture_queue/incoming/gesture_1934a60fdac34e48bfabd1a89a8e6494.avi
2025-12-17 19:32:06,581 - INFO - Tracking servo moved to 3°
2025-12-17 19:32:06,702 - INFO - Security event logged: TRACKING_MOVEMENT - unknown
2025-12-17 19:32:06,976 - INFO - Security event logged: VIDEO_gesture_candidate - unknown
2025-12-17 19:32:06,977 - INFO - Saved evidence clip: evidence/videos/gesture_candidate_unknown_20251217_193206.avi
2025-12-17 19:32:06,990 - INFO - Queued clip for gesture analysis: evidence/gesture_queue/incoming/gesture_958c41b74b35486f852551ebf6b0dd47.avi
2025-12-17 19:32:06,991 - INFO - Clip queued for gesture worker: evidence/gesture_queue/incoming/gesture_958c41b74b35486f852551ebf6b0dd47.avi
2025-12-17 19:32:07,079 - INFO - Tracking servo moved to 6°
2025-12-17 19:32:07,194 - INFO - Security event logged: TRACKING_MOVEMENT - unknown
2025-12-17 19:32:07,437 - INFO - Security event logged: VIDEO_gesture_candidate - unknown
2025-12-17 19:32:07,438 - INFO - Saved evidence clip: evidence/videos/gesture_candidate_unknown_20251217_193207.avi
2025-12-17 19:32:07,454 - INFO - Queued clip for gesture analysis: evidence/gesture_queue/incoming/gesture_fb6bb0f2af604dacadf84a82668ac75e.avi
2025-12-17 19:32:07,455 - INFO - Clip queued for gesture worker: evidence/gesture_queue/incoming/gesture_fb6bb0f2af604dacadf84a82668ac75e.avi
2025-12-17 19:32:07,692 - INFO - Tracking servo moved to 9°
2025-12-17 19:32:07,801 - INFO - Security event logged: TRACKING_MOVEMENT - unknown
2025-12-17 19:32:08,063 - INFO - Security event logged: VIDEO_gesture_candidate - unknown
2025-12-17 19:32:08,067 - INFO - Saved evidence clip: evidence/videos/gesture_candidate_unknown_20251217_193207.avi
2025-12-17 19:32:08,084 - INFO - Queued clip for gesture analysis: evidence/gesture_queue/incoming/gesture_82c76dd62c7c4de1adf67f0dbdb30706.avi
2025-12-17 19:32:08,084 - INFO - Clip queued for gesture worker: evidence/gesture_queue/incoming/gesture_82c76dd62c7c4de1adf67f0dbdb30706.avi
2025-12-17 19:32:08,173 - INFO - Tracking servo moved to 0°
2025-12-17 19:32:08,270 - INFO - Security event logged: TRACKING_MOVEMENT - unknown
2025-12-17 19:32:08,531 - INFO - Security event logged: VIDEO_gesture_candidate - unknown
2025-12-17 19:32:08,532 - INFO - Saved evidence clip: evidence/videos/gesture_candidate_unknown_20251217_193208.avi
2025-12-17 19:32:08,546 - INFO - Queued clip for gesture analysis: evidence/gesture_queue/incoming/gesture_542226a645794f4e8a9f9f84123d21fa.avi
2025-12-17 19:32:08,548 - INFO - Clip queued for gesture worker: evidence/gesture_queue/incoming/gesture_542226a645794f4e8a9f9f84123d21fa.avi
2025-12-17 19:32:08,907 - INFO - Security System stopped and cleaned up
2025-12-17 19:37:56,039 - INFO - Face recognition model loaded successfully
2025-12-17 19:37:56,040 - INFO - Known faces: ['owner']
2025-12-17 19:37:56,041 - INFO - Database setup completed
2025-12-17 19:37:56,041 - INFO - File storage setup completed
2025-12-17 19:37:56,054 - WARNING - No serial ports detected. Running in simulation mode.
2025-12-17 19:37:56,054 - INFO - Camera Tracking System initialized
2025-12-17 19:38:17,452 - INFO - Camera initialized successfully
2025-12-17 19:38:17,459 - INFO - Gesture result poller started
2025-12-17 19:38:17,460 - INFO - Security System STARTED - Press 'q' to quit, 't' to train, 'l' to lock door
2025-12-17 19:38:17,643 - WARNING - [ALERT] SECURITY ALERT: SUSPICIOUS_MOTION
2025-12-17 19:38:17,655 - WARNING - Alert logged: SUSPICIOUS_MOTION - HIGH - Suspicious movement detected near entrance
2025-12-17 19:38:17,655 - INFO - SMS to POLICE: SECURITY ALERT: SUSPICIOUS_MOTION - Suspicious movement detected near entrance - Location: Your Address
2025-12-17 19:38:17,656 - INFO - SMS to OWNER: HOME SECURITY: SUSPICIOUS_MOTION - Suspicious movement detected near entrance
2025-12-17 19:38:17,753 - INFO - Security event logged: GSM_ALERT_SENT - system
2025-12-17 19:38:17,759 - INFO - SECURITY RELAY ACTIVATED - Additional security measures enabled
2025-12-17 19:38:17,911 - INFO - Security event logged: RELAY_ACTIVATED - system
2025-12-17 19:38:19,471 - WARNING - Unknown person detected - starting tracking
2025-12-17 19:38:19,471 - WARNING - [ALERT] SECURITY ALERT: INTRUDER_DETECTED
2025-12-17 19:38:19,484 - WARNING - Alert logged: INTRUDER_DETECTED - CRITICAL - Unknown person attempting access
2025-12-17 19:38:19,484 - INFO - SMS to POLICE: SECURITY ALERT: INTRUDER_DETECTED - Unknown person attempting access - Location: Your Address
2025-12-17 19:38:19,485 - INFO - SMS to OWNER: HOME SECURITY: INTRUDER_DETECTED - Unknown person attempting access
2025-12-17 19:38:19,596 - INFO - Security event logged: GSM_ALERT_SENT - system
2025-12-17 19:38:19,597 - INFO - SECURITY RELAY ACTIVATED - Additional security measures enabled
2025-12-17 19:38:19,716 - INFO - Security event logged: RELAY_ACTIVATED - system
2025-12-17 19:38:19,716 - INFO - Tracking servo moved to 59°
2025-12-17 19:38:19,840 - INFO - Security event logged: TRACKING_MOVEMENT - unknown
2025-12-17 19:38:20,087 - INFO - Security event logged: VIDEO_gesture_candidate - unknown
2025-12-17 19:38:20,091 - INFO - Saved evidence clip: evidence/videos/gesture_candidate_unknown_20251217_193819.avi
2025-12-17 19:38:20,113 - INFO - Queued clip for gesture analysis: evidence/gesture_queue/incoming/gesture_6043ed93d50542bdb90a81add44e6bee.avi
2025-12-17 19:38:20,118 - INFO - Clip queued for gesture worker: evidence/gesture_queue/incoming/gesture_6043ed93d50542bdb90a81add44e6bee.avi
2025-12-17 19:38:20,213 - INFO - Tracking servo moved to 28°
2025-12-17 19:38:20,318 - INFO - Security event logged: TRACKING_MOVEMENT - unknown
2025-12-17 19:38:20,571 - INFO - Security event logged: VIDEO_gesture_candidate - unknown
2025-12-17 19:38:20,572 - INFO - Saved evidence clip: evidence/videos/gesture_candidate_unknown_20251217_193820.avi
2025-12-17 19:38:20,588 - INFO - Queued clip for gesture analysis: evidence/gesture_queue/incoming/gesture_0e30045a871949138dbf2227542b2f51.avi
2025-12-17 19:38:20,591 - INFO - Clip queued for gesture worker: evidence/gesture_queue/incoming/gesture_0e30045a871949138dbf2227542b2f51.avi
2025-12-17 19:38:20,636 - INFO - Tracking servo moved to 0°
2025-12-17 19:38:20,746 - INFO - Security event logged: TRACKING_MOVEMENT - unknown
2025-12-17 19:38:20,975 - INFO - Security event logged: VIDEO_gesture_candidate - unknown
2025-12-17 19:38:20,976 - INFO - Saved evidence clip: evidence/videos/gesture_candidate_unknown_20251217_193820.avi
2025-12-17 19:38:20,990 - INFO - Queued clip for gesture analysis: evidence/gesture_queue/incoming/gesture_dfe52c8a86ef42b190c8b0056035fb11.avi
2025-12-17 19:38:20,990 - INFO - Clip queued for gesture worker: evidence/gesture_queue/incoming/gesture_dfe52c8a86ef42b190c8b0056035fb11.avi
2025-12-17 19:38:21,259 - INFO - Tracking servo moved to 0°
2025-12-17 19:38:21,361 - INFO - Security event logged: TRACKING_MOVEMENT - unknown
2025-12-17 19:38:21,612 - INFO - Security event logged: VIDEO_gesture_candidate - unknown
2025-12-17 19:38:21,613 - INFO - Saved evidence clip: evidence/videos/gesture_candidate_unknown_20251217_193821.avi
2025-12-17 19:38:21,626 - INFO - Queued clip for gesture analysis: evidence/gesture_queue/incoming/gesture_f360f0a721214c3ba50bc226900cf9ec.avi
2025-12-17 19:38:21,628 - INFO - Clip queued for gesture worker: evidence/gesture_queue/incoming/gesture_f360f0a721214c3ba50bc226900cf9ec.avi
2025-12-17 19:38:24,062 - INFO - Tracking servo moved to 0°
2025-12-17 19:38:24,176 - INFO - Security event logged: TRACKING_MOVEMENT - unknown
2025-12-17 19:38:24,460 - INFO - Security event logged: VIDEO_gesture_candidate - unknown
2025-12-17 19:38:24,461 - INFO - Saved evidence clip: evidence/videos/gesture_candidate_unknown_20251217_193824.avi
2025-12-17 19:38:24,479 - INFO - Queued clip for gesture analysis: evidence/gesture_queue/incoming/gesture_6ce23fc38faa490a9249a7d10c7e7809.avi
2025-12-17 19:38:24,480 - INFO - Clip queued for gesture worker: evidence/gesture_queue/incoming/gesture_6ce23fc38faa490a9249a7d10c7e7809.avi
2025-12-17 19:38:24,528 - INFO - Tracking servo moved to 90°
2025-12-17 19:38:24,625 - INFO - Security event logged: TRACKING_MOVEMENT - unknown
2025-12-17 19:38:25,871 - WARNING - Unknown person detected - starting tracking
2025-12-17 19:38:25,871 - WARNING - [ALERT] SECURITY ALERT: INTRUDER_DETECTED
2025-12-17 19:38:25,886 - WARNING - Alert logged: INTRUDER_DETECTED - CRITICAL - Unknown person attempting access
2025-12-17 19:38:25,888 - INFO - SMS to POLICE: SECURITY ALERT: INTRUDER_DETECTED - Unknown person attempting access - Location: Your Address
2025-12-17 19:38:25,888 - INFO - SMS to OWNER: HOME SECURITY: INTRUDER_DETECTED - Unknown person attempting access
2025-12-17 19:38:26,011 - INFO - Security event logged: GSM_ALERT_SENT - system
2025-12-17 19:38:26,012 - INFO - SECURITY RELAY ACTIVATED - Additional security measures enabled
2025-12-17 19:38:26,136 - INFO - Security event logged: RELAY_ACTIVATED - system
2025-12-17 19:38:26,157 - INFO - Tracking servo moved to 96°
2025-12-17 19:38:26,275 - INFO - Security event logged: TRACKING_MOVEMENT - unknown
2025-12-17 19:38:26,529 - INFO - Security event logged: VIDEO_gesture_candidate - unknown
2025-12-17 19:38:26,530 - INFO - Saved evidence clip: evidence/videos/gesture_candidate_unknown_20251217_193826.avi
2025-12-17 19:38:26,544 - INFO - Queued clip for gesture analysis: evidence/gesture_queue/incoming/gesture_87284b57a5d948a68074f7d193f400ac.avi
2025-12-17 19:38:26,546 - INFO - Clip queued for gesture worker: evidence/gesture_queue/incoming/gesture_87284b57a5d948a68074f7d193f400ac.avi
2025-12-17 19:38:27,718 - INFO - Tracking servo moved to 100°
2025-12-17 19:38:27,824 - INFO - Security event logged: TRACKING_MOVEMENT - unknown
2025-12-17 19:38:28,122 - INFO - Security event logged: VIDEO_gesture_candidate - unknown
2025-12-17 19:38:28,123 - INFO - Saved evidence clip: evidence/videos/gesture_candidate_unknown_20251217_193827.avi
2025-12-17 19:38:28,144 - INFO - Queued clip for gesture analysis: evidence/gesture_queue/incoming/gesture_6df25585e4e64ee895ae0b869cdaa2b6.avi
2025-12-17 19:38:28,146 - INFO - Clip queued for gesture worker: evidence/gesture_queue/incoming/gesture_6df25585e4e64ee895ae0b869cdaa2b6.avi
2025-12-17 19:38:30,915 - INFO - Tracking servo moved to 90°
2025-12-17 19:38:31,027 - INFO - Security event logged: TRACKING_MOVEMENT - unknown
2025-12-17 19:38:33,090 - WARNING - Unknown person detected - starting tracking
2025-12-17 19:38:33,091 - WARNING - [ALERT] SECURITY ALERT: INTRUDER_DETECTED
2025-12-17 19:38:33,101 - WARNING - Alert logged: INTRUDER_DETECTED - CRITICAL - Unknown person attempting access
2025-12-17 19:38:33,102 - INFO - SMS to POLICE: SECURITY ALERT: INTRUDER_DETECTED - Unknown person attempting access - Location: Your Address
2025-12-17 19:38:33,102 - INFO - SMS to OWNER: HOME SECURITY: INTRUDER_DETECTED - Unknown person attempting access
2025-12-17 19:38:33,218 - INFO - Security event logged: GSM_ALERT_SENT - system
2025-12-17 19:38:33,219 - INFO - SECURITY RELAY ACTIVATED - Additional security measures enabled
2025-12-17 19:38:33,335 - INFO - Security event logged: RELAY_ACTIVATED - system
2025-12-17 19:38:33,336 - INFO - Tracking servo moved to 112°
2025-12-17 19:38:33,453 - INFO - Security event logged: TRACKING_MOVEMENT - unknown
2025-12-17 19:38:33,721 - INFO - Security event logged: VIDEO_gesture_candidate - unknown
2025-12-17 19:38:33,723 - INFO - Saved evidence clip: evidence/videos/gesture_candidate_unknown_20251217_193833.avi
2025-12-17 19:38:33,737 - INFO - Queued clip for gesture analysis: evidence/gesture_queue/incoming/gesture_29750dd743774974922ad178c746440d.avi
2025-12-17 19:38:33,738 - INFO - Clip queued for gesture worker: evidence/gesture_queue/incoming/gesture_29750dd743774974922ad178c746440d.avi
2025-12-17 19:38:38,117 - INFO - Tracking servo moved to 90°
2025-12-17 19:38:38,235 - INFO - Security event logged: TRACKING_MOVEMENT - unknown
2025-12-17 19:38:40,190 - WARNING - Unknown person detected - starting tracking
2025-12-17 19:38:40,190 - WARNING - [ALERT] SECURITY ALERT: INTRUDER_DETECTED
2025-12-17 19:38:40,202 - WARNING - Alert logged: INTRUDER_DETECTED - CRITICAL - Unknown person attempting access
2025-12-17 19:38:40,202 - INFO - SMS to POLICE: SECURITY ALERT: INTRUDER_DETECTED - Unknown person attempting access - Location: Your Address
2025-12-17 19:38:40,203 - INFO - SMS to OWNER: HOME SECURITY: INTRUDER_DETECTED - Unknown person attempting access
2025-12-17 19:38:40,308 - INFO - Security event logged: GSM_ALERT_SENT - system
2025-12-17 19:38:40,308 - INFO - SECURITY RELAY ACTIVATED - Additional security measures enabled
2025-12-17 19:38:40,429 - INFO - Security event logged: RELAY_ACTIVATED - system
2025-12-17 19:38:40,431 - INFO - Tracking servo moved to 112°
2025-12-17 19:38:40,525 - INFO - Security event logged: TRACKING_MOVEMENT - unknown
2025-12-17 19:38:40,784 - INFO - Security event logged: VIDEO_gesture_candidate - unknown
2025-12-17 19:38:40,785 - INFO - Saved evidence clip: evidence/videos/gesture_candidate_unknown_20251217_193840.avi
2025-12-17 19:38:40,801 - INFO - Queued clip for gesture analysis: evidence/gesture_queue/incoming/gesture_d9451fe8826b4f128aa303a75308d79b.avi
2025-12-17 19:38:40,804 - INFO - Clip queued for gesture worker: evidence/gesture_queue/incoming/gesture_d9451fe8826b4f128aa303a75308d79b.avi
2025-12-17 19:38:42,916 - INFO - Tracking servo moved to 122°
2025-12-17 19:38:43,010 - INFO - Security event logged: TRACKING_MOVEMENT - unknown
2025-12-17 19:38:43,258 - INFO - Security event logged: VIDEO_gesture_candidate - unknown
2025-12-17 19:38:43,258 - INFO - Saved evidence clip: evidence/videos/gesture_candidate_unknown_20251217_193843.avi
2025-12-17 19:38:43,272 - INFO - Queued clip for gesture analysis: evidence/gesture_queue/incoming/gesture_992c9f29615b441481ef29eb22704462.avi
2025-12-17 19:38:43,273 - INFO - Clip queued for gesture worker: evidence/gesture_queue/incoming/gesture_992c9f29615b441481ef29eb22704462.avi
2025-12-17 19:38:43,324 - INFO - Tracking servo moved to 133°
2025-12-17 19:38:43,431 - INFO - Security event logged: TRACKING_MOVEMENT - unknown
2025-12-17 19:38:43,664 - INFO - Security event logged: VIDEO_gesture_candidate - unknown
2025-12-17 19:38:43,665 - INFO - Saved evidence clip: evidence/videos/gesture_candidate_unknown_20251217_193843.avi
2025-12-17 19:38:43,678 - INFO - Queued clip for gesture analysis: evidence/gesture_queue/incoming/gesture_c2ecf6f41a344b2cbe57f8b2fd1d08ee.avi
2025-12-17 19:38:43,681 - INFO - Clip queued for gesture worker: evidence/gesture_queue/incoming/gesture_c2ecf6f41a344b2cbe57f8b2fd1d08ee.avi
2025-12-17 19:38:43,721 - INFO - Tracking servo moved to 142°
2025-12-17 19:38:43,814 - INFO - Security event logged: TRACKING_MOVEMENT - unknown
2025-12-17 19:38:44,082 - INFO - Security event logged: VIDEO_gesture_candidate - unknown
2025-12-17 19:38:44,083 - INFO - Saved evidence clip: evidence/videos/gesture_candidate_unknown_20251217_193843.avi
2025-12-17 19:38:44,095 - INFO - Queued clip for gesture analysis: evidence/gesture_queue/incoming/gesture_49695cfca2904397a6652d8a215dc076.avi
2025-12-17 19:38:44,096 - INFO - Clip queued for gesture worker: evidence/gesture_queue/incoming/gesture_49695cfca2904397a6652d8a215dc076.avi
2025-12-17 19:38:44,148 - INFO - Tracking servo moved to 151°
2025-12-17 19:38:44,258 - INFO - Security event logged: TRACKING_MOVEMENT - unknown
2025-12-17 19:38:44,529 - INFO - Security event logged: VIDEO_gesture_candidate - unknown
2025-12-17 19:38:44,530 - INFO - Saved evidence clip: evidence/videos/gesture_candidate_unknown_20251217_193844.avi
2025-12-17 19:38:44,545 - INFO - Queued clip for gesture analysis: evidence/gesture_queue/incoming/gesture_3a88800af744450d96339c88c954a58f.avi
2025-12-17 19:38:44,547 - INFO - Clip queued for gesture worker: evidence/gesture_queue/incoming/gesture_3a88800af744450d96339c88c954a58f.avi
2025-12-17 19:38:44,605 - INFO - Tracking servo moved to 159°
2025-12-17 19:38:44,715 - INFO - Security event logged: TRACKING_MOVEMENT - unknown
2025-12-17 19:38:44,993 - INFO - Security event logged: VIDEO_gesture_candidate - unknown
2025-12-17 19:38:44,994 - INFO - Saved evidence clip: evidence/videos/gesture_candidate_unknown_20251217_193844.avi
2025-12-17 19:38:45,008 - INFO - Queued clip for gesture analysis: evidence/gesture_queue/incoming/gesture_85005e7042704afb8b0514fe4bb5f6d9.avi
2025-12-17 19:38:45,008 - INFO - Clip queued for gesture worker: evidence/gesture_queue/incoming/gesture_85005e7042704afb8b0514fe4bb5f6d9.avi
2025-12-17 19:38:45,051 - INFO - Tracking servo moved to 167°
2025-12-17 19:38:45,140 - INFO - Security event logged: TRACKING_MOVEMENT - unknown
2025-12-17 19:38:45,423 - INFO - Security event logged: VIDEO_gesture_candidate - unknown
2025-12-17 19:38:45,436 - INFO - Saved evidence clip: evidence/videos/gesture_candidate_unknown_20251217_193845.avi
2025-12-17 19:38:45,460 - INFO - Queued clip for gesture analysis: evidence/gesture_queue/incoming/gesture_af8d2f568ae94b15b40c8c8881d3bc10.avi
2025-12-17 19:38:45,466 - INFO - Clip queued for gesture worker: evidence/gesture_queue/incoming/gesture_af8d2f568ae94b15b40c8c8881d3bc10.avi
2025-12-17 19:38:45,524 - INFO - Tracking servo moved to 177°
2025-12-17 19:38:45,677 - INFO - Security event logged: TRACKING_MOVEMENT - unknown
2025-12-17 19:38:45,930 - INFO - Security event logged: VIDEO_gesture_candidate - unknown
2025-12-17 19:38:45,931 - INFO - Saved evidence clip: evidence/videos/gesture_candidate_unknown_20251217_193845.avi
2025-12-17 19:38:45,951 - INFO - Queued clip for gesture analysis: evidence/gesture_queue/incoming/gesture_13e4a4f438d34ff59e2dcc39beee7318.avi
2025-12-17 19:38:45,957 - INFO - Clip queued for gesture worker: evidence/gesture_queue/incoming/gesture_13e4a4f438d34ff59e2dcc39beee7318.avi
2025-12-17 19:38:46,004 - INFO - Tracking servo moved to 180°
2025-12-17 19:38:46,105 - INFO - Security event logged: TRACKING_MOVEMENT - unknown
2025-12-17 19:38:46,386 - INFO - Security event logged: VIDEO_gesture_candidate - unknown
2025-12-17 19:38:46,387 - INFO - Saved evidence clip: evidence/videos/gesture_candidate_unknown_20251217_193846.avi
2025-12-17 19:38:46,403 - INFO - Queued clip for gesture analysis: evidence/gesture_queue/incoming/gesture_2eee1bbfa25141f28ffc6e0c94a616c1.avi
2025-12-17 19:38:46,403 - INFO - Clip queued for gesture worker: evidence/gesture_queue/incoming/gesture_2eee1bbfa25141f28ffc6e0c94a616c1.avi
2025-12-17 19:38:46,452 - INFO - Tracking servo moved to 180°
2025-12-17 19:38:46,554 - INFO - Security event logged: TRACKING_MOVEMENT - unknown
2025-12-17 19:38:46,831 - INFO - Security event logged: VIDEO_gesture_candidate - unknown
2025-12-17 19:38:46,832 - INFO - Saved evidence clip: evidence/videos/gesture_candidate_unknown_20251217_193846.avi
2025-12-17 19:38:46,850 - INFO - Queued clip for gesture analysis: evidence/gesture_queue/incoming/gesture_4d0205e6e8f042f5ae9733d08e14c41a.avi
2025-12-17 19:38:46,850 - INFO - Clip queued for gesture worker: evidence/gesture_queue/incoming/gesture_4d0205e6e8f042f5ae9733d08e14c41a.avi
2025-12-17 19:38:46,904 - INFO - Tracking servo moved to 180°
2025-12-17 19:38:47,010 - INFO - Security event logged: TRACKING_MOVEMENT - unknown
2025-12-17 19:38:47,305 - INFO - Security event logged: VIDEO_gesture_candidate - unknown
2025-12-17 19:38:47,305 - INFO - Saved evidence clip: evidence/videos/gesture_candidate_unknown_20251217_193847.avi
2025-12-17 19:38:47,319 - INFO - Queued clip for gesture analysis: evidence/gesture_queue/incoming/gesture_366a47599f4e4f89b45424ce148a3e9c.avi
2025-12-17 19:38:47,320 - INFO - Clip queued for gesture worker: evidence/gesture_queue/incoming/gesture_366a47599f4e4f89b45424ce148a3e9c.avi
2025-12-17 19:38:47,366 - INFO - Tracking servo moved to 180°
2025-12-17 19:38:47,467 - INFO - Security event logged: TRACKING_MOVEMENT - unknown
2025-12-17 19:38:47,812 - INFO - Security event logged: VIDEO_gesture_candidate - unknown
2025-12-17 19:38:47,813 - INFO - Saved evidence clip: evidence/videos/gesture_candidate_unknown_20251217_193847.avi
2025-12-17 19:38:47,830 - INFO - Queued clip for gesture analysis: evidence/gesture_queue/incoming/gesture_f15e50010f6748839334e0168ba71f98.avi
2025-12-17 19:38:47,832 - INFO - Clip queued for gesture worker: evidence/gesture_queue/incoming/gesture_f15e50010f6748839334e0168ba71f98.avi
2025-12-17 19:38:47,888 - INFO - Tracking servo moved to 180°
2025-12-17 19:38:48,000 - INFO - Security event logged: TRACKING_MOVEMENT - unknown
2025-12-17 19:38:48,292 - INFO - Security event logged: VIDEO_gesture_candidate - unknown
2025-12-17 19:38:48,293 - INFO - Saved evidence clip: evidence/videos/gesture_candidate_unknown_20251217_193848.avi
2025-12-17 19:38:48,315 - INFO - Queued clip for gesture analysis: evidence/gesture_queue/incoming/gesture_7affdb5546794923b3d4adb24eba2955.avi
2025-12-17 19:38:48,316 - INFO - Clip queued for gesture worker: evidence/gesture_queue/incoming/gesture_7affdb5546794923b3d4adb24eba2955.avi
2025-12-17 19:38:48,368 - INFO - Tracking servo moved to 180°
2025-12-17 19:38:48,467 - INFO - Security event logged: TRACKING_MOVEMENT - unknown
2025-12-17 19:38:48,714 - INFO - Security event logged: VIDEO_gesture_candidate - unknown
2025-12-17 19:38:48,714 - INFO - Saved evidence clip: evidence/videos/gesture_candidate_unknown_20251217_193848.avi
2025-12-17 19:38:48,731 - INFO - Queued clip for gesture analysis: evidence/gesture_queue/incoming/gesture_8a165700ed92403481470c45311461bb.avi
2025-12-17 19:38:48,732 - INFO - Clip queued for gesture worker: evidence/gesture_queue/incoming/gesture_8a165700ed92403481470c45311461bb.avi
2025-12-17 19:38:48,780 - INFO - Tracking servo moved to 180°
2025-12-17 19:38:48,882 - INFO - Security event logged: TRACKING_MOVEMENT - unknown
2025-12-17 19:38:49,190 - INFO - Security event logged: VIDEO_gesture_candidate - unknown
2025-12-17 19:38:49,191 - INFO - Saved evidence clip: evidence/videos/gesture_candidate_unknown_20251217_193848.avi
2025-12-17 19:38:49,204 - INFO - Queued clip for gesture analysis: evidence/gesture_queue/incoming/gesture_9f5afaab469b46f5a816ea5d6c4be7f7.avi
2025-12-17 19:38:49,205 - INFO - Clip queued for gesture worker: evidence/gesture_queue/incoming/gesture_9f5afaab469b46f5a816ea5d6c4be7f7.avi
2025-12-17 19:38:49,251 - INFO - Tracking servo moved to 180°
2025-12-17 19:38:49,346 - INFO - Security event logged: TRACKING_MOVEMENT - unknown
2025-12-17 19:38:49,615 - INFO - Security event logged: VIDEO_gesture_candidate - unknown
2025-12-17 19:38:49,617 - INFO - Saved evidence clip: evidence/videos/gesture_candidate_unknown_20251217_193849.avi
2025-12-17 19:38:49,636 - INFO - Queued clip for gesture analysis: evidence/gesture_queue/incoming/gesture_ef5e44b38f50441da586865924273603.avi
2025-12-17 19:38:49,636 - INFO - Clip queued for gesture worker: evidence/gesture_queue/incoming/gesture_ef5e44b38f50441da586865924273603.avi
2025-12-17 19:38:49,695 - INFO - Tracking servo moved to 180°
2025-12-17 19:38:49,810 - INFO - Security event logged: TRACKING_MOVEMENT - unknown
2025-12-17 19:38:50,090 - INFO - Security event logged: VIDEO_gesture_candidate - unknown
2025-12-17 19:38:50,092 - INFO - Saved evidence clip: evidence/videos/gesture_candidate_unknown_20251217_193849.avi
2025-12-17 19:38:50,105 - INFO - Queued clip for gesture analysis: evidence/gesture_queue/incoming/gesture_3340e538929448cea6b88f3efeb952b2.avi
2025-12-17 19:38:50,106 - INFO - Clip queued for gesture worker: evidence/gesture_queue/incoming/gesture_3340e538929448cea6b88f3efeb952b2.avi
2025-12-17 19:38:50,160 - INFO - Tracking servo moved to 180°
2025-12-17 19:38:50,273 - INFO - Security event logged: TRACKING_MOVEMENT - unknown
2025-12-17 19:38:50,533 - INFO - Security event logged: VIDEO_gesture_candidate - unknown
2025-12-17 19:38:50,534 - INFO - Saved evidence clip: evidence/videos/gesture_candidate_unknown_20251217_193850.avi
2025-12-17 19:38:50,548 - INFO - Queued clip for gesture analysis: evidence/gesture_queue/incoming/gesture_887535d2bca248058c3c4795e2d367a4.avi
2025-12-17 19:38:50,550 - INFO - Clip queued for gesture worker: evidence/gesture_queue/incoming/gesture_887535d2bca248058c3c4795e2d367a4.avi
2025-12-17 19:38:50,602 - INFO - Tracking servo moved to 180°
2025-12-17 19:38:50,707 - INFO - Security event logged: TRACKING_MOVEMENT - unknown
2025-12-17 19:38:51,013 - INFO - Security event logged: VIDEO_gesture_candidate - unknown
2025-12-17 19:38:51,014 - INFO - Saved evidence clip: evidence/videos/gesture_candidate_unknown_20251217_193850.avi
2025-12-17 19:38:51,034 - INFO - Queued clip for gesture analysis: evidence/gesture_queue/incoming/gesture_a33b443622e5452cb423d5003c90ccda.avi
2025-12-17 19:38:51,034 - INFO - Clip queued for gesture worker: evidence/gesture_queue/incoming/gesture_a33b443622e5452cb423d5003c90ccda.avi
2025-12-17 19:38:51,092 - INFO - Tracking servo moved to 180°
2025-12-17 19:38:51,205 - INFO - Security event logged: TRACKING_MOVEMENT - unknown
2025-12-17 19:38:51,495 - INFO - Security event logged: VIDEO_gesture_candidate - unknown
2025-12-17 19:38:51,496 - INFO - Saved evidence clip: evidence/videos/gesture_candidate_unknown_20251217_193851.avi
2025-12-17 19:38:51,512 - INFO - Queued clip for gesture analysis: evidence/gesture_queue/incoming/gesture_070fdbdfd11b4e229ecaa629f9c7ccc8.avi
2025-12-17 19:38:51,514 - INFO - Clip queued for gesture worker: evidence/gesture_queue/incoming/gesture_070fdbdfd11b4e229ecaa629f9c7ccc8.avi
2025-12-17 19:38:51,564 - INFO - Tracking servo moved to 180°
2025-12-17 19:38:51,664 - INFO - Security event logged: TRACKING_MOVEMENT - unknown
2025-12-17 19:38:51,958 - INFO - Security event logged: VIDEO_gesture_candidate - unknown
2025-12-17 19:38:51,960 - INFO - Saved evidence clip: evidence/videos/gesture_candidate_unknown_20251217_193851.avi
2025-12-17 19:38:51,974 - INFO - Queued clip for gesture analysis: evidence/gesture_queue/incoming/gesture_335dabf60231408fb61f954b03e8674d.avi
2025-12-17 19:38:51,975 - INFO - Clip queued for gesture worker: evidence/gesture_queue/incoming/gesture_335dabf60231408fb61f954b03e8674d.avi
2025-12-17 19:38:52,027 - INFO - Tracking servo moved to 180°
2025-12-17 19:38:52,142 - INFO - Security event logged: TRACKING_MOVEMENT - unknown
2025-12-17 19:38:52,450 - INFO - Security event logged: VIDEO_gesture_candidate - unknown
2025-12-17 19:38:52,451 - INFO - Saved evidence clip: evidence/videos/gesture_candidate_unknown_20251217_193852.avi
2025-12-17 19:38:52,467 - INFO - Queued clip for gesture analysis: evidence/gesture_queue/incoming/gesture_387cb53f35b148a19d5243ce485c73b5.avi
2025-12-17 19:38:52,468 - INFO - Clip queued for gesture worker: evidence/gesture_queue/incoming/gesture_387cb53f35b148a19d5243ce485c73b5.avi
2025-12-17 19:38:52,510 - INFO - Tracking servo moved to 180°
2025-12-17 19:38:52,613 - INFO - Security event logged: TRACKING_MOVEMENT - unknown
2025-12-17 19:38:52,901 - INFO - Security event logged: VIDEO_gesture_candidate - unknown
2025-12-17 19:38:52,902 - INFO - Saved evidence clip: evidence/videos/gesture_candidate_unknown_20251217_193852.avi
2025-12-17 19:38:52,918 - INFO - Queued clip for gesture analysis: evidence/gesture_queue/incoming/gesture_9e2ff215a6c14f089292b313a3871026.avi
2025-12-17 19:38:52,918 - INFO - Clip queued for gesture worker: evidence/gesture_queue/incoming/gesture_9e2ff215a6c14f089292b313a3871026.avi
2025-12-17 19:38:52,958 - INFO - Tracking servo moved to 180°
2025-12-17 19:38:53,056 - INFO - Security event logged: TRACKING_MOVEMENT - unknown
2025-12-17 19:38:53,330 - INFO - Security event logged: VIDEO_gesture_candidate - unknown
2025-12-17 19:38:53,331 - INFO - Saved evidence clip: evidence/videos/gesture_candidate_unknown_20251217_193853.avi
2025-12-17 19:38:53,352 - INFO - Queued clip for gesture analysis: evidence/gesture_queue/incoming/gesture_93d56334dcbf45f9b50de6437ee67c04.avi
2025-12-17 19:38:53,357 - INFO - Clip queued for gesture worker: evidence/gesture_queue/incoming/gesture_93d56334dcbf45f9b50de6437ee67c04.avi
2025-12-17 19:38:53,393 - INFO - Tracking servo moved to 90°
2025-12-17 19:38:53,512 - INFO - Security event logged: TRACKING_MOVEMENT - unknown
2025-12-17 19:38:56,791 - WARNING - Unknown person detected - starting tracking
2025-12-17 19:38:56,791 - WARNING - [ALERT] SECURITY ALERT: INTRUDER_DETECTED
2025-12-17 19:38:56,804 - WARNING - Alert logged: INTRUDER_DETECTED - CRITICAL - Unknown person attempting access
2025-12-17 19:38:56,804 - INFO - SMS to POLICE: SECURITY ALERT: INTRUDER_DETECTED - Unknown person attempting access - Location: Your Address
2025-12-17 19:38:56,804 - INFO - SMS to OWNER: HOME SECURITY: INTRUDER_DETECTED - Unknown person attempting access
2025-12-17 19:38:56,927 - INFO - Security event logged: GSM_ALERT_SENT - system
2025-12-17 19:38:56,928 - INFO - SECURITY RELAY ACTIVATED - Additional security measures enabled
2025-12-17 19:38:57,053 - INFO - Security event logged: RELAY_ACTIVATED - system
2025-12-17 19:38:57,309 - INFO - Security event logged: VIDEO_gesture_candidate - unknown
2025-12-17 19:38:57,310 - INFO - Saved evidence clip: evidence/videos/gesture_candidate_unknown_20251217_193857.avi
2025-12-17 19:38:57,324 - INFO - Queued clip for gesture analysis: evidence/gesture_queue/incoming/gesture_3ffc8c3313a54d179b3097838a12658e.avi
2025-12-17 19:38:57,325 - INFO - Clip queued for gesture worker: evidence/gesture_queue/incoming/gesture_3ffc8c3313a54d179b3097838a12658e.avi
2025-12-17 19:38:57,689 - INFO - Security event logged: VIDEO_gesture_candidate - unknown
2025-12-17 19:38:57,690 - INFO - Saved evidence clip: evidence/videos/gesture_candidate_unknown_20251217_193857.avi
2025-12-17 19:38:57,707 - INFO - Queued clip for gesture analysis: evidence/gesture_queue/incoming/gesture_96d4acc1c8e84b2a84640a92014c0b7c.avi
2025-12-17 19:38:57,708 - INFO - Clip queued for gesture worker: evidence/gesture_queue/incoming/gesture_96d4acc1c8e84b2a84640a92014c0b7c.avi
2025-12-17 19:38:58,009 - INFO - Security event logged: VIDEO_gesture_candidate - unknown
2025-12-17 19:38:58,010 - INFO - Saved evidence clip: evidence/videos/gesture_candidate_unknown_20251217_193857.avi
2025-12-17 19:38:58,026 - INFO - Queued clip for gesture analysis: evidence/gesture_queue/incoming/gesture_78bd7aeb007c49beb7b5e3283dadf650.avi
2025-12-17 19:38:58,026 - INFO - Clip queued for gesture worker: evidence/gesture_queue/incoming/gesture_78bd7aeb007c49beb7b5e3283dadf650.avi
2025-12-17 19:38:58,325 - INFO - Security event logged: VIDEO_gesture_candidate - unknown
2025-12-17 19:38:58,325 - INFO - Saved evidence clip: evidence/videos/gesture_candidate_unknown_20251217_193858.avi
2025-12-17 19:38:58,342 - INFO - Queued clip for gesture analysis: evidence/gesture_queue/incoming/gesture_055ddb5720c145bf8bc5fb62cd943b04.avi
2025-12-17 19:38:58,344 - INFO - Clip queued for gesture worker: evidence/gesture_queue/incoming/gesture_055ddb5720c145bf8bc5fb62cd943b04.avi
2025-12-17 19:39:01,794 - INFO - Tracking servo moved to 90°
2025-12-17 19:39:01,907 - INFO - Security event logged: TRACKING_MOVEMENT - unknown
2025-12-17 19:39:04,931 - WARNING - Unknown person detected - starting tracking
2025-12-17 19:39:04,931 - WARNING - [ALERT] SECURITY ALERT: INTRUDER_DETECTED
2025-12-17 19:39:04,943 - WARNING - Alert logged: INTRUDER_DETECTED - CRITICAL - Unknown person attempting access
2025-12-17 19:39:04,944 - INFO - SMS to POLICE: SECURITY ALERT: INTRUDER_DETECTED - Unknown person attempting access - Location: Your Address
2025-12-17 19:39:04,944 - INFO - SMS to OWNER: HOME SECURITY: INTRUDER_DETECTED - Unknown person attempting access
2025-12-17 19:39:05,064 - INFO - Security event logged: GSM_ALERT_SENT - system
2025-12-17 19:39:05,064 - INFO - SECURITY RELAY ACTIVATED - Additional security measures enabled
2025-12-17 19:39:05,182 - INFO - Security event logged: RELAY_ACTIVATED - system
2025-12-17 19:39:05,183 - INFO - Tracking servo moved to 99°
2025-12-17 19:39:05,303 - INFO - Security event logged: TRACKING_MOVEMENT - unknown
2025-12-17 19:39:05,587 - INFO - Security event logged: VIDEO_gesture_candidate - unknown
2025-12-17 19:39:05,588 - INFO - Saved evidence clip: evidence/videos/gesture_candidate_unknown_20251217_193905.avi
2025-12-17 19:39:05,602 - INFO - Queued clip for gesture analysis: evidence/gesture_queue/incoming/gesture_a246fca85fdf45d4b72b675227b1d07f.avi
2025-12-17 19:39:05,603 - INFO - Clip queued for gesture worker: evidence/gesture_queue/incoming/gesture_a246fca85fdf45d4b72b675227b1d07f.avi
2025-12-17 19:39:10,197 - INFO - Security event logged: VIDEO_gesture_candidate - unknown
2025-12-17 19:39:10,198 - INFO - Saved evidence clip: evidence/videos/gesture_candidate_unknown_20251217_193909.avi
2025-12-17 19:39:10,215 - INFO - Queued clip for gesture analysis: evidence/gesture_queue/incoming/gesture_2a8c5da644e24cc78e46c7e360ef3c04.avi
2025-12-17 19:39:10,216 - INFO - Clip queued for gesture worker: evidence/gesture_queue/incoming/gesture_2a8c5da644e24cc78e46c7e360ef3c04.avi
2025-12-17 19:39:10,254 - INFO - Tracking servo moved to 90°
2025-12-17 19:39:10,350 - INFO - Security event logged: TRACKING_MOVEMENT - unknown
2025-12-17 19:39:10,503 - WARNING - Unknown person detected - starting tracking
2025-12-17 19:39:10,504 - WARNING - [ALERT] SECURITY ALERT: INTRUDER_DETECTED
2025-12-17 19:39:10,513 - WARNING - Alert logged: INTRUDER_DETECTED - CRITICAL - Unknown person attempting access
2025-12-17 19:39:10,513 - INFO - SMS to POLICE: SECURITY ALERT: INTRUDER_DETECTED - Unknown person attempting access - Location: Your Address
2025-12-17 19:39:10,514 - INFO - SMS to OWNER: HOME SECURITY: INTRUDER_DETECTED - Unknown person attempting access
2025-12-17 19:39:10,615 - INFO - Security event logged: GSM_ALERT_SENT - system
2025-12-17 19:39:10,615 - INFO - SECURITY RELAY ACTIVATED - Additional security measures enabled
2025-12-17 19:39:10,740 - INFO - Security event logged: RELAY_ACTIVATED - system
2025-12-17 19:39:10,741 - INFO - Tracking servo moved to 99°
2025-12-17 19:39:10,867 - INFO - Security event logged: TRACKING_MOVEMENT - unknown
2025-12-17 19:39:11,144 - INFO - Security event logged: VIDEO_gesture_candidate - unknown
2025-12-17 19:39:11,144 - INFO - Saved evidence clip: evidence/videos/gesture_candidate_unknown_20251217_193910.avi
2025-12-17 19:39:11,160 - INFO - Queued clip for gesture analysis: evidence/gesture_queue/incoming/gesture_20c8e373b3384cbcbfd7858fe2a3227a.avi
2025-12-17 19:39:11,166 - INFO - Clip queued for gesture worker: evidence/gesture_queue/incoming/gesture_20c8e373b3384cbcbfd7858fe2a3227a.avi
2025-12-17 19:39:11,212 - INFO - Tracking servo moved to 108°
2025-12-17 19:39:11,326 - INFO - Security event logged: TRACKING_MOVEMENT - unknown
2025-12-17 19:39:11,615 - INFO - Security event logged: VIDEO_gesture_candidate - unknown
2025-12-17 19:39:11,617 - INFO - Saved evidence clip: evidence/videos/gesture_candidate_unknown_20251217_193911.avi
2025-12-17 19:39:11,636 - INFO - Queued clip for gesture analysis: evidence/gesture_queue/incoming/gesture_5f17ef994c7c47d797d4bfb3df1f83b1.avi
2025-12-17 19:39:11,641 - INFO - Clip queued for gesture worker: evidence/gesture_queue/incoming/gesture_5f17ef994c7c47d797d4bfb3df1f83b1.avi
2025-12-17 19:39:11,685 - INFO - Tracking servo moved to 118°
2025-12-17 19:39:11,793 - INFO - Security event logged: TRACKING_MOVEMENT - unknown
2025-12-17 19:39:12,053 - INFO - Security event logged: VIDEO_gesture_candidate - unknown
2025-12-17 19:39:12,054 - INFO - Saved evidence clip: evidence/videos/gesture_candidate_unknown_20251217_193911.avi
2025-12-17 19:39:12,069 - INFO - Queued clip for gesture analysis: evidence/gesture_queue/incoming/gesture_57c111fe1ecb4f1fa82bb44324f1c8bd.avi
2025-12-17 19:39:12,069 - INFO - Clip queued for gesture worker: evidence/gesture_queue/incoming/gesture_57c111fe1ecb4f1fa82bb44324f1c8bd.avi
2025-12-17 19:39:12,107 - INFO - Tracking servo moved to 130°
2025-12-17 19:39:12,225 - INFO - Security event logged: TRACKING_MOVEMENT - unknown
2025-12-17 19:39:12,513 - INFO - Security event logged: VIDEO_gesture_candidate - unknown
2025-12-17 19:39:12,513 - INFO - Saved evidence clip: evidence/videos/gesture_candidate_unknown_20251217_193912.avi
2025-12-17 19:39:12,530 - INFO - Queued clip for gesture analysis: evidence/gesture_queue/incoming/gesture_a1dd8d3850c24c6f8168b4f436444d8d.avi
2025-12-17 19:39:12,531 - INFO - Clip queued for gesture worker: evidence/gesture_queue/incoming/gesture_a1dd8d3850c24c6f8168b4f436444d8d.avi
2025-12-17 19:39:12,581 - INFO - Tracking servo moved to 144°
2025-12-17 19:39:12,688 - INFO - Security event logged: TRACKING_MOVEMENT - unknown
2025-12-17 19:39:12,972 - INFO - Security event logged: VIDEO_gesture_candidate - unknown
2025-12-17 19:39:12,972 - INFO - Saved evidence clip: evidence/videos/gesture_candidate_unknown_20251217_193912.avi
2025-12-17 19:39:12,986 - INFO - Queued clip for gesture analysis: evidence/gesture_queue/incoming/gesture_9e151553262d410b88a9649af258b199.avi
2025-12-17 19:39:12,986 - INFO - Clip queued for gesture worker: evidence/gesture_queue/incoming/gesture_9e151553262d410b88a9649af258b199.avi
2025-12-17 19:39:13,029 - INFO - Tracking servo moved to 159°
2025-12-17 19:39:13,134 - INFO - Security event logged: TRACKING_MOVEMENT - unknown
2025-12-17 19:39:13,413 - INFO - Security event logged: VIDEO_gesture_candidate - unknown
2025-12-17 19:39:13,414 - INFO - Saved evidence clip: evidence/videos/gesture_candidate_unknown_20251217_193913.avi
2025-12-17 19:39:13,433 - INFO - Queued clip for gesture analysis: evidence/gesture_queue/incoming/gesture_c1f805e562db4df884244ebf6b402527.avi
2025-12-17 19:39:13,434 - INFO - Clip queued for gesture worker: evidence/gesture_queue/incoming/gesture_c1f805e562db4df884244ebf6b402527.avi
2025-12-17 19:39:13,486 - INFO - Tracking servo moved to 177°
2025-12-17 19:39:13,595 - INFO - Security event logged: TRACKING_MOVEMENT - unknown
2025-12-17 19:39:13,898 - INFO - Security event logged: VIDEO_gesture_candidate - unknown
2025-12-17 19:39:13,901 - INFO - Saved evidence clip: evidence/videos/gesture_candidate_unknown_20251217_193913.avi
2025-12-17 19:39:13,918 - INFO - Queued clip for gesture analysis: evidence/gesture_queue/incoming/gesture_a64436f1b6de44ed87e2a9ac93b42281.avi
2025-12-17 19:39:13,921 - INFO - Clip queued for gesture worker: evidence/gesture_queue/incoming/gesture_a64436f1b6de44ed87e2a9ac93b42281.avi
2025-12-17 19:39:13,966 - INFO - Tracking servo moved to 180°
2025-12-17 19:39:14,064 - INFO - Security event logged: TRACKING_MOVEMENT - unknown
2025-12-17 19:39:14,337 - INFO - Security event logged: VIDEO_gesture_candidate - unknown
2025-12-17 19:39:14,338 - INFO - Saved evidence clip: evidence/videos/gesture_candidate_unknown_20251217_193914.avi
2025-12-17 19:39:14,353 - INFO - Queued clip for gesture analysis: evidence/gesture_queue/incoming/gesture_9185089297314386a9a79c1110758bae.avi
2025-12-17 19:39:14,363 - INFO - Clip queued for gesture worker: evidence/gesture_queue/incoming/gesture_9185089297314386a9a79c1110758bae.avi
2025-12-17 19:39:14,423 - INFO - Tracking servo moved to 180°
2025-12-17 19:39:14,528 - INFO - Security event logged: TRACKING_MOVEMENT - unknown
2025-12-17 19:39:14,821 - INFO - Security event logged: VIDEO_gesture_candidate - unknown
2025-12-17 19:39:14,823 - INFO - Saved evidence clip: evidence/videos/gesture_candidate_unknown_20251217_193914.avi
2025-12-17 19:39:14,839 - INFO - Queued clip for gesture analysis: evidence/gesture_queue/incoming/gesture_5472e937ddb14bc2a6b81e5259ae17d9.avi
2025-12-17 19:39:14,839 - INFO - Clip queued for gesture worker: evidence/gesture_queue/incoming/gesture_5472e937ddb14bc2a6b81e5259ae17d9.avi
2025-12-17 19:39:14,896 - INFO - Tracking servo moved to 180°
2025-12-17 19:39:15,004 - INFO - Security event logged: TRACKING_MOVEMENT - unknown
2025-12-17 19:39:15,299 - INFO - Security event logged: VIDEO_gesture_candidate - unknown
2025-12-17 19:39:15,301 - INFO - Saved evidence clip: evidence/videos/gesture_candidate_unknown_20251217_193915.avi
2025-12-17 19:39:15,316 - INFO - Queued clip for gesture analysis: evidence/gesture_queue/incoming/gesture_4e34489b84df4b63bd9ece088f646932.avi
2025-12-17 19:39:15,316 - INFO - Clip queued for gesture worker: evidence/gesture_queue/incoming/gesture_4e34489b84df4b63bd9ece088f646932.avi
2025-12-17 19:39:15,354 - INFO - Tracking servo moved to 180°
2025-12-17 19:39:15,457 - INFO - Security event logged: TRACKING_MOVEMENT - unknown
2025-12-17 19:39:15,750 - INFO - Security event logged: VIDEO_gesture_candidate - unknown
2025-12-17 19:39:15,754 - INFO - Saved evidence clip: evidence/videos/gesture_candidate_unknown_20251217_193915.avi
2025-12-17 19:39:15,783 - INFO - Queued clip for gesture analysis: evidence/gesture_queue/incoming/gesture_32c4d5fc401b45a193d0e0b334dd3e86.avi
2025-12-17 19:39:15,784 - INFO - Clip queued for gesture worker: evidence/gesture_queue/incoming/gesture_32c4d5fc401b45a193d0e0b334dd3e86.avi
2025-12-17 19:39:15,840 - INFO - Tracking servo moved to 180°
2025-12-17 19:39:15,953 - INFO - Security event logged: TRACKING_MOVEMENT - unknown
2025-12-17 19:39:16,257 - INFO - Security event logged: VIDEO_gesture_candidate - unknown
2025-12-17 19:39:16,259 - INFO - Saved evidence clip: evidence/videos/gesture_candidate_unknown_20251217_193915.avi
2025-12-17 19:39:16,279 - INFO - Queued clip for gesture analysis: evidence/gesture_queue/incoming/gesture_2d52327abf424e7f86b5ef7c21c9c82b.avi
2025-12-17 19:39:16,280 - INFO - Clip queued for gesture worker: evidence/gesture_queue/incoming/gesture_2d52327abf424e7f86b5ef7c21c9c82b.avi
2025-12-17 19:39:16,326 - INFO - Tracking servo moved to 180°
2025-12-17 19:39:16,438 - INFO - Security event logged: TRACKING_MOVEMENT - unknown
2025-12-17 19:39:16,709 - INFO - Security event logged: VIDEO_gesture_candidate - unknown
2025-12-17 19:39:16,709 - INFO - Saved evidence clip: evidence/videos/gesture_candidate_unknown_20251217_193916.avi
2025-12-17 19:39:16,726 - INFO - Queued clip for gesture analysis: evidence/gesture_queue/incoming/gesture_8248b03ed15e42c0bce337f3c8f77863.avi
2025-12-17 19:39:16,726 - INFO - Clip queued for gesture worker: evidence/gesture_queue/incoming/gesture_8248b03ed15e42c0bce337f3c8f77863.avi
2025-12-17 19:39:16,771 - INFO - Tracking servo moved to 180°
2025-12-17 19:39:16,873 - INFO - Security event logged: TRACKING_MOVEMENT - unknown
2025-12-17 19:39:17,158 - INFO - Security event logged: VIDEO_gesture_candidate - unknown
2025-12-17 19:39:17,160 - INFO - Saved evidence clip: evidence/videos/gesture_candidate_unknown_20251217_193916.avi
2025-12-17 19:39:17,172 - INFO - Queued clip for gesture analysis: evidence/gesture_queue/incoming/gesture_09e41239b18f4232a2cd1e8290afd08d.avi
2025-12-17 19:39:17,174 - INFO - Clip queued for gesture worker: evidence/gesture_queue/incoming/gesture_09e41239b18f4232a2cd1e8290afd08d.avi
2025-12-17 19:39:17,221 - INFO - Tracking servo moved to 180°
2025-12-17 19:39:17,323 - INFO - Security event logged: TRACKING_MOVEMENT - unknown
2025-12-17 19:39:17,598 - INFO - Security event logged: VIDEO_gesture_candidate - unknown
2025-12-17 19:39:17,599 - INFO - Saved evidence clip: evidence/videos/gesture_candidate_unknown_20251217_193917.avi
2025-12-17 19:39:17,615 - INFO - Queued clip for gesture analysis: evidence/gesture_queue/incoming/gesture_29057337dee64651a1ab0aec5594d688.avi
2025-12-17 19:39:17,616 - INFO - Clip queued for gesture worker: evidence/gesture_queue/incoming/gesture_29057337dee64651a1ab0aec5594d688.avi
2025-12-17 19:39:17,654 - INFO - Tracking servo moved to 180°
2025-12-17 19:39:17,750 - INFO - Security event logged: TRACKING_MOVEMENT - unknown
2025-12-17 19:39:18,027 - INFO - Security event logged: VIDEO_gesture_candidate - unknown
2025-12-17 19:39:18,028 - INFO - Saved evidence clip: evidence/videos/gesture_candidate_unknown_20251217_193917.avi
2025-12-17 19:39:18,043 - INFO - Queued clip for gesture analysis: evidence/gesture_queue/incoming/gesture_8a3af7fd3a974306bcd1c9fb4d4066eb.avi
2025-12-17 19:39:18,043 - INFO - Clip queued for gesture worker: evidence/gesture_queue/incoming/gesture_8a3af7fd3a974306bcd1c9fb4d4066eb.avi
2025-12-17 19:39:18,044 - WARNING - [ALERT] SECURITY ALERT: SUSPICIOUS_MOTION
2025-12-17 19:39:18,096 - WARNING - Alert logged: SUSPICIOUS_MOTION - HIGH - Suspicious movement detected near entrance
2025-12-17 19:39:18,097 - INFO - SMS to POLICE: SECURITY ALERT: SUSPICIOUS_MOTION - Suspicious movement detected near entrance - Location: Your Address
2025-12-17 19:39:18,097 - INFO - SMS to OWNER: HOME SECURITY: SUSPICIOUS_MOTION - Suspicious movement detected near entrance
2025-12-17 19:39:18,218 - INFO - Security event logged: GSM_ALERT_SENT - system
2025-12-17 19:39:18,220 - INFO - SECURITY RELAY ACTIVATED - Additional security measures enabled
2025-12-17 19:39:18,328 - INFO - Security event logged: RELAY_ACTIVATED - system
2025-12-17 19:39:18,384 - INFO - Tracking servo moved to 180°
2025-12-17 19:39:18,500 - INFO - Security event logged: TRACKING_MOVEMENT - unknown
2025-12-17 19:39:18,768 - INFO - Security event logged: VIDEO_gesture_candidate - unknown
2025-12-17 19:39:18,769 - INFO - Saved evidence clip: evidence/videos/gesture_candidate_unknown_20251217_193918.avi
2025-12-17 19:39:18,782 - INFO - Queued clip for gesture analysis: evidence/gesture_queue/incoming/gesture_97e61bc38dab4e52b3b0b04959cb65fe.avi
2025-12-17 19:39:18,782 - INFO - Clip queued for gesture worker: evidence/gesture_queue/incoming/gesture_97e61bc38dab4e52b3b0b04959cb65fe.avi
2025-12-17 19:39:18,826 - INFO - Tracking servo moved to 90°
2025-12-17 19:39:18,939 - INFO - Security event logged: TRACKING_MOVEMENT - unknown
2025-12-17 19:39:19,765 - INFO - Security System stopped and cleaned up
2025-12-17 19:47:53,253 - INFO - Face recognition model loaded successfully
2025-12-17 19:47:53,255 - INFO - Known faces: ['owner']
2025-12-17 19:47:53,257 - INFO - Database setup completed
2025-12-17 19:47:53,257 - INFO - File storage setup completed
2025-12-17 19:47:53,278 - WARNING - No serial ports detected. Running in simulation mode.
2025-12-17 19:47:53,278 - INFO - Camera Tracking System initialized
2025-12-17 19:47:53,281 - INFO - Gesture result poller started
2025-12-17 19:47:53,281 - INFO - Security System STARTED - Press 'q' to quit, 't' to train, 'l' to lock door
2025-12-17 19:47:55,257 - WARNING - [ALERT] SECURITY ALERT: SUSPICIOUS_MOTION
2025-12-17 19:47:55,266 - WARNING - Alert logged: SUSPICIOUS_MOTION - HIGH - Suspicious movement detected near entrance
2025-12-17 19:47:55,266 - INFO - SMS to POLICE: SECURITY ALERT: SUSPICIOUS_MOTION - Suspicious movement detected near entrance - Location: Your Address
2025-12-17 19:47:55,266 - INFO - SMS to OWNER: HOME SECURITY: SUSPICIOUS_MOTION - Suspicious movement detected near entrance
2025-12-17 19:47:55,355 - INFO - Security event logged: GSM_ALERT_SENT - system
2025-12-17 19:47:55,356 - INFO - SECURITY RELAY ACTIVATED - Additional security measures enabled
2025-12-17 19:47:55,498 - INFO - Security event logged: RELAY_ACTIVATED - system
2025-12-17 19:47:55,499 - INFO - Motion-based gesture overlay set for visibility
2025-12-17 19:47:55,604 - ERROR - Can't receive frame from camera
2025-12-17 19:47:55,605 - INFO - Security System stopped and cleaned up
2025-12-17 19:48:02,842 - INFO - Face recognition model loaded successfully
2025-12-17 19:48:02,842 - INFO - Known faces: ['owner']
2025-12-17 19:48:02,845 - INFO - Database setup completed
2025-12-17 19:48:02,846 - INFO - File storage setup completed
2025-12-17 19:48:02,860 - WARNING - No serial ports detected. Running in simulation mode.
2025-12-17 19:48:02,860 - INFO - Camera Tracking System initialized
2025-12-17 19:48:02,861 - INFO - Gesture result poller started
2025-12-17 19:48:02,861 - INFO - Security System STARTED - Press 'q' to quit, 't' to train, 'l' to lock door
2025-12-17 19:48:03,251 - WARNING - [ALERT] SECURITY ALERT: SUSPICIOUS_MOTION
2025-12-17 19:48:03,259 - WARNING - Alert logged: SUSPICIOUS_MOTION - HIGH - Suspicious movement detected near entrance
2025-12-17 19:48:03,260 - INFO - SMS to POLICE: SECURITY ALERT: SUSPICIOUS_MOTION - Suspicious movement detected near entrance - Location: Your Address
2025-12-17 19:48:03,260 - INFO - SMS to OWNER: HOME SECURITY: SUSPICIOUS_MOTION - Suspicious movement detected near entrance
2025-12-17 19:48:03,382 - INFO - Security event logged: GSM_ALERT_SENT - system
2025-12-17 19:48:03,383 - INFO - SECURITY RELAY ACTIVATED - Additional security measures enabled
2025-12-17 19:48:03,508 - INFO - Security event logged: RELAY_ACTIVATED - system
2025-12-17 19:48:03,508 - INFO - Motion-based gesture overlay set for visibility
2025-12-17 19:48:03,606 - ERROR - Can't receive frame from camera
2025-12-17 19:48:03,606 - INFO - Security System stopped and cleaned up
2025-12-17 19:48:55,964 - INFO - Face recognition model loaded successfully
2025-12-17 19:48:55,964 - INFO - Known faces: ['owner']
2025-12-17 19:48:55,968 - INFO - Database setup completed
2025-12-17 19:48:55,968 - INFO - File storage setup completed
2025-12-17 19:48:55,987 - WARNING - No serial ports detected. Running in simulation mode.
2025-12-17 19:48:55,988 - INFO - Camera Tracking System initialized
2025-12-17 19:49:18,080 - INFO - Camera initialized successfully
2025-12-17 19:49:18,084 - INFO - Gesture result poller started
2025-12-17 19:49:18,084 - INFO - Security System STARTED - Press 'q' to quit, 't' to train, 'l' to lock door
2025-12-17 19:49:18,300 - WARNING - [ALERT] SECURITY ALERT: SUSPICIOUS_MOTION
2025-12-17 19:49:18,313 - WARNING - Alert logged: SUSPICIOUS_MOTION - HIGH - Suspicious movement detected near entrance
2025-12-17 19:49:18,313 - INFO - SMS to POLICE: SECURITY ALERT: SUSPICIOUS_MOTION - Suspicious movement detected near entrance - Location: Your Address
2025-12-17 19:49:18,313 - INFO - SMS to OWNER: HOME SECURITY: SUSPICIOUS_MOTION - Suspicious movement detected near entrance
2025-12-17 19:49:18,412 - INFO - Security event logged: GSM_ALERT_SENT - system
2025-12-17 19:49:18,413 - INFO - SECURITY RELAY ACTIVATED - Additional security measures enabled
2025-12-17 19:49:18,517 - INFO - Security event logged: RELAY_ACTIVATED - system
2025-12-17 19:49:18,518 - INFO - Motion-based gesture overlay set for visibility
2025-12-17 19:49:18,770 - WARNING - Unknown person detected - starting tracking
2025-12-17 19:49:18,771 - WARNING - [ALERT] SECURITY ALERT: INTRUDER_DETECTED
2025-12-17 19:49:18,781 - WARNING - Alert logged: INTRUDER_DETECTED - CRITICAL - Unknown person attempting access
2025-12-17 19:49:18,782 - INFO - SMS to POLICE: SECURITY ALERT: INTRUDER_DETECTED - Unknown person attempting access - Location: Your Address
2025-12-17 19:49:18,782 - INFO - SMS to OWNER: HOME SECURITY: INTRUDER_DETECTED - Unknown person attempting access
2025-12-17 19:49:18,902 - INFO - Security event logged: GSM_ALERT_SENT - system
2025-12-17 19:49:18,903 - INFO - SECURITY RELAY ACTIVATED - Additional security measures enabled
2025-12-17 19:49:19,021 - INFO - Security event logged: RELAY_ACTIVATED - system
2025-12-17 19:49:19,023 - INFO - Tracking servo moved to 85°
2025-12-17 19:49:19,163 - INFO - Security event logged: TRACKING_MOVEMENT - unknown
2025-12-17 19:49:19,338 - INFO - Security event logged: VIDEO_gesture_candidate - unknown
2025-12-17 19:49:19,339 - INFO - Saved evidence clip: evidence/videos/gesture_candidate_unknown_20251217_194919.avi
2025-12-17 19:49:19,363 - INFO - Queued clip for gesture analysis: evidence/gesture_queue/incoming/gesture_07396dbf07b446a88be79a789ea2f055.avi
2025-12-17 19:49:19,363 - INFO - Clip queued for gesture worker: evidence/gesture_queue/incoming/gesture_07396dbf07b446a88be79a789ea2f055.avi
2025-12-17 19:49:19,567 - INFO - Security event logged: VIDEO_gesture_candidate - unknown
2025-12-17 19:49:19,568 - INFO - Saved evidence clip: evidence/videos/gesture_candidate_unknown_20251217_194919.avi
2025-12-17 19:49:19,583 - INFO - Queued clip for gesture analysis: evidence/gesture_queue/incoming/gesture_c0ff673673684a79ab072aa66813a99d.avi
2025-12-17 19:49:19,584 - INFO - Clip queued for gesture worker: evidence/gesture_queue/incoming/gesture_c0ff673673684a79ab072aa66813a99d.avi
2025-12-17 19:49:19,803 - INFO - Security event logged: VIDEO_gesture_candidate - unknown
2025-12-17 19:49:19,805 - INFO - Saved evidence clip: evidence/videos/gesture_candidate_unknown_20251217_194919.avi
2025-12-17 19:49:19,818 - INFO - Queued clip for gesture analysis: evidence/gesture_queue/incoming/gesture_ea3db08a27f94321a32d379c9e51295c.avi
2025-12-17 19:49:19,819 - INFO - Clip queued for gesture worker: evidence/gesture_queue/incoming/gesture_ea3db08a27f94321a32d379c9e51295c.avi
2025-12-17 19:49:19,876 - INFO - Tracking servo moved to 88°
2025-12-17 19:49:19,988 - INFO - Security event logged: TRACKING_MOVEMENT - unknown
2025-12-17 19:49:20,159 - INFO - Security event logged: VIDEO_gesture_candidate - unknown
2025-12-17 19:49:20,159 - INFO - Saved evidence clip: evidence/videos/gesture_candidate_unknown_20251217_194920.avi
2025-12-17 19:49:20,180 - INFO - Queued clip for gesture analysis: evidence/gesture_queue/incoming/gesture_7fcd41a7d9c64ab88cc3a7da4a54b843.avi
2025-12-17 19:49:20,181 - INFO - Clip queued for gesture worker: evidence/gesture_queue/incoming/gesture_7fcd41a7d9c64ab88cc3a7da4a54b843.avi
2025-12-17 19:49:20,237 - INFO - Tracking servo moved to 91°
2025-12-17 19:49:20,330 - INFO - Security event logged: TRACKING_MOVEMENT - unknown
2025-12-17 19:49:20,526 - INFO - Security event logged: VIDEO_gesture_candidate - unknown
2025-12-17 19:49:20,527 - INFO - Saved evidence clip: evidence/videos/gesture_candidate_unknown_20251217_194920.avi
2025-12-17 19:49:20,544 - INFO - Queued clip for gesture analysis: evidence/gesture_queue/incoming/gesture_ca440757233a4f1ead647656979ac342.avi
2025-12-17 19:49:20,545 - INFO - Clip queued for gesture worker: evidence/gesture_queue/incoming/gesture_ca440757233a4f1ead647656979ac342.avi
2025-12-17 19:49:20,764 - INFO - Security event logged: VIDEO_gesture_candidate - unknown
2025-12-17 19:49:20,766 - INFO - Saved evidence clip: evidence/videos/gesture_candidate_unknown_20251217_194920.avi
2025-12-17 19:49:20,783 - INFO - Queued clip for gesture analysis: evidence/gesture_queue/incoming/gesture_328f0f49eb9b403c9e8550b08500e349.avi
2025-12-17 19:49:20,783 - INFO - Clip queued for gesture worker: evidence/gesture_queue/incoming/gesture_328f0f49eb9b403c9e8550b08500e349.avi
2025-12-17 19:49:20,839 - INFO - Tracking servo moved to 95°
2025-12-17 19:49:20,947 - INFO - Security event logged: TRACKING_MOVEMENT - unknown
2025-12-17 19:49:21,142 - INFO - Security event logged: VIDEO_gesture_candidate - unknown
2025-12-17 19:49:21,142 - INFO - Saved evidence clip: evidence/videos/gesture_candidate_unknown_20251217_194920.avi
2025-12-17 19:49:21,157 - INFO - Queued clip for gesture analysis: evidence/gesture_queue/incoming/gesture_5c0afb3a278041628b2a1de03412f4f0.avi
2025-12-17 19:49:21,158 - INFO - Clip queued for gesture worker: evidence/gesture_queue/incoming/gesture_5c0afb3a278041628b2a1de03412f4f0.avi
2025-12-17 19:49:21,209 - INFO - Tracking servo moved to 98°
2025-12-17 19:49:21,315 - INFO - Security event logged: TRACKING_MOVEMENT - unknown
2025-12-17 19:49:21,527 - INFO - Security event logged: VIDEO_gesture_candidate - unknown
2025-12-17 19:49:21,528 - INFO - Saved evidence clip: evidence/videos/gesture_candidate_unknown_20251217_194921.avi
2025-12-17 19:49:21,544 - INFO - Queued clip for gesture analysis: evidence/gesture_queue/incoming/gesture_22e64b775e034c09a00a0f35efbb1396.avi
2025-12-17 19:49:21,544 - INFO - Clip queued for gesture worker: evidence/gesture_queue/incoming/gesture_22e64b775e034c09a00a0f35efbb1396.avi
2025-12-17 19:49:21,987 - INFO - Security event logged: VIDEO_gesture_candidate - unknown
2025-12-17 19:49:21,987 - INFO - Saved evidence clip: evidence/videos/gesture_candidate_unknown_20251217_194921.avi
2025-12-17 19:49:22,002 - INFO - Queued clip for gesture analysis: evidence/gesture_queue/incoming/gesture_b8c30ed8c3834d22b32323b214a203cc.avi
2025-12-17 19:49:22,009 - INFO - Clip queued for gesture worker: evidence/gesture_queue/incoming/gesture_b8c30ed8c3834d22b32323b214a203cc.avi
2025-12-17 19:49:22,264 - INFO - Security event logged: VIDEO_gesture_candidate - unknown
2025-12-17 19:49:22,265 - INFO - Saved evidence clip: evidence/videos/gesture_candidate_unknown_20251217_194922.avi
2025-12-17 19:49:22,280 - INFO - Queued clip for gesture analysis: evidence/gesture_queue/incoming/gesture_f3f9947cf2bb416db06081fe8b8ccf08.avi
2025-12-17 19:49:22,281 - INFO - Clip queued for gesture worker: evidence/gesture_queue/incoming/gesture_f3f9947cf2bb416db06081fe8b8ccf08.avi
2025-12-17 19:49:23,068 - INFO - Security event logged: VIDEO_gesture_candidate - unknown
2025-12-17 19:49:23,070 - INFO - Saved evidence clip: evidence/videos/gesture_candidate_unknown_20251217_194922.avi
2025-12-17 19:49:23,090 - INFO - Queued clip for gesture analysis: evidence/gesture_queue/incoming/gesture_99f9df0f269c461a870ed49ce69a459d.avi
2025-12-17 19:49:23,091 - INFO - Clip queued for gesture worker: evidence/gesture_queue/incoming/gesture_99f9df0f269c461a870ed49ce69a459d.avi
2025-12-17 19:49:23,155 - INFO - Tracking servo moved to 101°
2025-12-17 19:49:23,253 - INFO - Security event logged: TRACKING_MOVEMENT - unknown
2025-12-17 19:49:23,508 - INFO - Security event logged: VIDEO_gesture_candidate - unknown
2025-12-17 19:49:23,522 - INFO - Saved evidence clip: evidence/videos/gesture_candidate_unknown_20251217_194923.avi
2025-12-17 19:49:23,536 - INFO - Queued clip for gesture analysis: evidence/gesture_queue/incoming/gesture_30664ec8028e43a4b6b613f07cb978df.avi
2025-12-17 19:49:23,536 - INFO - Clip queued for gesture worker: evidence/gesture_queue/incoming/gesture_30664ec8028e43a4b6b613f07cb978df.avi
2025-12-17 19:49:23,817 - INFO - Security event logged: VIDEO_gesture_candidate - unknown
2025-12-17 19:49:23,818 - INFO - Saved evidence clip: evidence/videos/gesture_candidate_unknown_20251217_194923.avi
2025-12-17 19:49:23,831 - INFO - Queued clip for gesture analysis: evidence/gesture_queue/incoming/gesture_e6ce2fd907a04a2c904a2fc0e283c1cd.avi
2025-12-17 19:49:23,832 - INFO - Clip queued for gesture worker: evidence/gesture_queue/incoming/gesture_e6ce2fd907a04a2c904a2fc0e283c1cd.avi
2025-12-17 19:49:24,137 - INFO - Security event logged: VIDEO_gesture_candidate - unknown
2025-12-17 19:49:24,139 - INFO - Saved evidence clip: evidence/videos/gesture_candidate_unknown_20251217_194923.avi
2025-12-17 19:49:24,156 - INFO - Queued clip for gesture analysis: evidence/gesture_queue/incoming/gesture_3bc82c8413b44ca0b2dc28553cc41c8a.avi
2025-12-17 19:49:24,157 - INFO - Clip queued for gesture worker: evidence/gesture_queue/incoming/gesture_3bc82c8413b44ca0b2dc28553cc41c8a.avi
2025-12-17 19:49:24,190 - INFO - Tracking servo moved to 90°
2025-12-17 19:49:24,284 - INFO - Security event logged: TRACKING_MOVEMENT - unknown
2025-12-17 19:49:25,099 - WARNING - Unknown person detected - starting tracking
2025-12-17 19:49:25,099 - WARNING - [ALERT] SECURITY ALERT: INTRUDER_DETECTED
2025-12-17 19:49:25,109 - WARNING - Alert logged: INTRUDER_DETECTED - CRITICAL - Unknown person attempting access
2025-12-17 19:49:25,109 - INFO - SMS to POLICE: SECURITY ALERT: INTRUDER_DETECTED - Unknown person attempting access - Location: Your Address
2025-12-17 19:49:25,110 - INFO - SMS to OWNER: HOME SECURITY: INTRUDER_DETECTED - Unknown person attempting access
2025-12-17 19:49:25,231 - INFO - Security event logged: GSM_ALERT_SENT - system
2025-12-17 19:49:25,233 - INFO - SECURITY RELAY ACTIVATED - Additional security measures enabled
2025-12-17 19:49:25,349 - INFO - Security event logged: RELAY_ACTIVATED - system
2025-12-17 19:49:25,350 - INFO - Tracking servo moved to 82°
2025-12-17 19:49:25,484 - INFO - Security event logged: TRACKING_MOVEMENT - unknown
2025-12-17 19:49:25,776 - INFO - Security event logged: VIDEO_gesture_candidate - unknown
2025-12-17 19:49:25,777 - INFO - Saved evidence clip: evidence/videos/gesture_candidate_unknown_20251217_194925.avi
2025-12-17 19:49:25,793 - INFO - Queued clip for gesture analysis: evidence/gesture_queue/incoming/gesture_a0d73c1875f14b8e82e0da4dd30c7a6d.avi
2025-12-17 19:49:25,794 - INFO - Clip queued for gesture worker: evidence/gesture_queue/incoming/gesture_a0d73c1875f14b8e82e0da4dd30c7a6d.avi
2025-12-17 19:49:26,366 - INFO - Tracking servo moved to 70°
2025-12-17 19:49:26,475 - INFO - Security event logged: TRACKING_MOVEMENT - unknown
2025-12-17 19:49:26,771 - INFO - Security event logged: VIDEO_gesture_candidate - unknown
2025-12-17 19:49:26,771 - INFO - Saved evidence clip: evidence/videos/gesture_candidate_unknown_20251217_194926.avi
2025-12-17 19:49:26,790 - INFO - Queued clip for gesture analysis: evidence/gesture_queue/incoming/gesture_ecec1440f89f43f892f5ff52ba24b8d9.avi
2025-12-17 19:49:26,791 - INFO - Clip queued for gesture worker: evidence/gesture_queue/incoming/gesture_ecec1440f89f43f892f5ff52ba24b8d9.avi
2025-12-17 19:49:26,840 - INFO - Tracking servo moved to 63°
2025-12-17 19:49:26,942 - INFO - Security event logged: TRACKING_MOVEMENT - unknown
2025-12-17 19:49:27,214 - INFO - Security event logged: VIDEO_gesture_candidate - unknown
2025-12-17 19:49:27,215 - INFO - Saved evidence clip: evidence/videos/gesture_candidate_unknown_20251217_194926.avi
2025-12-17 19:49:27,232 - INFO - Queued clip for gesture analysis: evidence/gesture_queue/incoming/gesture_4abac4b985c047a6b92d7b0da45f1019.avi
2025-12-17 19:49:27,232 - INFO - Clip queued for gesture worker: evidence/gesture_queue/incoming/gesture_4abac4b985c047a6b92d7b0da45f1019.avi
2025-12-17 19:49:27,575 - INFO - Security event logged: VIDEO_gesture_candidate - unknown
2025-12-17 19:49:27,576 - INFO - Saved evidence clip: evidence/videos/gesture_candidate_unknown_20251217_194927.avi
2025-12-17 19:49:27,594 - INFO - Queued clip for gesture analysis: evidence/gesture_queue/incoming/gesture_56069ccb3c524aa79dde6e8eab854aff.avi
2025-12-17 19:49:27,595 - INFO - Clip queued for gesture worker: evidence/gesture_queue/incoming/gesture_56069ccb3c524aa79dde6e8eab854aff.avi
2025-12-17 19:49:27,907 - INFO - Security event logged: VIDEO_gesture_candidate - unknown
2025-12-17 19:49:27,907 - INFO - Saved evidence clip: evidence/videos/gesture_candidate_unknown_20251217_194927.avi
2025-12-17 19:49:27,923 - INFO - Queued clip for gesture analysis: evidence/gesture_queue/incoming/gesture_ce5d11efa25046798eae39e35b5ad493.avi
2025-12-17 19:49:27,924 - INFO - Clip queued for gesture worker: evidence/gesture_queue/incoming/gesture_ce5d11efa25046798eae39e35b5ad493.avi
2025-12-17 19:49:27,974 - INFO - Tracking servo moved to 59°
2025-12-17 19:49:28,086 - INFO - Security event logged: TRACKING_MOVEMENT - unknown
2025-12-17 19:49:28,409 - INFO - Security event logged: VIDEO_gesture_candidate - unknown
2025-12-17 19:49:28,411 - INFO - Saved evidence clip: evidence/videos/gesture_candidate_unknown_20251217_194928.avi
2025-12-17 19:49:28,424 - INFO - Queued clip for gesture analysis: evidence/gesture_queue/incoming/gesture_b06efc1b8a054ce2bb513d16373d5bff.avi
2025-12-17 19:49:28,424 - INFO - Clip queued for gesture worker: evidence/gesture_queue/incoming/gesture_b06efc1b8a054ce2bb513d16373d5bff.avi
2025-12-17 19:49:28,724 - INFO - Security event logged: VIDEO_gesture_candidate - unknown
2025-12-17 19:49:28,725 - INFO - Saved evidence clip: evidence/videos/gesture_candidate_unknown_20251217_194928.avi
2025-12-17 19:49:28,742 - INFO - Queued clip for gesture analysis: evidence/gesture_queue/incoming/gesture_4a82862057e4476182cabd054050124d.avi
2025-12-17 19:49:28,743 - INFO - Clip queued for gesture worker: evidence/gesture_queue/incoming/gesture_4a82862057e4476182cabd054050124d.avi
2025-12-17 19:49:29,032 - INFO - Security event logged: VIDEO_gesture_candidate - unknown
2025-12-17 19:49:29,033 - INFO - Saved evidence clip: evidence/videos/gesture_candidate_unknown_20251217_194928.avi
2025-12-17 19:49:29,049 - INFO - Queued clip for gesture analysis: evidence/gesture_queue/incoming/gesture_deee2ed6f5eb4cf4a4dd4badb51567ce.avi
2025-12-17 19:49:29,058 - INFO - Clip queued for gesture worker: evidence/gesture_queue/incoming/gesture_deee2ed6f5eb4cf4a4dd4badb51567ce.avi
2025-12-17 19:49:29,400 - INFO - Security event logged: VIDEO_gesture_candidate - unknown
2025-12-17 19:49:29,402 - INFO - Saved evidence clip: evidence/videos/gesture_candidate_unknown_20251217_194929.avi
2025-12-17 19:49:29,424 - INFO - Queued clip for gesture analysis: evidence/gesture_queue/incoming/gesture_a406c24c786c46f188f7b3f45708ef48.avi
2025-12-17 19:49:29,425 - INFO - Clip queued for gesture worker: evidence/gesture_queue/incoming/gesture_a406c24c786c46f188f7b3f45708ef48.avi
2025-12-17 19:49:29,740 - INFO - Security event logged: VIDEO_gesture_candidate - unknown
2025-12-17 19:49:29,743 - INFO - Saved evidence clip: evidence/videos/gesture_candidate_unknown_20251217_194929.avi
2025-12-17 19:49:29,756 - INFO - Queued clip for gesture analysis: evidence/gesture_queue/incoming/gesture_543afbcefcb244c5901644eeb5386b49.avi
2025-12-17 19:49:29,757 - INFO - Clip queued for gesture worker: evidence/gesture_queue/incoming/gesture_543afbcefcb244c5901644eeb5386b49.avi
2025-12-17 19:49:30,097 - INFO - Security event logged: VIDEO_gesture_candidate - unknown
2025-12-17 19:49:30,097 - INFO - Saved evidence clip: evidence/videos/gesture_candidate_unknown_20251217_194929.avi
2025-12-17 19:49:30,113 - INFO - Queued clip for gesture analysis: evidence/gesture_queue/incoming/gesture_1135bf0e88434b01837689f67417d01c.avi
2025-12-17 19:49:30,114 - INFO - Clip queued for gesture worker: evidence/gesture_queue/incoming/gesture_1135bf0e88434b01837689f67417d01c.avi
2025-12-17 19:49:30,443 - INFO - Security event logged: VIDEO_gesture_candidate - unknown
2025-12-17 19:49:30,443 - INFO - Saved evidence clip: evidence/videos/gesture_candidate_unknown_20251217_194930.avi
2025-12-17 19:49:30,460 - INFO - Queued clip for gesture analysis: evidence/gesture_queue/incoming/gesture_4cc864e5bc7147af8032d40f6882d3a2.avi
2025-12-17 19:49:30,464 - INFO - Clip queued for gesture worker: evidence/gesture_queue/incoming/gesture_4cc864e5bc7147af8032d40f6882d3a2.avi
2025-12-17 19:49:30,792 - INFO - Security event logged: VIDEO_gesture_candidate - unknown
2025-12-17 19:49:30,794 - INFO - Saved evidence clip: evidence/videos/gesture_candidate_unknown_20251217_194930.avi
2025-12-17 19:49:30,812 - INFO - Queued clip for gesture analysis: evidence/gesture_queue/incoming/gesture_87633d634f244b868f5a684794324164.avi
2025-12-17 19:49:30,813 - INFO - Clip queued for gesture worker: evidence/gesture_queue/incoming/gesture_87633d634f244b868f5a684794324164.avi
2025-12-17 19:49:31,119 - INFO - Security event logged: VIDEO_gesture_candidate - unknown
2025-12-17 19:49:31,121 - INFO - Saved evidence clip: evidence/videos/gesture_candidate_unknown_20251217_194930.avi
2025-12-17 19:49:31,134 - INFO - Queued clip for gesture analysis: evidence/gesture_queue/incoming/gesture_2c03f0dcde954db18c83ec36397ef5f0.avi
2025-12-17 19:49:31,135 - INFO - Clip queued for gesture worker: evidence/gesture_queue/incoming/gesture_2c03f0dcde954db18c83ec36397ef5f0.avi
2025-12-17 19:49:31,173 - INFO - Tracking servo moved to 64°
2025-12-17 19:49:31,275 - INFO - Security event logged: TRACKING_MOVEMENT - unknown
2025-12-17 19:49:31,542 - INFO - Security event logged: VIDEO_gesture_candidate - unknown
2025-12-17 19:49:31,544 - INFO - Saved evidence clip: evidence/videos/gesture_candidate_unknown_20251217_194931.avi
2025-12-17 19:49:31,562 - INFO - Queued clip for gesture analysis: evidence/gesture_queue/incoming/gesture_96b486f0ed14458da3fbc70d42c62d3c.avi
2025-12-17 19:49:31,563 - INFO - Clip queued for gesture worker: evidence/gesture_queue/incoming/gesture_96b486f0ed14458da3fbc70d42c62d3c.avi
2025-12-17 19:49:31,614 - INFO - Tracking servo moved to 72°
2025-12-17 19:49:31,727 - INFO - Security event logged: TRACKING_MOVEMENT - unknown
2025-12-17 19:49:32,028 - INFO - Security event logged: VIDEO_gesture_candidate - unknown
2025-12-17 19:49:32,029 - INFO - Saved evidence clip: evidence/videos/gesture_candidate_unknown_20251217_194931.avi
2025-12-17 19:49:32,042 - INFO - Queued clip for gesture analysis: evidence/gesture_queue/incoming/gesture_e6defb6f7c4c4235affd4b15af9b140b.avi
2025-12-17 19:49:32,043 - INFO - Clip queued for gesture worker: evidence/gesture_queue/incoming/gesture_e6defb6f7c4c4235affd4b15af9b140b.avi
2025-12-17 19:49:32,097 - INFO - Tracking servo moved to 79°
2025-12-17 19:49:32,219 - INFO - Security event logged: TRACKING_MOVEMENT - unknown
2025-12-17 19:49:32,513 - INFO - Security event logged: VIDEO_gesture_candidate - unknown
2025-12-17 19:49:32,514 - INFO - Saved evidence clip: evidence/videos/gesture_candidate_unknown_20251217_194932.avi
2025-12-17 19:49:32,531 - INFO - Queued clip for gesture analysis: evidence/gesture_queue/incoming/gesture_32bdcd18021a404e9d86a324ac8550ba.avi
2025-12-17 19:49:32,532 - INFO - Clip queued for gesture worker: evidence/gesture_queue/incoming/gesture_32bdcd18021a404e9d86a324ac8550ba.avi
2025-12-17 19:49:32,581 - INFO - Tracking servo moved to 86°
2025-12-17 19:49:32,682 - INFO - Security event logged: TRACKING_MOVEMENT - unknown
2025-12-17 19:49:32,950 - INFO - Security event logged: VIDEO_gesture_candidate - unknown
2025-12-17 19:49:32,951 - INFO - Saved evidence clip: evidence/videos/gesture_candidate_unknown_20251217_194932.avi
2025-12-17 19:49:32,966 - INFO - Queued clip for gesture analysis: evidence/gesture_queue/incoming/gesture_eb90af25e5bd45d1bdb589f4bab0256d.avi
2025-12-17 19:49:32,967 - INFO - Clip queued for gesture worker: evidence/gesture_queue/incoming/gesture_eb90af25e5bd45d1bdb589f4bab0256d.avi
2025-12-17 19:49:33,005 - INFO - Tracking servo moved to 94°
2025-12-17 19:49:33,137 - INFO - Security event logged: TRACKING_MOVEMENT - unknown
2025-12-17 19:49:33,433 - INFO - Security event logged: VIDEO_gesture_candidate - unknown
2025-12-17 19:49:33,434 - INFO - Saved evidence clip: evidence/videos/gesture_candidate_unknown_20251217_194933.avi
2025-12-17 19:49:33,454 - INFO - Queued clip for gesture analysis: evidence/gesture_queue/incoming/gesture_08d14b4a6d6744d991a4c8fc36b06b3a.avi
2025-12-17 19:49:33,457 - INFO - Clip queued for gesture worker: evidence/gesture_queue/incoming/gesture_08d14b4a6d6744d991a4c8fc36b06b3a.avi
2025-12-17 19:49:33,508 - INFO - Tracking servo moved to 102°
2025-12-17 19:49:33,618 - INFO - Security event logged: TRACKING_MOVEMENT - unknown
2025-12-17 19:49:33,918 - INFO - Security event logged: VIDEO_gesture_candidate - unknown
2025-12-17 19:49:33,918 - INFO - Saved evidence clip: evidence/videos/gesture_candidate_unknown_20251217_194933.avi
2025-12-17 19:49:33,935 - INFO - Queued clip for gesture analysis: evidence/gesture_queue/incoming/gesture_8eac7eb38c2f493faa6a958136bf0b3b.avi
2025-12-17 19:49:33,936 - INFO - Clip queued for gesture worker: evidence/gesture_queue/incoming/gesture_8eac7eb38c2f493faa6a958136bf0b3b.avi
2025-12-17 19:49:33,977 - INFO - Tracking servo moved to 110°
2025-12-17 19:49:34,087 - INFO - Security event logged: TRACKING_MOVEMENT - unknown
2025-12-17 19:49:34,384 - INFO - Security event logged: VIDEO_gesture_candidate - unknown
2025-12-17 19:49:34,385 - INFO - Saved evidence clip: evidence/videos/gesture_candidate_unknown_20251217_194934.avi
2025-12-17 19:49:34,401 - INFO - Queued clip for gesture analysis: evidence/gesture_queue/incoming/gesture_017b57cdbc064dda81d7de9255225b49.avi
2025-12-17 19:49:34,402 - INFO - Clip queued for gesture worker: evidence/gesture_queue/incoming/gesture_017b57cdbc064dda81d7de9255225b49.avi
2025-12-17 19:49:34,448 - INFO - Tracking servo moved to 118°
2025-12-17 19:49:34,564 - INFO - Security event logged: TRACKING_MOVEMENT - unknown
2025-12-17 19:49:34,851 - INFO - Security event logged: VIDEO_gesture_candidate - unknown
2025-12-17 19:49:34,852 - INFO - Saved evidence clip: evidence/videos/gesture_candidate_unknown_20251217_194934.avi
2025-12-17 19:49:34,866 - INFO - Queued clip for gesture analysis: evidence/gesture_queue/incoming/gesture_7287cdb5cc0f4626b971d97168fad62c.avi
2025-12-17 19:49:34,867 - INFO - Clip queued for gesture worker: evidence/gesture_queue/incoming/gesture_7287cdb5cc0f4626b971d97168fad62c.avi
2025-12-17 19:49:34,903 - INFO - Tracking servo moved to 90°
2025-12-17 19:49:35,014 - INFO - Security event logged: TRACKING_MOVEMENT - unknown
2025-12-17 19:49:35,775 - WARNING - Unknown person detected - starting tracking
2025-12-17 19:49:35,776 - WARNING - [ALERT] SECURITY ALERT: INTRUDER_DETECTED
2025-12-17 19:49:35,788 - WARNING - Alert logged: INTRUDER_DETECTED - CRITICAL - Unknown person attempting access
2025-12-17 19:49:35,788 - INFO - SMS to POLICE: SECURITY ALERT: INTRUDER_DETECTED - Unknown person attempting access - Location: Your Address
2025-12-17 19:49:35,789 - INFO - SMS to OWNER: HOME SECURITY: INTRUDER_DETECTED - Unknown person attempting access
2025-12-17 19:49:35,914 - INFO - Security event logged: GSM_ALERT_SENT - system
2025-12-17 19:49:35,915 - INFO - SECURITY RELAY ACTIVATED - Additional security measures enabled
2025-12-17 19:49:36,036 - INFO - Security event logged: RELAY_ACTIVATED - system
2025-12-17 19:49:36,037 - INFO - Tracking servo moved to 103°
2025-12-17 19:49:36,167 - INFO - Security event logged: TRACKING_MOVEMENT - unknown
2025-12-17 19:49:36,442 - INFO - Security event logged: VIDEO_gesture_candidate - unknown
2025-12-17 19:49:36,443 - INFO - Saved evidence clip: evidence/videos/gesture_candidate_unknown_20251217_194936.avi
2025-12-17 19:49:36,461 - INFO - Queued clip for gesture analysis: evidence/gesture_queue/incoming/gesture_380515026da347fab2f72fd281397582.avi
2025-12-17 19:49:36,466 - INFO - Clip queued for gesture worker: evidence/gesture_queue/incoming/gesture_380515026da347fab2f72fd281397582.avi
2025-12-17 19:49:36,507 - INFO - Tracking servo moved to 110°
2025-12-17 19:49:36,603 - INFO - Security event logged: TRACKING_MOVEMENT - unknown
2025-12-17 19:49:36,885 - INFO - Security event logged: VIDEO_gesture_candidate - unknown
2025-12-17 19:49:36,885 - INFO - Saved evidence clip: evidence/videos/gesture_candidate_unknown_20251217_194936.avi
2025-12-17 19:49:36,900 - INFO - Queued clip for gesture analysis: evidence/gesture_queue/incoming/gesture_9c45cd9ce7f84883ad1271c00010e42a.avi
2025-12-17 19:49:36,901 - INFO - Clip queued for gesture worker: evidence/gesture_queue/incoming/gesture_9c45cd9ce7f84883ad1271c00010e42a.avi
2025-12-17 19:49:36,952 - INFO - Tracking servo moved to 115°
2025-12-17 19:49:37,060 - INFO - Security event logged: TRACKING_MOVEMENT - unknown
2025-12-17 19:49:37,332 - INFO - Security event logged: VIDEO_gesture_candidate - unknown
2025-12-17 19:49:37,334 - INFO - Saved evidence clip: evidence/videos/gesture_candidate_unknown_20251217_194937.avi
2025-12-17 19:49:37,347 - INFO - Queued clip for gesture analysis: evidence/gesture_queue/incoming/gesture_218b092c1cd94613b543542110ed9023.avi
2025-12-17 19:49:37,348 - INFO - Clip queued for gesture worker: evidence/gesture_queue/incoming/gesture_218b092c1cd94613b543542110ed9023.avi
2025-12-17 19:49:37,422 - INFO - Tracking servo moved to 119°
2025-12-17 19:49:37,530 - INFO - Security event logged: TRACKING_MOVEMENT - unknown
2025-12-17 19:49:37,822 - INFO - Security event logged: VIDEO_gesture_candidate - unknown
2025-12-17 19:49:37,857 - INFO - Saved evidence clip: evidence/videos/gesture_candidate_unknown_20251217_194937.avi
2025-12-17 19:49:37,889 - INFO - Queued clip for gesture analysis: evidence/gesture_queue/incoming/gesture_b56a17c55bdf419b9cf707456c8f1fd3.avi
2025-12-17 19:49:37,895 - INFO - Clip queued for gesture worker: evidence/gesture_queue/incoming/gesture_b56a17c55bdf419b9cf707456c8f1fd3.avi
2025-12-17 19:49:38,765 - INFO - Tracking servo moved to 121°
2025-12-17 19:49:38,881 - INFO - Security event logged: TRACKING_MOVEMENT - unknown
2025-12-17 19:49:39,161 - INFO - Security event logged: VIDEO_gesture_candidate - unknown
2025-12-17 19:49:39,162 - INFO - Saved evidence clip: evidence/videos/gesture_candidate_unknown_20251217_194938.avi
2025-12-17 19:49:39,178 - INFO - Queued clip for gesture analysis: evidence/gesture_queue/incoming/gesture_d675c329601c4b5eaebbd9a9347645b5.avi
2025-12-17 19:49:39,179 - INFO - Clip queued for gesture worker: evidence/gesture_queue/incoming/gesture_d675c329601c4b5eaebbd9a9347645b5.avi
2025-12-17 19:49:39,216 - INFO - Tracking servo moved to 136°
2025-12-17 19:49:39,313 - INFO - Security event logged: TRACKING_MOVEMENT - unknown
2025-12-17 19:49:39,565 - INFO - Security event logged: VIDEO_gesture_candidate - unknown
2025-12-17 19:49:39,566 - INFO - Saved evidence clip: evidence/videos/gesture_candidate_unknown_20251217_194939.avi
2025-12-17 19:49:39,587 - INFO - Queued clip for gesture analysis: evidence/gesture_queue/incoming/gesture_b8286c7a59254ec4b6021f0af1043611.avi
2025-12-17 19:49:39,588 - INFO - Clip queued for gesture worker: evidence/gesture_queue/incoming/gesture_b8286c7a59254ec4b6021f0af1043611.avi
2025-12-17 19:49:39,635 - INFO - Tracking servo moved to 145°
2025-12-17 19:49:39,751 - INFO - Security event logged: TRACKING_MOVEMENT - unknown
2025-12-17 19:49:40,056 - INFO - Security event logged: VIDEO_gesture_candidate - unknown
2025-12-17 19:49:40,057 - INFO - Saved evidence clip: evidence/videos/gesture_candidate_unknown_20251217_194939.avi
2025-12-17 19:49:40,081 - INFO - Queued clip for gesture analysis: evidence/gesture_queue/incoming/gesture_affaf1cc4c3646e999a551b1ad200352.avi
2025-12-17 19:49:40,081 - INFO - Clip queued for gesture worker: evidence/gesture_queue/incoming/gesture_affaf1cc4c3646e999a551b1ad200352.avi
2025-12-17 19:49:40,117 - INFO - Tracking servo moved to 154°
2025-12-17 19:49:40,235 - INFO - Security event logged: TRACKING_MOVEMENT - unknown
2025-12-17 19:49:40,510 - INFO - Security event logged: VIDEO_gesture_candidate - unknown
2025-12-17 19:49:40,511 - INFO - Saved evidence clip: evidence/videos/gesture_candidate_unknown_20251217_194940.avi
2025-12-17 19:49:40,529 - INFO - Queued clip for gesture analysis: evidence/gesture_queue/incoming/gesture_79b95a0f127d497fbf7894892b7b8f96.avi
2025-12-17 19:49:40,530 - INFO - Clip queued for gesture worker: evidence/gesture_queue/incoming/gesture_79b95a0f127d497fbf7894892b7b8f96.avi
2025-12-17 19:49:40,568 - INFO - Tracking servo moved to 159°
2025-12-17 19:49:40,670 - INFO - Security event logged: TRACKING_MOVEMENT - unknown
2025-12-17 19:49:40,981 - INFO - Security event logged: VIDEO_gesture_candidate - unknown
2025-12-17 19:49:40,982 - INFO - Saved evidence clip: evidence/videos/gesture_candidate_unknown_20251217_194940.avi
2025-12-17 19:49:41,001 - INFO - Queued clip for gesture analysis: evidence/gesture_queue/incoming/gesture_ab0725862dbc46f39550921e354a12ec.avi
2025-12-17 19:49:41,002 - INFO - Clip queued for gesture worker: evidence/gesture_queue/incoming/gesture_ab0725862dbc46f39550921e354a12ec.avi
2025-12-17 19:49:41,039 - INFO - Tracking servo moved to 163°
2025-12-17 19:49:41,138 - INFO - Security event logged: TRACKING_MOVEMENT - unknown
2025-12-17 19:49:41,399 - INFO - Security event logged: VIDEO_gesture_candidate - unknown
2025-12-17 19:49:41,400 - INFO - Saved evidence clip: evidence/videos/gesture_candidate_unknown_20251217_194941.avi
2025-12-17 19:49:41,416 - INFO - Queued clip for gesture analysis: evidence/gesture_queue/incoming/gesture_e82cd2be1afe48c2a300701de9d15e47.avi
2025-12-17 19:49:41,417 - INFO - Clip queued for gesture worker: evidence/gesture_queue/incoming/gesture_e82cd2be1afe48c2a300701de9d15e47.avi
2025-12-17 19:49:41,465 - INFO - Tracking servo moved to 166°
2025-12-17 19:49:41,587 - INFO - Security event logged: TRACKING_MOVEMENT - unknown
2025-12-17 19:49:41,877 - INFO - Security event logged: VIDEO_gesture_candidate - unknown
2025-12-17 19:49:41,880 - INFO - Saved evidence clip: evidence/videos/gesture_candidate_unknown_20251217_194941.avi
2025-12-17 19:49:41,893 - INFO - Queued clip for gesture analysis: evidence/gesture_queue/incoming/gesture_ffbc858eaa3e4995846b9d412973c162.avi
2025-12-17 19:49:41,895 - INFO - Clip queued for gesture worker: evidence/gesture_queue/incoming/gesture_ffbc858eaa3e4995846b9d412973c162.avi
2025-12-17 19:49:42,224 - INFO - Security event logged: VIDEO_gesture_candidate - unknown
2025-12-17 19:49:42,226 - INFO - Saved evidence clip: evidence/videos/gesture_candidate_unknown_20251217_194941.avi
2025-12-17 19:49:42,242 - INFO - Queued clip for gesture analysis: evidence/gesture_queue/incoming/gesture_bf4b75b676604658a7b74ca07ccf822c.avi
2025-12-17 19:49:42,243 - INFO - Clip queued for gesture worker: evidence/gesture_queue/incoming/gesture_bf4b75b676604658a7b74ca07ccf822c.avi
2025-12-17 19:49:42,292 - INFO - Tracking servo moved to 169°
2025-12-17 19:49:42,559 - INFO - Security event logged: TRACKING_MOVEMENT - unknown
2025-12-17 19:49:42,852 - INFO - Security event logged: VIDEO_gesture_candidate - unknown
2025-12-17 19:49:42,853 - INFO - Saved evidence clip: evidence/videos/gesture_candidate_unknown_20251217_194942.avi
2025-12-17 19:49:42,867 - INFO - Queued clip for gesture analysis: evidence/gesture_queue/incoming/gesture_bd190e48c76c4d2db2658b694c6b55f1.avi
2025-12-17 19:49:42,867 - INFO - Clip queued for gesture worker: evidence/gesture_queue/incoming/gesture_bd190e48c76c4d2db2658b694c6b55f1.avi
2025-12-17 19:49:42,906 - INFO - Tracking servo moved to 90°
2025-12-17 19:49:43,034 - INFO - Security event logged: TRACKING_MOVEMENT - unknown
2025-12-17 19:49:43,091 - WARNING - Unknown person detected - starting tracking
2025-12-17 19:49:43,091 - WARNING - [ALERT] SECURITY ALERT: INTRUDER_DETECTED
2025-12-17 19:49:43,105 - WARNING - Alert logged: INTRUDER_DETECTED - CRITICAL - Unknown person attempting access
2025-12-17 19:49:43,105 - INFO - SMS to POLICE: SECURITY ALERT: INTRUDER_DETECTED - Unknown person attempting access - Location: Your Address
2025-12-17 19:49:43,105 - INFO - SMS to OWNER: HOME SECURITY: INTRUDER_DETECTED - Unknown person attempting access
2025-12-17 19:49:43,233 - INFO - Security event logged: GSM_ALERT_SENT - system
2025-12-17 19:49:43,234 - INFO - SECURITY RELAY ACTIVATED - Additional security measures enabled
2025-12-17 19:49:43,359 - INFO - Security event logged: RELAY_ACTIVATED - system
2025-12-17 19:49:43,360 - INFO - Tracking servo moved to 94°
2025-12-17 19:49:43,489 - INFO - Security event logged: TRACKING_MOVEMENT - unknown
2025-12-17 19:49:43,783 - INFO - Security event logged: VIDEO_gesture_candidate - unknown
2025-12-17 19:49:43,784 - INFO - Saved evidence clip: evidence/videos/gesture_candidate_unknown_20251217_194943.avi
2025-12-17 19:49:43,799 - INFO - Queued clip for gesture analysis: evidence/gesture_queue/incoming/gesture_6d13de2a7ba6445a8d8157efdf96faab.avi
2025-12-17 19:49:43,802 - INFO - Clip queued for gesture worker: evidence/gesture_queue/incoming/gesture_6d13de2a7ba6445a8d8157efdf96faab.avi
2025-12-17 19:49:43,854 - INFO - Tracking servo moved to 97°
2025-12-17 19:49:43,956 - INFO - Security event logged: TRACKING_MOVEMENT - unknown
2025-12-17 19:49:44,224 - INFO - Security event logged: VIDEO_gesture_candidate - unknown
2025-12-17 19:49:44,225 - INFO - Saved evidence clip: evidence/videos/gesture_candidate_unknown_20251217_194943.avi
2025-12-17 19:49:44,238 - INFO - Queued clip for gesture analysis: evidence/gesture_queue/incoming/gesture_8b3b7a9aaf2744f9a9cad34729d7227a.avi
2025-12-17 19:49:44,240 - INFO - Clip queued for gesture worker: evidence/gesture_queue/incoming/gesture_8b3b7a9aaf2744f9a9cad34729d7227a.avi
2025-12-17 19:49:44,294 - INFO - Tracking servo moved to 100°
2025-12-17 19:49:44,410 - INFO - Security event logged: TRACKING_MOVEMENT - unknown
2025-12-17 19:49:44,680 - INFO - Security event logged: VIDEO_gesture_candidate - unknown
2025-12-17 19:49:44,680 - INFO - Saved evidence clip: evidence/videos/gesture_candidate_unknown_20251217_194944.avi
2025-12-17 19:49:44,694 - INFO - Queued clip for gesture analysis: evidence/gesture_queue/incoming/gesture_56ce3003e5e64209a894b99963c85c43.avi
2025-12-17 19:49:44,694 - INFO - Clip queued for gesture worker: evidence/gesture_queue/incoming/gesture_56ce3003e5e64209a894b99963c85c43.avi
2025-12-17 19:49:44,743 - INFO - Tracking servo moved to 104°
2025-12-17 19:49:44,858 - INFO - Security event logged: TRACKING_MOVEMENT - unknown
2025-12-17 19:49:45,155 - INFO - Security event logged: VIDEO_gesture_candidate - unknown
2025-12-17 19:49:45,156 - INFO - Saved evidence clip: evidence/videos/gesture_candidate_unknown_20251217_194944.avi
2025-12-17 19:49:45,169 - INFO - Queued clip for gesture analysis: evidence/gesture_queue/incoming/gesture_2371ca58395b44c3a674a7b6b98d60aa.avi
2025-12-17 19:49:45,170 - INFO - Clip queued for gesture worker: evidence/gesture_queue/incoming/gesture_2371ca58395b44c3a674a7b6b98d60aa.avi
2025-12-17 19:49:45,214 - INFO - Tracking servo moved to 123°
2025-12-17 19:49:45,320 - INFO - Security event logged: TRACKING_MOVEMENT - unknown
2025-12-17 19:49:45,623 - INFO - Security event logged: VIDEO_gesture_candidate - unknown
2025-12-17 19:49:45,624 - INFO - Saved evidence clip: evidence/videos/gesture_candidate_unknown_20251217_194945.avi
2025-12-17 19:49:45,639 - INFO - Queued clip for gesture analysis: evidence/gesture_queue/incoming/gesture_b0a3d36dde0b4bdeb92b14e45483447a.avi
2025-12-17 19:49:45,641 - INFO - Clip queued for gesture worker: evidence/gesture_queue/incoming/gesture_b0a3d36dde0b4bdeb92b14e45483447a.avi
2025-12-17 19:49:45,698 - INFO - Tracking servo moved to 130°
2025-12-17 19:49:45,823 - INFO - Security event logged: TRACKING_MOVEMENT - unknown
2025-12-17 19:49:46,129 - INFO - Security event logged: VIDEO_gesture_candidate - unknown
2025-12-17 19:49:46,130 - INFO - Saved evidence clip: evidence/videos/gesture_candidate_unknown_20251217_194945.avi
2025-12-17 19:49:46,144 - INFO - Queued clip for gesture analysis: evidence/gesture_queue/incoming/gesture_cab9c6f2e3034c6390525ca64d311a7f.avi
2025-12-17 19:49:46,146 - INFO - Clip queued for gesture worker: evidence/gesture_queue/incoming/gesture_cab9c6f2e3034c6390525ca64d311a7f.avi
2025-12-17 19:49:46,195 - INFO - Tracking servo moved to 134°
2025-12-17 19:49:46,297 - INFO - Security event logged: TRACKING_MOVEMENT - unknown
2025-12-17 19:49:46,581 - INFO - Security event logged: VIDEO_gesture_candidate - unknown
2025-12-17 19:49:46,582 - INFO - Saved evidence clip: evidence/videos/gesture_candidate_unknown_20251217_194946.avi
2025-12-17 19:49:46,596 - INFO - Queued clip for gesture analysis: evidence/gesture_queue/incoming/gesture_efbb2111f86648808b10218b7b13ff94.avi
2025-12-17 19:49:46,600 - INFO - Clip queued for gesture worker: evidence/gesture_queue/incoming/gesture_efbb2111f86648808b10218b7b13ff94.avi
2025-12-17 19:49:46,643 - INFO - Tracking servo moved to 139°
2025-12-17 19:49:46,746 - INFO - Security event logged: TRACKING_MOVEMENT - unknown
2025-12-17 19:49:47,049 - INFO - Security event logged: VIDEO_gesture_candidate - unknown
2025-12-17 19:49:47,049 - INFO - Saved evidence clip: evidence/videos/gesture_candidate_unknown_20251217_194946.avi
2025-12-17 19:49:47,062 - INFO - Queued clip for gesture analysis: evidence/gesture_queue/incoming/gesture_2e483e207d844bf88f69a1da8d0120f0.avi
2025-12-17 19:49:47,066 - INFO - Clip queued for gesture worker: evidence/gesture_queue/incoming/gesture_2e483e207d844bf88f69a1da8d0120f0.avi
2025-12-17 19:49:47,385 - INFO - Security event logged: VIDEO_gesture_candidate - unknown
2025-12-17 19:49:47,386 - INFO - Saved evidence clip: evidence/videos/gesture_candidate_unknown_20251217_194947.avi
2025-12-17 19:49:47,399 - INFO - Queued clip for gesture analysis: evidence/gesture_queue/incoming/gesture_f5e72d5e29884f20b9e5824b371dcdca.avi
2025-12-17 19:49:47,403 - INFO - Clip queued for gesture worker: evidence/gesture_queue/incoming/gesture_f5e72d5e29884f20b9e5824b371dcdca.avi
2025-12-17 19:49:47,715 - INFO - Security event logged: VIDEO_gesture_candidate - unknown
2025-12-17 19:49:47,716 - INFO - Saved evidence clip: evidence/videos/gesture_candidate_unknown_20251217_194947.avi
2025-12-17 19:49:47,734 - INFO - Queued clip for gesture analysis: evidence/gesture_queue/incoming/gesture_886b92ecbee441e88501724589fec52e.avi
2025-12-17 19:49:47,736 - INFO - Clip queued for gesture worker: evidence/gesture_queue/incoming/gesture_886b92ecbee441e88501724589fec52e.avi
2025-12-17 19:49:48,055 - INFO - Security event logged: VIDEO_gesture_candidate - unknown
2025-12-17 19:49:48,056 - INFO - Saved evidence clip: evidence/videos/gesture_candidate_unknown_20251217_194947.avi
2025-12-17 19:49:48,072 - INFO - Queued clip for gesture analysis: evidence/gesture_queue/incoming/gesture_fe8ad758e5c24a43848a1b04090ebd0d.avi
2025-12-17 19:49:48,072 - INFO - Clip queued for gesture worker: evidence/gesture_queue/incoming/gesture_fe8ad758e5c24a43848a1b04090ebd0d.avi
2025-12-17 19:49:48,407 - INFO - Security event logged: VIDEO_gesture_candidate - unknown
2025-12-17 19:49:48,408 - INFO - Saved evidence clip: evidence/videos/gesture_candidate_unknown_20251217_194948.avi
2025-12-17 19:49:48,427 - INFO - Queued clip for gesture analysis: evidence/gesture_queue/incoming/gesture_2c07276d8982468da8f0b2e4b1e63b1f.avi
2025-12-17 19:49:48,429 - INFO - Clip queued for gesture worker: evidence/gesture_queue/incoming/gesture_2c07276d8982468da8f0b2e4b1e63b1f.avi
2025-12-17 19:49:48,789 - INFO - Security event logged: VIDEO_gesture_candidate - unknown
2025-12-17 19:49:48,791 - INFO - Saved evidence clip: evidence/videos/gesture_candidate_unknown_20251217_194948.avi
2025-12-17 19:49:48,810 - INFO - Queued clip for gesture analysis: evidence/gesture_queue/incoming/gesture_d908020a7b14441f8a2efc55b8547bb8.avi
2025-12-17 19:49:48,814 - INFO - Clip queued for gesture worker: evidence/gesture_queue/incoming/gesture_d908020a7b14441f8a2efc55b8547bb8.avi
2025-12-17 19:49:49,149 - INFO - Security event logged: VIDEO_gesture_candidate - unknown
2025-12-17 19:49:49,151 - INFO - Saved evidence clip: evidence/videos/gesture_candidate_unknown_20251217_194948.avi
2025-12-17 19:49:49,165 - INFO - Queued clip for gesture analysis: evidence/gesture_queue/incoming/gesture_8a867aa590424207a7823377c5b32066.avi
2025-12-17 19:49:49,165 - INFO - Clip queued for gesture worker: evidence/gesture_queue/incoming/gesture_8a867aa590424207a7823377c5b32066.avi
2025-12-17 19:49:49,479 - INFO - Security event logged: VIDEO_gesture_candidate - unknown
2025-12-17 19:49:49,480 - INFO - Saved evidence clip: evidence/videos/gesture_candidate_unknown_20251217_194949.avi
2025-12-17 19:49:49,497 - INFO - Queued clip for gesture analysis: evidence/gesture_queue/incoming/gesture_18ad0f27ebd546fea3f4417887c9ad1d.avi
2025-12-17 19:49:49,498 - INFO - Clip queued for gesture worker: evidence/gesture_queue/incoming/gesture_18ad0f27ebd546fea3f4417887c9ad1d.avi
2025-12-17 19:49:49,829 - INFO - Security event logged: VIDEO_gesture_candidate - unknown
2025-12-17 19:49:49,830 - INFO - Saved evidence clip: evidence/videos/gesture_candidate_unknown_20251217_194949.avi
2025-12-17 19:49:49,844 - INFO - Queued clip for gesture analysis: evidence/gesture_queue/incoming/gesture_839563056e3c47308f6fb1919eb53803.avi
2025-12-17 19:49:49,849 - INFO - Clip queued for gesture worker: evidence/gesture_queue/incoming/gesture_839563056e3c47308f6fb1919eb53803.avi
2025-12-17 19:49:50,169 - INFO - Security event logged: VIDEO_gesture_candidate - unknown
2025-12-17 19:49:50,170 - INFO - Saved evidence clip: evidence/videos/gesture_candidate_unknown_20251217_194949.avi
2025-12-17 19:49:50,188 - INFO - Queued clip for gesture analysis: evidence/gesture_queue/incoming/gesture_83b8871861f040249c684776e6d830db.avi
2025-12-17 19:49:50,189 - INFO - Clip queued for gesture worker: evidence/gesture_queue/incoming/gesture_83b8871861f040249c684776e6d830db.avi
2025-12-17 19:49:50,504 - INFO - Security event logged: VIDEO_gesture_candidate - unknown
2025-12-17 19:49:50,505 - INFO - Saved evidence clip: evidence/videos/gesture_candidate_unknown_20251217_194950.avi
2025-12-17 19:49:50,518 - INFO - Queued clip for gesture analysis: evidence/gesture_queue/incoming/gesture_2978e6fb3bcc4d49810bc96c7f6cd1da.avi
2025-12-17 19:49:50,518 - INFO - Clip queued for gesture worker: evidence/gesture_queue/incoming/gesture_2978e6fb3bcc4d49810bc96c7f6cd1da.avi
2025-12-17 19:49:50,843 - INFO - Security event logged: VIDEO_gesture_candidate - unknown
2025-12-17 19:49:50,844 - INFO - Saved evidence clip: evidence/videos/gesture_candidate_unknown_20251217_194950.avi
2025-12-17 19:49:50,860 - INFO - Queued clip for gesture analysis: evidence/gesture_queue/incoming/gesture_c1e589a5f42e4650a796931199db0f7e.avi
2025-12-17 19:49:50,867 - INFO - Clip queued for gesture worker: evidence/gesture_queue/incoming/gesture_c1e589a5f42e4650a796931199db0f7e.avi
2025-12-17 19:49:51,201 - INFO - Security event logged: VIDEO_gesture_candidate - unknown
2025-12-17 19:49:51,202 - INFO - Saved evidence clip: evidence/videos/gesture_candidate_unknown_20251217_194950.avi
2025-12-17 19:49:51,218 - INFO - Queued clip for gesture analysis: evidence/gesture_queue/incoming/gesture_c425a4f821e44dfdb6a40363add20f35.avi
2025-12-17 19:49:51,218 - INFO - Clip queued for gesture worker: evidence/gesture_queue/incoming/gesture_c425a4f821e44dfdb6a40363add20f35.avi
2025-12-17 19:49:51,545 - INFO - Security event logged: VIDEO_gesture_candidate - unknown
2025-12-17 19:49:51,548 - INFO - Saved evidence clip: evidence/videos/gesture_candidate_unknown_20251217_194951.avi
2025-12-17 19:49:51,564 - INFO - Queued clip for gesture analysis: evidence/gesture_queue/incoming/gesture_c7ddb8d061354fa5aaffb8f701c79471.avi
2025-12-17 19:49:51,566 - INFO - Clip queued for gesture worker: evidence/gesture_queue/incoming/gesture_c7ddb8d061354fa5aaffb8f701c79471.avi
2025-12-17 19:49:51,919 - INFO - Security event logged: VIDEO_gesture_candidate - unknown
2025-12-17 19:49:51,920 - INFO - Saved evidence clip: evidence/videos/gesture_candidate_unknown_20251217_194951.avi
2025-12-17 19:49:51,932 - INFO - Queued clip for gesture analysis: evidence/gesture_queue/incoming/gesture_b782e0347207414a912b94655a1c25e2.avi
2025-12-17 19:49:51,935 - INFO - Clip queued for gesture worker: evidence/gesture_queue/incoming/gesture_b782e0347207414a912b94655a1c25e2.avi
2025-12-17 19:49:52,295 - INFO - Security event logged: VIDEO_gesture_candidate - unknown
2025-12-17 19:49:52,296 - INFO - Saved evidence clip: evidence/videos/gesture_candidate_unknown_20251217_194952.avi
2025-12-17 19:49:52,314 - INFO - Queued clip for gesture analysis: evidence/gesture_queue/incoming/gesture_3cc31642d58642beb3bdfb3ac2b93c5c.avi
2025-12-17 19:49:52,314 - INFO - Clip queued for gesture worker: evidence/gesture_queue/incoming/gesture_3cc31642d58642beb3bdfb3ac2b93c5c.avi
2025-12-17 19:49:52,357 - INFO - Tracking servo moved to 143°
2025-12-17 19:49:52,460 - INFO - Security event logged: TRACKING_MOVEMENT - unknown
2025-12-17 19:49:52,730 - INFO - Security event logged: VIDEO_gesture_candidate - unknown
2025-12-17 19:49:52,731 - INFO - Saved evidence clip: evidence/videos/gesture_candidate_unknown_20251217_194952.avi
2025-12-17 19:49:52,745 - INFO - Queued clip for gesture analysis: evidence/gesture_queue/incoming/gesture_d000f94b415947dca2bdb89f81296ac4.avi
2025-12-17 19:49:52,747 - INFO - Clip queued for gesture worker: evidence/gesture_queue/incoming/gesture_d000f94b415947dca2bdb89f81296ac4.avi
2025-12-17 19:49:52,823 - INFO - Tracking servo moved to 147°
2025-12-17 19:49:52,934 - INFO - Security event logged: TRACKING_MOVEMENT - unknown
2025-12-17 19:49:53,220 - INFO - Security event logged: VIDEO_gesture_candidate - unknown
2025-12-17 19:49:53,221 - INFO - Saved evidence clip: evidence/videos/gesture_candidate_unknown_20251217_194952.avi
2025-12-17 19:49:53,239 - INFO - Queued clip for gesture analysis: evidence/gesture_queue/incoming/gesture_69da5a8d52c34520ad2dd4f305601024.avi
2025-12-17 19:49:53,239 - INFO - Clip queued for gesture worker: evidence/gesture_queue/incoming/gesture_69da5a8d52c34520ad2dd4f305601024.avi
2025-12-17 19:49:53,285 - INFO - Tracking servo moved to 151°
2025-12-17 19:49:53,385 - INFO - Security event logged: TRACKING_MOVEMENT - unknown
2025-12-17 19:49:53,695 - INFO - Security event logged: VIDEO_gesture_candidate - unknown
2025-12-17 19:49:53,696 - INFO - Saved evidence clip: evidence/videos/gesture_candidate_unknown_20251217_194953.avi
2025-12-17 19:49:53,710 - INFO - Queued clip for gesture analysis: evidence/gesture_queue/incoming/gesture_7fdae6e4e3f743b785617db8b5517b77.avi
2025-12-17 19:49:53,710 - INFO - Clip queued for gesture worker: evidence/gesture_queue/incoming/gesture_7fdae6e4e3f743b785617db8b5517b77.avi
2025-12-17 19:49:53,751 - INFO - Tracking servo moved to 155°
2025-12-17 19:49:53,869 - INFO - Security event logged: TRACKING_MOVEMENT - unknown
2025-12-17 19:49:54,144 - INFO - Security event logged: VIDEO_gesture_candidate - unknown
2025-12-17 19:49:54,145 - INFO - Saved evidence clip: evidence/videos/gesture_candidate_unknown_20251217_194953.avi
2025-12-17 19:49:54,163 - INFO - Queued clip for gesture analysis: evidence/gesture_queue/incoming/gesture_ae870061f32c49f08f9c3609bd575d31.avi
2025-12-17 19:49:54,164 - INFO - Clip queued for gesture worker: evidence/gesture_queue/incoming/gesture_ae870061f32c49f08f9c3609bd575d31.avi
2025-12-17 19:49:54,213 - INFO - Tracking servo moved to 160°
2025-12-17 19:49:54,316 - INFO - Security event logged: TRACKING_MOVEMENT - unknown
2025-12-17 19:49:54,585 - INFO - Security event logged: VIDEO_gesture_candidate - unknown
2025-12-17 19:49:54,586 - INFO - Saved evidence clip: evidence/videos/gesture_candidate_unknown_20251217_194954.avi
2025-12-17 19:49:54,601 - INFO - Queued clip for gesture analysis: evidence/gesture_queue/incoming/gesture_7e2f330ec95c4105b1b43f030b9abc3d.avi
2025-12-17 19:49:54,603 - INFO - Clip queued for gesture worker: evidence/gesture_queue/incoming/gesture_7e2f330ec95c4105b1b43f030b9abc3d.avi
2025-12-17 19:49:54,631 - INFO - Tracking servo moved to 90°
2025-12-17 19:49:54,734 - INFO - Security event logged: TRACKING_MOVEMENT - unknown
2025-12-17 19:49:56,113 - WARNING - Unknown person detected - starting tracking
2025-12-17 19:49:56,113 - WARNING - [ALERT] SECURITY ALERT: INTRUDER_DETECTED
2025-12-17 19:49:56,124 - WARNING - Alert logged: INTRUDER_DETECTED - CRITICAL - Unknown person attempting access
2025-12-17 19:49:56,126 - INFO - SMS to POLICE: SECURITY ALERT: INTRUDER_DETECTED - Unknown person attempting access - Location: Your Address
2025-12-17 19:49:56,129 - INFO - SMS to OWNER: HOME SECURITY: INTRUDER_DETECTED - Unknown person attempting access
2025-12-17 19:49:56,243 - INFO - Security event logged: GSM_ALERT_SENT - system
2025-12-17 19:49:56,244 - INFO - SECURITY RELAY ACTIVATED - Additional security measures enabled
2025-12-17 19:49:56,367 - INFO - Security event logged: RELAY_ACTIVATED - system
2025-12-17 19:49:56,368 - INFO - Tracking servo moved to 104°
2025-12-17 19:49:56,496 - INFO - Security event logged: TRACKING_MOVEMENT - unknown
2025-12-17 19:49:56,794 - INFO - Security event logged: VIDEO_gesture_candidate - unknown
2025-12-17 19:49:56,794 - INFO - Saved evidence clip: evidence/videos/gesture_candidate_unknown_20251217_194956.avi
2025-12-17 19:49:56,808 - INFO - Queued clip for gesture analysis: evidence/gesture_queue/incoming/gesture_7b6ba81fa1b14bc58d56a9cff7178345.avi
2025-12-17 19:49:56,808 - INFO - Clip queued for gesture worker: evidence/gesture_queue/incoming/gesture_7b6ba81fa1b14bc58d56a9cff7178345.avi
2025-12-17 19:49:57,500 - INFO - Tracking servo moved to 99°
2025-12-17 19:49:57,611 - INFO - Security event logged: TRACKING_MOVEMENT - unknown
2025-12-17 19:49:57,853 - INFO - Security event logged: VIDEO_gesture_candidate - unknown
2025-12-17 19:49:57,853 - INFO - Saved evidence clip: evidence/videos/gesture_candidate_unknown_20251217_194957.avi
2025-12-17 19:49:57,867 - INFO - Queued clip for gesture analysis: evidence/gesture_queue/incoming/gesture_5ca2f16963cd4067b30f59b06f630e42.avi
2025-12-17 19:49:57,873 - INFO - Clip queued for gesture worker: evidence/gesture_queue/incoming/gesture_5ca2f16963cd4067b30f59b06f630e42.avi
2025-12-17 19:49:59,373 - INFO - Tracking servo moved to 110°
2025-12-17 19:49:59,493 - INFO - Security event logged: TRACKING_MOVEMENT - unknown
2025-12-17 19:49:59,776 - INFO - Security event logged: VIDEO_gesture_candidate - unknown
2025-12-17 19:49:59,777 - INFO - Saved evidence clip: evidence/videos/gesture_candidate_unknown_20251217_194959.avi
2025-12-17 19:49:59,791 - INFO - Queued clip for gesture analysis: evidence/gesture_queue/incoming/gesture_12b72dd8f4a64bed844d4df317778ca1.avi
2025-12-17 19:49:59,804 - INFO - Clip queued for gesture worker: evidence/gesture_queue/incoming/gesture_12b72dd8f4a64bed844d4df317778ca1.avi
2025-12-17 19:50:01,154 - INFO - Tracking servo moved to 90°
2025-12-17 19:50:01,277 - INFO - Security event logged: TRACKING_MOVEMENT - unknown
2025-12-17 19:50:01,346 - WARNING - Unknown person detected - starting tracking
2025-12-17 19:50:01,346 - WARNING - [ALERT] SECURITY ALERT: INTRUDER_DETECTED
2025-12-17 19:50:01,356 - WARNING - Alert logged: INTRUDER_DETECTED - CRITICAL - Unknown person attempting access
2025-12-17 19:50:01,357 - INFO - SMS to POLICE: SECURITY ALERT: INTRUDER_DETECTED - Unknown person attempting access - Location: Your Address
2025-12-17 19:50:01,357 - INFO - SMS to OWNER: HOME SECURITY: INTRUDER_DETECTED - Unknown person attempting access
2025-12-17 19:50:01,476 - INFO - Security event logged: GSM_ALERT_SENT - system
2025-12-17 19:50:01,477 - INFO - SECURITY RELAY ACTIVATED - Additional security measures enabled
2025-12-17 19:50:01,602 - INFO - Security event logged: RELAY_ACTIVATED - system
2025-12-17 19:50:01,604 - INFO - Tracking servo moved to 104°
2025-12-17 19:50:01,733 - INFO - Security event logged: TRACKING_MOVEMENT - unknown
2025-12-17 19:50:02,008 - INFO - Security event logged: VIDEO_gesture_candidate - unknown
2025-12-17 19:50:02,010 - INFO - Saved evidence clip: evidence/videos/gesture_candidate_unknown_20251217_195001.avi
2025-12-17 19:50:02,022 - INFO - Queued clip for gesture analysis: evidence/gesture_queue/incoming/gesture_4a92363e646849d3bcc3d5d2f771d245.avi
2025-12-17 19:50:02,025 - INFO - Clip queued for gesture worker: evidence/gesture_queue/incoming/gesture_4a92363e646849d3bcc3d5d2f771d245.avi
2025-12-17 19:50:02,847 - INFO - Security event logged: VIDEO_gesture_candidate - unknown
2025-12-17 19:50:02,848 - INFO - Saved evidence clip: evidence/videos/gesture_candidate_unknown_20251217_195002.avi
2025-12-17 19:50:02,867 - INFO - Queued clip for gesture analysis: evidence/gesture_queue/incoming/gesture_01f7eebb1e1949379086a1189456a15c.avi
2025-12-17 19:50:02,891 - INFO - Clip queued for gesture worker: evidence/gesture_queue/incoming/gesture_01f7eebb1e1949379086a1189456a15c.avi
2025-12-17 19:50:03,030 - INFO - Tracking servo moved to 112°
2025-12-17 19:50:03,143 - INFO - Security event logged: TRACKING_MOVEMENT - unknown
2025-12-17 19:50:03,488 - INFO - Security event logged: VIDEO_gesture_candidate - unknown
2025-12-17 19:50:03,489 - INFO - Saved evidence clip: evidence/videos/gesture_candidate_unknown_20251217_195003.avi
2025-12-17 19:50:03,507 - INFO - Queued clip for gesture analysis: evidence/gesture_queue/incoming/gesture_80916ca2df2747fda9b3197b9a79f178.avi
2025-12-17 19:50:03,507 - INFO - Clip queued for gesture worker: evidence/gesture_queue/incoming/gesture_80916ca2df2747fda9b3197b9a79f178.avi
2025-12-17 19:50:03,856 - INFO - Security event logged: VIDEO_gesture_candidate - unknown
2025-12-17 19:50:03,858 - INFO - Saved evidence clip: evidence/videos/gesture_candidate_unknown_20251217_195003.avi
2025-12-17 19:50:03,872 - INFO - Queued clip for gesture analysis: evidence/gesture_queue/incoming/gesture_437134bfc8274b39849e8aa5b98ef95e.avi
2025-12-17 19:50:03,874 - INFO - Clip queued for gesture worker: evidence/gesture_queue/incoming/gesture_437134bfc8274b39849e8aa5b98ef95e.avi
2025-12-17 19:50:04,213 - INFO - Security event logged: VIDEO_gesture_candidate - unknown
2025-12-17 19:50:04,214 - INFO - Saved evidence clip: evidence/videos/gesture_candidate_unknown_20251217_195003.avi
2025-12-17 19:50:04,226 - INFO - Queued clip for gesture analysis: evidence/gesture_queue/incoming/gesture_838ca1312f9b4495852f6c90825c890b.avi
2025-12-17 19:50:04,227 - INFO - Clip queued for gesture worker: evidence/gesture_queue/incoming/gesture_838ca1312f9b4495852f6c90825c890b.avi
2025-12-17 19:50:04,548 - INFO - Security event logged: VIDEO_gesture_candidate - unknown
2025-12-17 19:50:04,549 - INFO - Saved evidence clip: evidence/videos/gesture_candidate_unknown_20251217_195004.avi
2025-12-17 19:50:04,564 - INFO - Queued clip for gesture analysis: evidence/gesture_queue/incoming/gesture_e5d570461fba4de5acd513cd425df721.avi
2025-12-17 19:50:04,565 - INFO - Clip queued for gesture worker: evidence/gesture_queue/incoming/gesture_e5d570461fba4de5acd513cd425df721.avi
2025-12-17 19:50:04,905 - INFO - Security event logged: VIDEO_gesture_candidate - unknown
2025-12-17 19:50:04,907 - INFO - Saved evidence clip: evidence/videos/gesture_candidate_unknown_20251217_195004.avi
2025-12-17 19:50:04,920 - INFO - Queued clip for gesture analysis: evidence/gesture_queue/incoming/gesture_410d7f9f47b7439a933b5dab859105ce.avi
2025-12-17 19:50:04,920 - INFO - Clip queued for gesture worker: evidence/gesture_queue/incoming/gesture_410d7f9f47b7439a933b5dab859105ce.avi
2025-12-17 19:50:05,228 - INFO - Security event logged: VIDEO_gesture_candidate - unknown
2025-12-17 19:50:05,229 - INFO - Saved evidence clip: evidence/videos/gesture_candidate_unknown_20251217_195004.avi
2025-12-17 19:50:05,242 - INFO - Queued clip for gesture analysis: evidence/gesture_queue/incoming/gesture_099ec069a02d465cb5e0b5c352cb70af.avi
2025-12-17 19:50:05,243 - INFO - Clip queued for gesture worker: evidence/gesture_queue/incoming/gesture_099ec069a02d465cb5e0b5c352cb70af.avi
2025-12-17 19:50:05,579 - INFO - Security event logged: VIDEO_gesture_candidate - unknown
2025-12-17 19:50:05,581 - INFO - Saved evidence clip: evidence/videos/gesture_candidate_unknown_20251217_195005.avi
2025-12-17 19:50:05,595 - INFO - Queued clip for gesture analysis: evidence/gesture_queue/incoming/gesture_3ce0543a264140248ee870122a3b17fd.avi
2025-12-17 19:50:05,596 - INFO - Clip queued for gesture worker: evidence/gesture_queue/incoming/gesture_3ce0543a264140248ee870122a3b17fd.avi
2025-12-17 19:50:05,898 - INFO - Security event logged: VIDEO_gesture_candidate - unknown
2025-12-17 19:50:05,900 - INFO - Saved evidence clip: evidence/videos/gesture_candidate_unknown_20251217_195005.avi
2025-12-17 19:50:05,918 - INFO - Queued clip for gesture analysis: evidence/gesture_queue/incoming/gesture_53d8fe0d0073411cad17b53df25648ea.avi
2025-12-17 19:50:05,926 - INFO - Clip queued for gesture worker: evidence/gesture_queue/incoming/gesture_53d8fe0d0073411cad17b53df25648ea.avi
2025-12-17 19:50:06,235 - INFO - Security event logged: VIDEO_gesture_candidate - unknown
2025-12-17 19:50:06,236 - INFO - Saved evidence clip: evidence/videos/gesture_candidate_unknown_20251217_195005.avi
2025-12-17 19:50:06,258 - INFO - Queued clip for gesture analysis: evidence/gesture_queue/incoming/gesture_d68eb257d18544d1ae5151646da34a4f.avi
2025-12-17 19:50:06,259 - INFO - Clip queued for gesture worker: evidence/gesture_queue/incoming/gesture_d68eb257d18544d1ae5151646da34a4f.avi
2025-12-17 19:50:06,596 - INFO - Security event logged: VIDEO_gesture_candidate - unknown
2025-12-17 19:50:06,596 - INFO - Saved evidence clip: evidence/videos/gesture_candidate_unknown_20251217_195006.avi
2025-12-17 19:50:06,614 - INFO - Queued clip for gesture analysis: evidence/gesture_queue/incoming/gesture_7dcd850482af4eff8cbda99b32de6c98.avi
2025-12-17 19:50:06,617 - INFO - Clip queued for gesture worker: evidence/gesture_queue/incoming/gesture_7dcd850482af4eff8cbda99b32de6c98.avi
2025-12-17 19:50:06,979 - INFO - Security event logged: VIDEO_gesture_candidate - unknown
2025-12-17 19:50:06,980 - INFO - Saved evidence clip: evidence/videos/gesture_candidate_unknown_20251217_195006.avi
2025-12-17 19:50:07,002 - INFO - Queued clip for gesture analysis: evidence/gesture_queue/incoming/gesture_fc7c5c96c5984ed4ad8e63439e25a674.avi
2025-12-17 19:50:07,002 - INFO - Clip queued for gesture worker: evidence/gesture_queue/incoming/gesture_fc7c5c96c5984ed4ad8e63439e25a674.avi
2025-12-17 19:50:07,321 - INFO - Security event logged: VIDEO_gesture_candidate - unknown
2025-12-17 19:50:07,323 - INFO - Saved evidence clip: evidence/videos/gesture_candidate_unknown_20251217_195007.avi
2025-12-17 19:50:07,336 - INFO - Queued clip for gesture analysis: evidence/gesture_queue/incoming/gesture_b712d6eaaf184ccfacaed8b1e442dc3c.avi
2025-12-17 19:50:07,341 - INFO - Clip queued for gesture worker: evidence/gesture_queue/incoming/gesture_b712d6eaaf184ccfacaed8b1e442dc3c.avi
2025-12-17 19:50:07,679 - INFO - Security event logged: VIDEO_gesture_candidate - unknown
2025-12-17 19:50:07,681 - INFO - Saved evidence clip: evidence/videos/gesture_candidate_unknown_20251217_195007.avi
2025-12-17 19:50:07,699 - INFO - Queued clip for gesture analysis: evidence/gesture_queue/incoming/gesture_386ed2ca0e9548eaaa9189a1a54353e9.avi
2025-12-17 19:50:07,699 - INFO - Clip queued for gesture worker: evidence/gesture_queue/incoming/gesture_386ed2ca0e9548eaaa9189a1a54353e9.avi
2025-12-17 19:50:08,032 - INFO - Security event logged: VIDEO_gesture_candidate - unknown
2025-12-17 19:50:08,033 - INFO - Saved evidence clip: evidence/videos/gesture_candidate_unknown_20251217_195007.avi
2025-12-17 19:50:08,046 - INFO - Queued clip for gesture analysis: evidence/gesture_queue/incoming/gesture_7a1ca7e523f2468fb8550a739bb1dc51.avi
2025-12-17 19:50:08,046 - INFO - Clip queued for gesture worker: evidence/gesture_queue/incoming/gesture_7a1ca7e523f2468fb8550a739bb1dc51.avi
2025-12-17 19:50:08,360 - INFO - Security event logged: VIDEO_gesture_candidate - unknown
2025-12-17 19:50:08,361 - INFO - Saved evidence clip: evidence/videos/gesture_candidate_unknown_20251217_195008.avi
2025-12-17 19:50:08,374 - INFO - Queued clip for gesture analysis: evidence/gesture_queue/incoming/gesture_2784863fb91c4a12bf2f4e7695d992fe.avi
2025-12-17 19:50:08,374 - INFO - Clip queued for gesture worker: evidence/gesture_queue/incoming/gesture_2784863fb91c4a12bf2f4e7695d992fe.avi
2025-12-17 19:50:08,697 - INFO - Security event logged: VIDEO_gesture_candidate - unknown
2025-12-17 19:50:08,698 - INFO - Saved evidence clip: evidence/videos/gesture_candidate_unknown_20251217_195008.avi
2025-12-17 19:50:08,714 - INFO - Queued clip for gesture analysis: evidence/gesture_queue/incoming/gesture_11cbeb012c144695be7c80209f0dbb75.avi
2025-12-17 19:50:08,717 - INFO - Clip queued for gesture worker: evidence/gesture_queue/incoming/gesture_11cbeb012c144695be7c80209f0dbb75.avi
2025-12-17 19:50:09,045 - INFO - Security event logged: VIDEO_gesture_candidate - unknown
2025-12-17 19:50:09,046 - INFO - Saved evidence clip: evidence/videos/gesture_candidate_unknown_20251217_195008.avi
2025-12-17 19:50:09,061 - INFO - Queued clip for gesture analysis: evidence/gesture_queue/incoming/gesture_e52d28f4f273420494922c8773431319.avi
2025-12-17 19:50:09,061 - INFO - Clip queued for gesture worker: evidence/gesture_queue/incoming/gesture_e52d28f4f273420494922c8773431319.avi
2025-12-17 19:50:09,108 - INFO - Tracking servo moved to 90°
2025-12-17 19:50:09,218 - INFO - Security event logged: TRACKING_MOVEMENT - unknown
2025-12-17 19:50:09,264 - WARNING - Unknown person detected - starting tracking
2025-12-17 19:50:09,264 - WARNING - [ALERT] SECURITY ALERT: INTRUDER_DETECTED
2025-12-17 19:50:09,274 - WARNING - Alert logged: INTRUDER_DETECTED - CRITICAL - Unknown person attempting access
2025-12-17 19:50:09,274 - INFO - SMS to POLICE: SECURITY ALERT: INTRUDER_DETECTED - Unknown person attempting access - Location: Your Address
2025-12-17 19:50:09,275 - INFO - SMS to OWNER: HOME SECURITY: INTRUDER_DETECTED - Unknown person attempting access
2025-12-17 19:50:09,390 - INFO - Security event logged: GSM_ALERT_SENT - system
2025-12-17 19:50:09,391 - INFO - SECURITY RELAY ACTIVATED - Additional security measures enabled
2025-12-17 19:50:09,526 - INFO - Security event logged: RELAY_ACTIVATED - system
2025-12-17 19:50:09,527 - INFO - Tracking servo moved to 93°
2025-12-17 19:50:09,656 - INFO - Security event logged: TRACKING_MOVEMENT - unknown
2025-12-17 19:50:09,954 - INFO - Security event logged: VIDEO_gesture_candidate - unknown
2025-12-17 19:50:09,954 - INFO - Saved evidence clip: evidence/videos/gesture_candidate_unknown_20251217_195009.avi
2025-12-17 19:50:09,969 - INFO - Queued clip for gesture analysis: evidence/gesture_queue/incoming/gesture_7d40803a458c4a33b186ec7819490140.avi
2025-12-17 19:50:09,971 - INFO - Clip queued for gesture worker: evidence/gesture_queue/incoming/gesture_7d40803a458c4a33b186ec7819490140.avi
2025-12-17 19:50:10,301 - INFO - Security event logged: VIDEO_gesture_candidate - unknown
2025-12-17 19:50:10,301 - INFO - Saved evidence clip: evidence/videos/gesture_candidate_unknown_20251217_195010.avi
2025-12-17 19:50:10,317 - INFO - Queued clip for gesture analysis: evidence/gesture_queue/incoming/gesture_d6ef7a1aba964ef7aed6299c4c5f07d3.avi
2025-12-17 19:50:10,320 - INFO - Clip queued for gesture worker: evidence/gesture_queue/incoming/gesture_d6ef7a1aba964ef7aed6299c4c5f07d3.avi
2025-12-17 19:50:10,623 - INFO - Security event logged: VIDEO_gesture_candidate - unknown
2025-12-17 19:50:10,624 - INFO - Saved evidence clip: evidence/videos/gesture_candidate_unknown_20251217_195010.avi
2025-12-17 19:50:10,636 - INFO - Queued clip for gesture analysis: evidence/gesture_queue/incoming/gesture_64b8a37aabc64da0a29a0bdab2a3e9c7.avi
2025-12-17 19:50:10,637 - INFO - Clip queued for gesture worker: evidence/gesture_queue/incoming/gesture_64b8a37aabc64da0a29a0bdab2a3e9c7.avi
2025-12-17 19:50:10,960 - INFO - Security event logged: VIDEO_gesture_candidate - unknown
2025-12-17 19:50:10,961 - INFO - Saved evidence clip: evidence/videos/gesture_candidate_unknown_20251217_195010.avi
2025-12-17 19:50:10,975 - INFO - Queued clip for gesture analysis: evidence/gesture_queue/incoming/gesture_9cafef87700e4ca2a48303fd4469a064.avi
2025-12-17 19:50:10,976 - INFO - Clip queued for gesture worker: evidence/gesture_queue/incoming/gesture_9cafef87700e4ca2a48303fd4469a064.avi
2025-12-17 19:50:11,293 - INFO - Security event logged: VIDEO_gesture_candidate - unknown
2025-12-17 19:50:11,294 - INFO - Saved evidence clip: evidence/videos/gesture_candidate_unknown_20251217_195011.avi
2025-12-17 19:50:11,310 - INFO - Queued clip for gesture analysis: evidence/gesture_queue/incoming/gesture_3cf3d7d07a524f7786e1d6fc0551d36a.avi
2025-12-17 19:50:11,310 - INFO - Clip queued for gesture worker: evidence/gesture_queue/incoming/gesture_3cf3d7d07a524f7786e1d6fc0551d36a.avi
2025-12-17 19:50:11,768 - INFO - Security event logged: VIDEO_gesture_candidate - unknown
2025-12-17 19:50:11,769 - INFO - Saved evidence clip: evidence/videos/gesture_candidate_unknown_20251217_195011.avi
2025-12-17 19:50:11,786 - INFO - Queued clip for gesture analysis: evidence/gesture_queue/incoming/gesture_0eb5f6d5eb3c4aeeae0af76f657306c9.avi
2025-12-17 19:50:11,787 - INFO - Clip queued for gesture worker: evidence/gesture_queue/incoming/gesture_0eb5f6d5eb3c4aeeae0af76f657306c9.avi
2025-12-17 19:50:11,832 - INFO - Tracking servo moved to 97°
2025-12-17 19:50:11,945 - INFO - Security event logged: TRACKING_MOVEMENT - unknown
2025-12-17 19:50:12,266 - INFO - Security event logged: VIDEO_gesture_candidate - unknown
2025-12-17 19:50:12,266 - INFO - Saved evidence clip: evidence/videos/gesture_candidate_unknown_20251217_195011.avi
2025-12-17 19:50:12,286 - INFO - Queued clip for gesture analysis: evidence/gesture_queue/incoming/gesture_09121e9bae124cc39a448ced40ebc2c2.avi
2025-12-17 19:50:12,288 - INFO - Clip queued for gesture worker: evidence/gesture_queue/incoming/gesture_09121e9bae124cc39a448ced40ebc2c2.avi
2025-12-17 19:50:12,332 - INFO - Tracking servo moved to 101°
2025-12-17 19:50:12,440 - INFO - Security event logged: TRACKING_MOVEMENT - unknown
2025-12-17 19:50:12,740 - INFO - Security event logged: VIDEO_gesture_candidate - unknown
2025-12-17 19:50:12,741 - INFO - Saved evidence clip: evidence/videos/gesture_candidate_unknown_20251217_195012.avi
2025-12-17 19:50:12,755 - INFO - Queued clip for gesture analysis: evidence/gesture_queue/incoming/gesture_62224309444a48f18268b311a917c3dc.avi
2025-12-17 19:50:12,757 - INFO - Clip queued for gesture worker: evidence/gesture_queue/incoming/gesture_62224309444a48f18268b311a917c3dc.avi
2025-12-17 19:50:12,786 - INFO - Gesture result poller stopped
2025-12-17 19:50:13,126 - INFO - Security System stopped and cleaned up
2025-12-17 20:04:37,634 - INFO - Face recognition model loaded successfully
2025-12-17 20:04:37,635 - INFO - Known faces: ['owner']
2025-12-17 20:04:37,637 - INFO - Database setup completed
2025-12-17 20:04:37,638 - INFO - File storage setup completed
2025-12-17 20:04:37,659 - WARNING - No serial ports detected. Running in simulation mode.
2025-12-17 20:04:37,660 - INFO - Camera Tracking System initialized
2025-12-17 20:04:37,662 - INFO - Gesture result poller started
2025-12-17 20:04:37,662 - INFO - Security System STARTED - Press 'q' to quit, 't' to train, 'l' to lock door
2025-12-17 20:04:39,594 - WARNING - [ALERT] SECURITY ALERT: SUSPICIOUS_MOTION
2025-12-17 20:04:39,606 - WARNING - Alert logged: SUSPICIOUS_MOTION - HIGH - Suspicious movement detected near entrance
2025-12-17 20:04:39,607 - INFO - SMS to POLICE: SECURITY ALERT: SUSPICIOUS_MOTION - Suspicious movement detected near entrance - Location: Your Address
2025-12-17 20:04:39,607 - INFO - SMS to OWNER: HOME SECURITY: SUSPICIOUS_MOTION - Suspicious movement detected near entrance
2025-12-17 20:04:39,727 - INFO - Security event logged: GSM_ALERT_SENT - system
2025-12-17 20:04:39,728 - INFO - SECURITY RELAY ACTIVATED - Additional security measures enabled
2025-12-17 20:04:39,857 - INFO - Security event logged: RELAY_ACTIVATED - system
2025-12-17 20:04:39,859 - INFO - Motion-based gesture overlay set for visibility
2025-12-17 20:04:39,965 - ERROR - Can't receive frame from camera
2025-12-17 20:04:39,965 - INFO - Security System stopped and cleaned up
2025-12-17 20:05:30,571 - INFO - Face recognition model loaded successfully
2025-12-17 20:05:30,571 - INFO - Known faces: ['owner']
2025-12-17 20:05:30,574 - INFO - Database setup completed
2025-12-17 20:05:30,576 - INFO - File storage setup completed
2025-12-17 20:05:30,592 - WARNING - No serial ports detected. Running in simulation mode.
2025-12-17 20:05:30,592 - INFO - Camera Tracking System initialized
2025-12-17 20:05:53,908 - INFO - Camera initialized successfully
2025-12-17 20:05:53,910 - INFO - Gesture result poller started
2025-12-17 20:05:53,910 - INFO - Security System STARTED - Press 'q' to quit, 't' to train, 'l' to lock door
2025-12-17 20:05:54,331 - WARNING - [ALERT] SECURITY ALERT: SUSPICIOUS_MOTION
2025-12-17 20:05:54,346 - WARNING - Alert logged: SUSPICIOUS_MOTION - HIGH - Suspicious movement detected near entrance
2025-12-17 20:05:54,347 - INFO - SMS to POLICE: SECURITY ALERT: SUSPICIOUS_MOTION - Suspicious movement detected near entrance - Location: Your Address
2025-12-17 20:05:54,347 - INFO - SMS to OWNER: HOME SECURITY: SUSPICIOUS_MOTION - Suspicious movement detected near entrance
2025-12-17 20:05:54,637 - INFO - Security event logged: GSM_ALERT_SENT - system
2025-12-17 20:05:54,638 - INFO - SECURITY RELAY ACTIVATED - Additional security measures enabled
2025-12-17 20:05:54,899 - INFO - Security event logged: RELAY_ACTIVATED - system
2025-12-17 20:05:54,900 - INFO - Motion-based gesture overlay set for visibility
2025-12-17 20:05:55,066 - WARNING - Unknown person detected - starting tracking
2025-12-17 20:05:55,068 - WARNING - [ALERT] SECURITY ALERT: INTRUDER_DETECTED
2025-12-17 20:05:55,082 - WARNING - Alert logged: INTRUDER_DETECTED - CRITICAL - Unknown person attempting access
2025-12-17 20:05:55,082 - INFO - SMS to POLICE: SECURITY ALERT: INTRUDER_DETECTED - Unknown person attempting access - Location: Your Address
2025-12-17 20:05:55,084 - INFO - SMS to OWNER: HOME SECURITY: INTRUDER_DETECTED - Unknown person attempting access
2025-12-17 20:05:55,291 - INFO - Security event logged: GSM_ALERT_SENT - system
2025-12-17 20:05:55,292 - INFO - SECURITY RELAY ACTIVATED - Additional security measures enabled
2025-12-17 20:05:55,465 - INFO - Security event logged: RELAY_ACTIVATED - system
2025-12-17 20:05:55,698 - INFO - Security event logged: VIDEO_gesture_candidate - unknown
2025-12-17 20:05:55,698 - INFO - Saved evidence clip: evidence/videos/gesture_candidate_unknown_20251217_200555.avi
2025-12-17 20:05:55,724 - INFO - Queued clip for gesture analysis: evidence/gesture_queue/incoming/gesture_f0d31ac0855c4558aede53d12ce7885c.avi
2025-12-17 20:05:55,725 - INFO - Clip queued for gesture worker: evidence/gesture_queue/incoming/gesture_f0d31ac0855c4558aede53d12ce7885c.avi
2025-12-17 20:05:55,811 - INFO - Tracking servo moved to 97°
2025-12-17 20:05:55,985 - INFO - Security event logged: TRACKING_MOVEMENT - unknown
2025-12-17 20:05:56,236 - INFO - Security event logged: VIDEO_gesture_candidate - unknown
2025-12-17 20:05:56,237 - INFO - Saved evidence clip: evidence/videos/gesture_candidate_unknown_20251217_200556.avi
2025-12-17 20:05:56,269 - INFO - Queued clip for gesture analysis: evidence/gesture_queue/incoming/gesture_309a86e0cc174cb9a5320781d942c40d.avi
2025-12-17 20:05:56,269 - INFO - Clip queued for gesture worker: evidence/gesture_queue/incoming/gesture_309a86e0cc174cb9a5320781d942c40d.avi
2025-12-17 20:05:56,624 - INFO - Security event logged: VIDEO_gesture_candidate - unknown
2025-12-17 20:05:56,625 - INFO - Saved evidence clip: evidence/videos/gesture_candidate_unknown_20251217_200556.avi
2025-12-17 20:05:56,651 - INFO - Queued clip for gesture analysis: evidence/gesture_queue/incoming/gesture_d2b3425c53564595926a4cfa3c10cda1.avi
2025-12-17 20:05:56,652 - INFO - Clip queued for gesture worker: evidence/gesture_queue/incoming/gesture_d2b3425c53564595926a4cfa3c10cda1.avi
2025-12-17 20:05:56,728 - INFO - Tracking servo moved to 94°
2025-12-17 20:05:56,919 - INFO - Security event logged: TRACKING_MOVEMENT - unknown
2025-12-17 20:05:57,203 - INFO - Security event logged: VIDEO_gesture_candidate - unknown
2025-12-17 20:05:57,250 - INFO - Saved evidence clip: evidence/videos/gesture_candidate_unknown_20251217_200556.avi
2025-12-17 20:05:57,270 - INFO - Queued clip for gesture analysis: evidence/gesture_queue/incoming/gesture_3de8d75219ab443c84103081664a3cd1.avi
2025-12-17 20:05:57,325 - INFO - Clip queued for gesture worker: evidence/gesture_queue/incoming/gesture_3de8d75219ab443c84103081664a3cd1.avi
2025-12-17 20:05:57,541 - INFO - Security event logged: VIDEO_gesture_candidate - unknown
2025-12-17 20:05:57,544 - INFO - Saved evidence clip: evidence/videos/gesture_candidate_unknown_20251217_200557.avi
2025-12-17 20:05:57,558 - INFO - Queued clip for gesture analysis: evidence/gesture_queue/incoming/gesture_47931c2dbaf94ed2a5a6ee8bdfafc6e6.avi
2025-12-17 20:05:57,565 - INFO - Clip queued for gesture worker: evidence/gesture_queue/incoming/gesture_47931c2dbaf94ed2a5a6ee8bdfafc6e6.avi
2025-12-17 20:05:57,800 - INFO - Security event logged: VIDEO_gesture_candidate - unknown
2025-12-17 20:05:57,802 - INFO - Saved evidence clip: evidence/videos/gesture_candidate_unknown_20251217_200557.avi
2025-12-17 20:05:57,819 - INFO - Queued clip for gesture analysis: evidence/gesture_queue/incoming/gesture_9c4e8e2aaed44338b98c210334702a36.avi
2025-12-17 20:05:57,825 - INFO - Clip queued for gesture worker: evidence/gesture_queue/incoming/gesture_9c4e8e2aaed44338b98c210334702a36.avi
2025-12-17 20:05:57,891 - INFO - Tracking servo moved to 98°
2025-12-17 20:05:58,000 - INFO - Security event logged: TRACKING_MOVEMENT - unknown
2025-12-17 20:05:58,170 - INFO - Security event logged: VIDEO_gesture_candidate - unknown
2025-12-17 20:05:58,173 - INFO - Saved evidence clip: evidence/videos/gesture_candidate_unknown_20251217_200558.avi
2025-12-17 20:05:58,199 - INFO - Queued clip for gesture analysis: evidence/gesture_queue/incoming/gesture_fb46ed062b8a4f3da62ced38599575d3.avi
2025-12-17 20:05:58,200 - INFO - Clip queued for gesture worker: evidence/gesture_queue/incoming/gesture_fb46ed062b8a4f3da62ced38599575d3.avi
2025-12-17 20:05:58,253 - INFO - Tracking servo moved to 105°
2025-12-17 20:05:58,379 - INFO - Security event logged: TRACKING_MOVEMENT - unknown
2025-12-17 20:05:58,543 - INFO - Security event logged: VIDEO_gesture_candidate - unknown
2025-12-17 20:05:58,543 - INFO - Saved evidence clip: evidence/videos/gesture_candidate_unknown_20251217_200558.avi
2025-12-17 20:05:58,558 - INFO - Queued clip for gesture analysis: evidence/gesture_queue/incoming/gesture_8a4a3adc000847c3a86cd1af8c3635e2.avi
2025-12-17 20:05:58,563 - INFO - Clip queued for gesture worker: evidence/gesture_queue/incoming/gesture_8a4a3adc000847c3a86cd1af8c3635e2.avi
2025-12-17 20:05:58,621 - INFO - Tracking servo moved to 112°
2025-12-17 20:05:58,735 - INFO - Security event logged: TRACKING_MOVEMENT - unknown
2025-12-17 20:05:58,928 - INFO - Security event logged: VIDEO_gesture_candidate - unknown
2025-12-17 20:05:58,930 - INFO - Saved evidence clip: evidence/videos/gesture_candidate_unknown_20251217_200558.avi
2025-12-17 20:05:58,950 - INFO - Queued clip for gesture analysis: evidence/gesture_queue/incoming/gesture_1d842ebe258947a0ba9f37520ae3ff72.avi
2025-12-17 20:05:58,951 - INFO - Clip queued for gesture worker: evidence/gesture_queue/incoming/gesture_1d842ebe258947a0ba9f37520ae3ff72.avi
2025-12-17 20:05:58,996 - INFO - Tracking servo moved to 119°
2025-12-17 20:05:59,135 - INFO - Security event logged: TRACKING_MOVEMENT - unknown
2025-12-17 20:05:59,330 - INFO - Security event logged: VIDEO_gesture_candidate - unknown
2025-12-17 20:05:59,333 - INFO - Saved evidence clip: evidence/videos/gesture_candidate_unknown_20251217_200559.avi
2025-12-17 20:05:59,361 - INFO - Queued clip for gesture analysis: evidence/gesture_queue/incoming/gesture_3adc0a0deec7479ca11da43d601ca657.avi
2025-12-17 20:05:59,362 - INFO - Clip queued for gesture worker: evidence/gesture_queue/incoming/gesture_3adc0a0deec7479ca11da43d601ca657.avi
2025-12-17 20:05:59,417 - INFO - Tracking servo moved to 125°
2025-12-17 20:05:59,520 - INFO - Security event logged: TRACKING_MOVEMENT - unknown
2025-12-17 20:05:59,698 - INFO - Security event logged: VIDEO_gesture_candidate - unknown
2025-12-17 20:05:59,699 - INFO - Saved evidence clip: evidence/videos/gesture_candidate_unknown_20251217_200559.avi
2025-12-17 20:05:59,717 - INFO - Queued clip for gesture analysis: evidence/gesture_queue/incoming/gesture_a78421f50d6442c58e3a7db1ff21db83.avi
2025-12-17 20:05:59,718 - INFO - Clip queued for gesture worker: evidence/gesture_queue/incoming/gesture_a78421f50d6442c58e3a7db1ff21db83.avi
2025-12-17 20:05:59,777 - INFO - Tracking servo moved to 130°
2025-12-17 20:05:59,878 - INFO - Security event logged: TRACKING_MOVEMENT - unknown
2025-12-17 20:06:00,063 - INFO - Security event logged: VIDEO_gesture_candidate - unknown
2025-12-17 20:06:00,064 - INFO - Saved evidence clip: evidence/videos/gesture_candidate_unknown_20251217_200559.avi
2025-12-17 20:06:00,076 - INFO - Queued clip for gesture analysis: evidence/gesture_queue/incoming/gesture_12c8e00266424f1e830f64155c141ea5.avi
2025-12-17 20:06:00,077 - INFO - Clip queued for gesture worker: evidence/gesture_queue/incoming/gesture_12c8e00266424f1e830f64155c141ea5.avi
2025-12-17 20:06:00,374 - INFO - Security event logged: VIDEO_gesture_candidate - unknown
2025-12-17 20:06:00,374 - INFO - Saved evidence clip: evidence/videos/gesture_candidate_unknown_20251217_200600.avi
2025-12-17 20:06:00,390 - INFO - Queued clip for gesture analysis: evidence/gesture_queue/incoming/gesture_bab322db643b46c5b82b5f840a479af2.avi
2025-12-17 20:06:00,390 - INFO - Clip queued for gesture worker: evidence/gesture_queue/incoming/gesture_bab322db643b46c5b82b5f840a479af2.avi
2025-12-17 20:06:00,741 - INFO - Security event logged: VIDEO_gesture_candidate - unknown
2025-12-17 20:06:00,742 - INFO - Saved evidence clip: evidence/videos/gesture_candidate_unknown_20251217_200600.avi
2025-12-17 20:06:00,758 - INFO - Queued clip for gesture analysis: evidence/gesture_queue/incoming/gesture_9500ab8753744f7084b11697d7b66dc4.avi
2025-12-17 20:06:00,759 - INFO - Clip queued for gesture worker: evidence/gesture_queue/incoming/gesture_9500ab8753744f7084b11697d7b66dc4.avi
2025-12-17 20:06:01,024 - INFO - Security event logged: VIDEO_gesture_candidate - unknown
2025-12-17 20:06:01,025 - INFO - Saved evidence clip: evidence/videos/gesture_candidate_unknown_20251217_200600.avi
2025-12-17 20:06:01,037 - INFO - Queued clip for gesture analysis: evidence/gesture_queue/incoming/gesture_f330fd69e3f94efca75914b9a1551d18.avi
2025-12-17 20:06:01,037 - INFO - Clip queued for gesture worker: evidence/gesture_queue/incoming/gesture_f330fd69e3f94efca75914b9a1551d18.avi
2025-12-17 20:06:01,288 - INFO - Security event logged: VIDEO_gesture_candidate - unknown
2025-12-17 20:06:01,289 - INFO - Saved evidence clip: evidence/videos/gesture_candidate_unknown_20251217_200601.avi
2025-12-17 20:06:01,304 - INFO - Queued clip for gesture analysis: evidence/gesture_queue/incoming/gesture_73c3cbdac1304e4b86362479b3dada32.avi
2025-12-17 20:06:01,306 - INFO - Clip queued for gesture worker: evidence/gesture_queue/incoming/gesture_73c3cbdac1304e4b86362479b3dada32.avi
2025-12-17 20:06:01,370 - INFO - Tracking servo moved to 133°
2025-12-17 20:06:01,488 - INFO - Security event logged: TRACKING_MOVEMENT - unknown
2025-12-17 20:06:01,703 - INFO - Security event logged: VIDEO_gesture_candidate - unknown
2025-12-17 20:06:01,703 - INFO - Saved evidence clip: evidence/videos/gesture_candidate_unknown_20251217_200601.avi
2025-12-17 20:06:01,720 - INFO - Queued clip for gesture analysis: evidence/gesture_queue/incoming/gesture_88f24628a1504a7282f58eb00034107d.avi
2025-12-17 20:06:01,722 - INFO - Clip queued for gesture worker: evidence/gesture_queue/incoming/gesture_88f24628a1504a7282f58eb00034107d.avi
2025-12-17 20:06:01,769 - INFO - Tracking servo moved to 136°
2025-12-17 20:06:01,869 - INFO - Security event logged: TRACKING_MOVEMENT - unknown
2025-12-17 20:06:02,089 - INFO - Security event logged: VIDEO_gesture_candidate - unknown
2025-12-17 20:06:02,089 - INFO - Saved evidence clip: evidence/videos/gesture_candidate_unknown_20251217_200601.avi
2025-12-17 20:06:02,104 - INFO - Queued clip for gesture analysis: evidence/gesture_queue/incoming/gesture_088826cbf6b8461ba81a43a54d3dd897.avi
2025-12-17 20:06:02,104 - INFO - Clip queued for gesture worker: evidence/gesture_queue/incoming/gesture_088826cbf6b8461ba81a43a54d3dd897.avi
2025-12-17 20:06:02,163 - INFO - Tracking servo moved to 139°
2025-12-17 20:06:02,271 - INFO - Security event logged: TRACKING_MOVEMENT - unknown
2025-12-17 20:06:02,483 - INFO - Security event logged: VIDEO_gesture_candidate - unknown
2025-12-17 20:06:02,484 - INFO - Saved evidence clip: evidence/videos/gesture_candidate_unknown_20251217_200602.avi
2025-12-17 20:06:02,500 - INFO - Queued clip for gesture analysis: evidence/gesture_queue/incoming/gesture_adda544dcb3b4320937ff6f9cf6d9760.avi
2025-12-17 20:06:02,501 - INFO - Clip queued for gesture worker: evidence/gesture_queue/incoming/gesture_adda544dcb3b4320937ff6f9cf6d9760.avi
2025-12-17 20:06:02,557 - INFO - Tracking servo moved to 142°
2025-12-17 20:06:02,662 - INFO - Security event logged: TRACKING_MOVEMENT - unknown
2025-12-17 20:06:02,887 - INFO - Security event logged: VIDEO_gesture_candidate - unknown
2025-12-17 20:06:02,888 - INFO - Saved evidence clip: evidence/videos/gesture_candidate_unknown_20251217_200602.avi
2025-12-17 20:06:02,902 - INFO - Queued clip for gesture analysis: evidence/gesture_queue/incoming/gesture_f7803304de8a4b9d90711300bb43f7a1.avi
2025-12-17 20:06:02,903 - INFO - Clip queued for gesture worker: evidence/gesture_queue/incoming/gesture_f7803304de8a4b9d90711300bb43f7a1.avi
2025-12-17 20:06:02,959 - INFO - Tracking servo moved to 145°
2025-12-17 20:06:03,061 - INFO - Security event logged: TRACKING_MOVEMENT - unknown
2025-12-17 20:06:03,275 - INFO - Security event logged: VIDEO_gesture_candidate - unknown
2025-12-17 20:06:03,276 - INFO - Saved evidence clip: evidence/videos/gesture_candidate_unknown_20251217_200603.avi
2025-12-17 20:06:03,290 - INFO - Queued clip for gesture analysis: evidence/gesture_queue/incoming/gesture_d9b025ce9e89496bb86c489a5d723eb9.avi
2025-12-17 20:06:03,291 - INFO - Clip queued for gesture worker: evidence/gesture_queue/incoming/gesture_d9b025ce9e89496bb86c489a5d723eb9.avi
2025-12-17 20:06:03,353 - INFO - Tracking servo moved to 148°
2025-12-17 20:06:03,453 - INFO - Security event logged: TRACKING_MOVEMENT - unknown
2025-12-17 20:06:03,691 - INFO - Security event logged: VIDEO_gesture_candidate - unknown
2025-12-17 20:06:03,691 - INFO - Saved evidence clip: evidence/videos/gesture_candidate_unknown_20251217_200603.avi
2025-12-17 20:06:03,705 - INFO - Queued clip for gesture analysis: evidence/gesture_queue/incoming/gesture_87b7dac09b4441f3bcc538c75ae4d449.avi
2025-12-17 20:06:03,705 - INFO - Clip queued for gesture worker: evidence/gesture_queue/incoming/gesture_87b7dac09b4441f3bcc538c75ae4d449.avi
2025-12-17 20:06:03,981 - INFO - Security event logged: VIDEO_gesture_candidate - unknown
2025-12-17 20:06:03,982 - INFO - Saved evidence clip: evidence/videos/gesture_candidate_unknown_20251217_200603.avi
2025-12-17 20:06:03,996 - INFO - Queued clip for gesture analysis: evidence/gesture_queue/incoming/gesture_7c07907906fa41ecadf75def856ce043.avi
2025-12-17 20:06:03,996 - INFO - Clip queued for gesture worker: evidence/gesture_queue/incoming/gesture_7c07907906fa41ecadf75def856ce043.avi
2025-12-17 20:06:04,292 - INFO - Security event logged: VIDEO_gesture_candidate - unknown
2025-12-17 20:06:04,294 - INFO - Saved evidence clip: evidence/videos/gesture_candidate_unknown_20251217_200604.avi
2025-12-17 20:06:04,308 - INFO - Queued clip for gesture analysis: evidence/gesture_queue/incoming/gesture_7e1dbe4d95e24fe3b7e32462eef1743c.avi
2025-12-17 20:06:04,309 - INFO - Clip queued for gesture worker: evidence/gesture_queue/incoming/gesture_7e1dbe4d95e24fe3b7e32462eef1743c.avi
2025-12-17 20:06:04,586 - INFO - Security event logged: VIDEO_gesture_candidate - unknown
2025-12-17 20:06:04,587 - INFO - Saved evidence clip: evidence/videos/gesture_candidate_unknown_20251217_200604.avi
2025-12-17 20:06:04,602 - INFO - Queued clip for gesture analysis: evidence/gesture_queue/incoming/gesture_632e924f4e1249de9f3e6e9c33eee747.avi
2025-12-17 20:06:04,602 - INFO - Clip queued for gesture worker: evidence/gesture_queue/incoming/gesture_632e924f4e1249de9f3e6e9c33eee747.avi
2025-12-17 20:06:04,909 - INFO - Security event logged: VIDEO_gesture_candidate - unknown
2025-12-17 20:06:04,910 - INFO - Saved evidence clip: evidence/videos/gesture_candidate_unknown_20251217_200604.avi
2025-12-17 20:06:04,925 - INFO - Queued clip for gesture analysis: evidence/gesture_queue/incoming/gesture_d7639774251f43b185792ddaa806e478.avi
2025-12-17 20:06:04,926 - INFO - Clip queued for gesture worker: evidence/gesture_queue/incoming/gesture_d7639774251f43b185792ddaa806e478.avi
2025-12-17 20:06:05,232 - INFO - Security event logged: VIDEO_gesture_candidate - unknown
2025-12-17 20:06:05,234 - INFO - Saved evidence clip: evidence/videos/gesture_candidate_unknown_20251217_200604.avi
2025-12-17 20:06:05,253 - INFO - Queued clip for gesture analysis: evidence/gesture_queue/incoming/gesture_c65c0c002c2c4abcaf48c7a373201e24.avi
2025-12-17 20:06:05,253 - INFO - Clip queued for gesture worker: evidence/gesture_queue/incoming/gesture_c65c0c002c2c4abcaf48c7a373201e24.avi
2025-12-17 20:06:05,582 - INFO - Security event logged: VIDEO_gesture_candidate - unknown
2025-12-17 20:06:05,588 - INFO - Saved evidence clip: evidence/videos/gesture_candidate_unknown_20251217_200605.avi
2025-12-17 20:06:05,607 - INFO - Queued clip for gesture analysis: evidence/gesture_queue/incoming/gesture_0f4e79f82549474e9b46d7f26c75da93.avi
2025-12-17 20:06:05,612 - INFO - Clip queued for gesture worker: evidence/gesture_queue/incoming/gesture_0f4e79f82549474e9b46d7f26c75da93.avi
2025-12-17 20:06:05,919 - INFO - Security event logged: VIDEO_gesture_candidate - unknown
2025-12-17 20:06:05,920 - INFO - Saved evidence clip: evidence/videos/gesture_candidate_unknown_20251217_200605.avi
2025-12-17 20:06:05,936 - INFO - Queued clip for gesture analysis: evidence/gesture_queue/incoming/gesture_d8da1ed46dca4aa6ae1434a5d52c66bc.avi
2025-12-17 20:06:05,936 - INFO - Clip queued for gesture worker: evidence/gesture_queue/incoming/gesture_d8da1ed46dca4aa6ae1434a5d52c66bc.avi
2025-12-17 20:06:06,270 - INFO - Security event logged: VIDEO_gesture_candidate - unknown
2025-12-17 20:06:06,271 - INFO - Saved evidence clip: evidence/videos/gesture_candidate_unknown_20251217_200605.avi
2025-12-17 20:06:06,288 - INFO - Queued clip for gesture analysis: evidence/gesture_queue/incoming/gesture_e9b8300995cf4bbd87de95e72137f3d9.avi
2025-12-17 20:06:06,290 - INFO - Clip queued for gesture worker: evidence/gesture_queue/incoming/gesture_e9b8300995cf4bbd87de95e72137f3d9.avi
2025-12-17 20:06:06,341 - INFO - Tracking servo moved to 153°
2025-12-17 20:06:06,471 - INFO - Security event logged: TRACKING_MOVEMENT - unknown
2025-12-17 20:06:06,743 - INFO - Security event logged: VIDEO_gesture_candidate - unknown
2025-12-17 20:06:06,745 - INFO - Saved evidence clip: evidence/videos/gesture_candidate_unknown_20251217_200606.avi
2025-12-17 20:06:06,765 - INFO - Queued clip for gesture analysis: evidence/gesture_queue/incoming/gesture_1f866c48b80a49e4ba2c2f0c18f8b2ab.avi
2025-12-17 20:06:06,773 - INFO - Clip queued for gesture worker: evidence/gesture_queue/incoming/gesture_1f866c48b80a49e4ba2c2f0c18f8b2ab.avi
2025-12-17 20:06:06,815 - INFO - Tracking servo moved to 90°
2025-12-17 20:06:06,939 - INFO - Security event logged: TRACKING_MOVEMENT - unknown
2025-12-17 20:06:07,730 - WARNING - Unknown person detected - starting tracking
2025-12-17 20:06:07,731 - WARNING - [ALERT] SECURITY ALERT: INTRUDER_DETECTED
2025-12-17 20:06:07,746 - WARNING - Alert logged: INTRUDER_DETECTED - CRITICAL - Unknown person attempting access
2025-12-17 20:06:07,747 - INFO - SMS to POLICE: SECURITY ALERT: INTRUDER_DETECTED - Unknown person attempting access - Location: Your Address
2025-12-17 20:06:07,747 - INFO - SMS to OWNER: HOME SECURITY: INTRUDER_DETECTED - Unknown person attempting access
2025-12-17 20:06:07,882 - INFO - Security event logged: GSM_ALERT_SENT - system
2025-12-17 20:06:07,883 - INFO - SECURITY RELAY ACTIVATED - Additional security measures enabled
2025-12-17 20:06:07,995 - INFO - Security event logged: RELAY_ACTIVATED - system
2025-12-17 20:06:07,996 - INFO - Tracking servo moved to 102°
2025-12-17 20:06:08,108 - INFO - Security event logged: TRACKING_MOVEMENT - unknown
2025-12-17 20:06:08,386 - INFO - Security event logged: VIDEO_gesture_candidate - unknown
2025-12-17 20:06:08,389 - INFO - Saved evidence clip: evidence/videos/gesture_candidate_unknown_20251217_200608.avi
2025-12-17 20:06:08,408 - INFO - Queued clip for gesture analysis: evidence/gesture_queue/incoming/gesture_564139a0dbe446e38ecda599ef821d57.avi
2025-12-17 20:06:08,413 - INFO - Clip queued for gesture worker: evidence/gesture_queue/incoming/gesture_564139a0dbe446e38ecda599ef821d57.avi
2025-12-17 20:06:08,473 - INFO - Tracking servo moved to 107°
2025-12-17 20:06:08,608 - INFO - Security event logged: TRACKING_MOVEMENT - unknown
2025-12-17 20:06:08,895 - INFO - Security event logged: VIDEO_gesture_candidate - unknown
2025-12-17 20:06:08,896 - INFO - Saved evidence clip: evidence/videos/gesture_candidate_unknown_20251217_200608.avi
2025-12-17 20:06:08,910 - INFO - Queued clip for gesture analysis: evidence/gesture_queue/incoming/gesture_8b88c39c1fa04fb0adde619fe0b595db.avi
2025-12-17 20:06:08,910 - INFO - Clip queued for gesture worker: evidence/gesture_queue/incoming/gesture_8b88c39c1fa04fb0adde619fe0b595db.avi
2025-12-17 20:06:09,247 - INFO - Security event logged: VIDEO_gesture_candidate - unknown
2025-12-17 20:06:09,248 - INFO - Saved evidence clip: evidence/videos/gesture_candidate_unknown_20251217_200608.avi
2025-12-17 20:06:09,261 - INFO - Queued clip for gesture analysis: evidence/gesture_queue/incoming/gesture_0a54b93aeeb44b6eaebc2262021f4491.avi
2025-12-17 20:06:09,262 - INFO - Clip queued for gesture worker: evidence/gesture_queue/incoming/gesture_0a54b93aeeb44b6eaebc2262021f4491.avi
2025-12-17 20:06:09,640 - INFO - Security event logged: VIDEO_gesture_candidate - unknown
2025-12-17 20:06:09,642 - INFO - Saved evidence clip: evidence/videos/gesture_candidate_unknown_20251217_200609.avi
2025-12-17 20:06:09,657 - INFO - Queued clip for gesture analysis: evidence/gesture_queue/incoming/gesture_74b3c22d72ba4b96b1e29441a02b8271.avi
2025-12-17 20:06:09,657 - INFO - Clip queued for gesture worker: evidence/gesture_queue/incoming/gesture_74b3c22d72ba4b96b1e29441a02b8271.avi
2025-12-17 20:06:10,017 - INFO - Security event logged: VIDEO_gesture_candidate - unknown
2025-12-17 20:06:10,018 - INFO - Saved evidence clip: evidence/videos/gesture_candidate_unknown_20251217_200609.avi
2025-12-17 20:06:10,032 - INFO - Queued clip for gesture analysis: evidence/gesture_queue/incoming/gesture_db619c93ee4f4b8c87e7b2f47f8b49ed.avi
2025-12-17 20:06:10,032 - INFO - Clip queued for gesture worker: evidence/gesture_queue/incoming/gesture_db619c93ee4f4b8c87e7b2f47f8b49ed.avi
2025-12-17 20:06:10,076 - INFO - Tracking servo moved to 110°
2025-12-17 20:06:10,199 - INFO - Security event logged: TRACKING_MOVEMENT - unknown
2025-12-17 20:06:10,476 - INFO - Security event logged: VIDEO_gesture_candidate - unknown
2025-12-17 20:06:10,480 - INFO - Saved evidence clip: evidence/videos/gesture_candidate_unknown_20251217_200610.avi
2025-12-17 20:06:10,494 - INFO - Queued clip for gesture analysis: evidence/gesture_queue/incoming/gesture_2a3a3e919f194ed09fb1fa5e273375e0.avi
2025-12-17 20:06:10,494 - INFO - Clip queued for gesture worker: evidence/gesture_queue/incoming/gesture_2a3a3e919f194ed09fb1fa5e273375e0.avi
2025-12-17 20:06:10,549 - INFO - Tracking servo moved to 115°
2025-12-17 20:06:10,668 - INFO - Security event logged: TRACKING_MOVEMENT - unknown
2025-12-17 20:06:10,959 - INFO - Security event logged: VIDEO_gesture_candidate - unknown
2025-12-17 20:06:10,960 - INFO - Saved evidence clip: evidence/videos/gesture_candidate_unknown_20251217_200610.avi
2025-12-17 20:06:10,978 - INFO - Queued clip for gesture analysis: evidence/gesture_queue/incoming/gesture_7e171606ab574d03bb6bd0d42fbe7cb8.avi
2025-12-17 20:06:10,979 - INFO - Clip queued for gesture worker: evidence/gesture_queue/incoming/gesture_7e171606ab574d03bb6bd0d42fbe7cb8.avi
2025-12-17 20:06:11,029 - INFO - Tracking servo moved to 120°
2025-12-17 20:06:11,145 - INFO - Security event logged: TRACKING_MOVEMENT - unknown
2025-12-17 20:06:11,419 - INFO - Security event logged: VIDEO_gesture_candidate - unknown
2025-12-17 20:06:11,420 - INFO - Saved evidence clip: evidence/videos/gesture_candidate_unknown_20251217_200611.avi
2025-12-17 20:06:11,438 - INFO - Queued clip for gesture analysis: evidence/gesture_queue/incoming/gesture_033d4779584a479d9992478c3b756f44.avi
2025-12-17 20:06:11,438 - INFO - Clip queued for gesture worker: evidence/gesture_queue/incoming/gesture_033d4779584a479d9992478c3b756f44.avi
2025-12-17 20:06:11,507 - INFO - Tracking servo moved to 122°
2025-12-17 20:06:11,619 - INFO - Security event logged: TRACKING_MOVEMENT - unknown
2025-12-17 20:06:11,939 - INFO - Security event logged: VIDEO_gesture_candidate - unknown
2025-12-17 20:06:11,940 - INFO - Saved evidence clip: evidence/videos/gesture_candidate_unknown_20251217_200611.avi
2025-12-17 20:06:11,954 - INFO - Queued clip for gesture analysis: evidence/gesture_queue/incoming/gesture_62d15f6e1865422fb96d73ef816fa0a7.avi
2025-12-17 20:06:11,955 - INFO - Clip queued for gesture worker: evidence/gesture_queue/incoming/gesture_62d15f6e1865422fb96d73ef816fa0a7.avi
2025-12-17 20:06:12,021 - INFO - Tracking servo moved to 125°
2025-12-17 20:06:12,134 - INFO - Security event logged: TRACKING_MOVEMENT - unknown
2025-12-17 20:06:12,501 - INFO - Security event logged: VIDEO_gesture_candidate - unknown
2025-12-17 20:06:12,503 - INFO - Saved evidence clip: evidence/videos/gesture_candidate_unknown_20251217_200612.avi
2025-12-17 20:06:12,523 - INFO - Queued clip for gesture analysis: evidence/gesture_queue/incoming/gesture_51af8005e29f4dd3b53bca00323721ca.avi
2025-12-17 20:06:12,523 - INFO - Clip queued for gesture worker: evidence/gesture_queue/incoming/gesture_51af8005e29f4dd3b53bca00323721ca.avi
2025-12-17 20:06:12,584 - INFO - Tracking servo moved to 133°
2025-12-17 20:06:12,695 - INFO - Security event logged: TRACKING_MOVEMENT - unknown
2025-12-17 20:06:13,041 - INFO - Security event logged: VIDEO_gesture_candidate - unknown
2025-12-17 20:06:13,043 - INFO - Saved evidence clip: evidence/videos/gesture_candidate_unknown_20251217_200612.avi
2025-12-17 20:06:13,058 - INFO - Queued clip for gesture analysis: evidence/gesture_queue/incoming/gesture_d194c57a3af24b4a9311573c3f310abc.avi
2025-12-17 20:06:13,058 - INFO - Clip queued for gesture worker: evidence/gesture_queue/incoming/gesture_d194c57a3af24b4a9311573c3f310abc.avi
2025-12-17 20:06:13,108 - INFO - Tracking servo moved to 90°
2025-12-17 20:06:13,222 - INFO - Security event logged: TRACKING_MOVEMENT - unknown
2025-12-17 20:06:13,530 - WARNING - Unknown person detected - starting tracking
2025-12-17 20:06:13,531 - WARNING - [ALERT] SECURITY ALERT: INTRUDER_DETECTED
2025-12-17 20:06:13,550 - WARNING - Alert logged: INTRUDER_DETECTED - CRITICAL - Unknown person attempting access
2025-12-17 20:06:13,550 - INFO - SMS to POLICE: SECURITY ALERT: INTRUDER_DETECTED - Unknown person attempting access - Location: Your Address
2025-12-17 20:06:13,550 - INFO - SMS to OWNER: HOME SECURITY: INTRUDER_DETECTED - Unknown person attempting access
2025-12-17 20:06:13,673 - INFO - Security event logged: GSM_ALERT_SENT - system
2025-12-17 20:06:13,674 - INFO - SECURITY RELAY ACTIVATED - Additional security measures enabled
2025-12-17 20:06:13,800 - INFO - Security event logged: RELAY_ACTIVATED - system
2025-12-17 20:06:13,802 - INFO - Tracking servo moved to 99°
2025-12-17 20:06:13,937 - INFO - Security event logged: TRACKING_MOVEMENT - unknown
2025-12-17 20:06:14,243 - INFO - Security event logged: VIDEO_gesture_candidate - unknown
2025-12-17 20:06:14,243 - INFO - Saved evidence clip: evidence/videos/gesture_candidate_unknown_20251217_200613.avi
2025-12-17 20:06:14,258 - INFO - Queued clip for gesture analysis: evidence/gesture_queue/incoming/gesture_bc2e3b9b1ae340f88c70b787bd53ad7e.avi
2025-12-17 20:06:14,258 - INFO - Clip queued for gesture worker: evidence/gesture_queue/incoming/gesture_bc2e3b9b1ae340f88c70b787bd53ad7e.avi
2025-12-17 20:06:14,318 - INFO - Tracking servo moved to 107°
2025-12-17 20:06:14,426 - INFO - Security event logged: TRACKING_MOVEMENT - unknown
2025-12-17 20:06:14,713 - INFO - Security event logged: VIDEO_gesture_candidate - unknown
2025-12-17 20:06:14,714 - INFO - Saved evidence clip: evidence/videos/gesture_candidate_unknown_20251217_200614.avi
2025-12-17 20:06:14,739 - INFO - Queued clip for gesture analysis: evidence/gesture_queue/incoming/gesture_e9d44cbe1ad64776962ea369f07affcc.avi
2025-12-17 20:06:14,740 - INFO - Clip queued for gesture worker: evidence/gesture_queue/incoming/gesture_e9d44cbe1ad64776962ea369f07affcc.avi
2025-12-17 20:06:14,801 - INFO - Tracking servo moved to 113°
2025-12-17 20:06:14,926 - INFO - Security event logged: TRACKING_MOVEMENT - unknown
2025-12-17 20:06:15,220 - INFO - Security event logged: VIDEO_gesture_candidate - unknown
2025-12-17 20:06:15,222 - INFO - Saved evidence clip: evidence/videos/gesture_candidate_unknown_20251217_200614.avi
2025-12-17 20:06:15,244 - INFO - Queued clip for gesture analysis: evidence/gesture_queue/incoming/gesture_48c22c52527841b7be27626313de38ce.avi
2025-12-17 20:06:15,245 - INFO - Clip queued for gesture worker: evidence/gesture_queue/incoming/gesture_48c22c52527841b7be27626313de38ce.avi
2025-12-17 20:06:15,317 - INFO - Tracking servo moved to 119°
2025-12-17 20:06:15,483 - INFO - Security event logged: TRACKING_MOVEMENT - unknown
2025-12-17 20:06:15,833 - INFO - Security event logged: VIDEO_gesture_candidate - unknown
2025-12-17 20:06:15,833 - INFO - Saved evidence clip: evidence/videos/gesture_candidate_unknown_20251217_200615.avi
2025-12-17 20:06:15,847 - INFO - Queued clip for gesture analysis: evidence/gesture_queue/incoming/gesture_a82761a3acd24ef6bf5f29fca3dd5a81.avi
2025-12-17 20:06:15,850 - INFO - Clip queued for gesture worker: evidence/gesture_queue/incoming/gesture_a82761a3acd24ef6bf5f29fca3dd5a81.avi
2025-12-17 20:06:15,945 - INFO - Tracking servo moved to 123°
2025-12-17 20:06:16,077 - INFO - Security event logged: TRACKING_MOVEMENT - unknown
2025-12-17 20:06:16,371 - INFO - Security event logged: VIDEO_gesture_candidate - unknown
2025-12-17 20:06:16,373 - INFO - Saved evidence clip: evidence/videos/gesture_candidate_unknown_20251217_200616.avi
2025-12-17 20:06:16,387 - INFO - Queued clip for gesture analysis: evidence/gesture_queue/incoming/gesture_0e29c6cf8599413f9aef494f5a263737.avi
2025-12-17 20:06:16,387 - INFO - Clip queued for gesture worker: evidence/gesture_queue/incoming/gesture_0e29c6cf8599413f9aef494f5a263737.avi
2025-12-17 20:06:16,452 - INFO - Tracking servo moved to 126°
2025-12-17 20:06:16,576 - INFO - Security event logged: TRACKING_MOVEMENT - unknown
2025-12-17 20:06:16,887 - INFO - Security event logged: VIDEO_gesture_candidate - unknown
2025-12-17 20:06:16,889 - INFO - Saved evidence clip: evidence/videos/gesture_candidate_unknown_20251217_200616.avi
2025-12-17 20:06:16,903 - INFO - Queued clip for gesture analysis: evidence/gesture_queue/incoming/gesture_db24da685bed4f539bce0410c123cbdd.avi
2025-12-17 20:06:16,903 - INFO - Clip queued for gesture worker: evidence/gesture_queue/incoming/gesture_db24da685bed4f539bce0410c123cbdd.avi
2025-12-17 20:06:16,971 - INFO - Tracking servo moved to 129°
2025-12-17 20:06:17,088 - INFO - Security event logged: TRACKING_MOVEMENT - unknown
2025-12-17 20:06:17,410 - INFO - Security event logged: VIDEO_gesture_candidate - unknown
2025-12-17 20:06:17,411 - INFO - Saved evidence clip: evidence/videos/gesture_candidate_unknown_20251217_200617.avi
2025-12-17 20:06:17,432 - INFO - Queued clip for gesture analysis: evidence/gesture_queue/incoming/gesture_fd5dd3bfc38d46b6abd03208cfb8380e.avi
2025-12-17 20:06:17,432 - INFO - Clip queued for gesture worker: evidence/gesture_queue/incoming/gesture_fd5dd3bfc38d46b6abd03208cfb8380e.avi
2025-12-17 20:06:17,502 - INFO - Tracking servo moved to 132°
2025-12-17 20:06:17,627 - INFO - Security event logged: TRACKING_MOVEMENT - unknown
2025-12-17 20:06:17,935 - INFO - Security event logged: VIDEO_gesture_candidate - unknown
2025-12-17 20:06:17,935 - INFO - Saved evidence clip: evidence/videos/gesture_candidate_unknown_20251217_200617.avi
2025-12-17 20:06:17,949 - INFO - Queued clip for gesture analysis: evidence/gesture_queue/incoming/gesture_ae94f802a8d24b4c9b4626038d824129.avi
2025-12-17 20:06:17,949 - INFO - Clip queued for gesture worker: evidence/gesture_queue/incoming/gesture_ae94f802a8d24b4c9b4626038d824129.avi
2025-12-17 20:06:18,317 - INFO - Security event logged: VIDEO_gesture_candidate - unknown
2025-12-17 20:06:18,318 - INFO - Saved evidence clip: evidence/videos/gesture_candidate_unknown_20251217_200618.avi
2025-12-17 20:06:18,332 - INFO - Queued clip for gesture analysis: evidence/gesture_queue/incoming/gesture_3a82b9954eb54ec399d6526171b4f02b.avi
2025-12-17 20:06:18,332 - INFO - Clip queued for gesture worker: evidence/gesture_queue/incoming/gesture_3a82b9954eb54ec399d6526171b4f02b.avi
2025-12-17 20:06:18,690 - INFO - Security event logged: VIDEO_gesture_candidate - unknown
2025-12-17 20:06:18,691 - INFO - Saved evidence clip: evidence/videos/gesture_candidate_unknown_20251217_200618.avi
2025-12-17 20:06:18,710 - INFO - Queued clip for gesture analysis: evidence/gesture_queue/incoming/gesture_621293911f424379ad4c8ff417d6dc6a.avi
2025-12-17 20:06:18,710 - INFO - Clip queued for gesture worker: evidence/gesture_queue/incoming/gesture_621293911f424379ad4c8ff417d6dc6a.avi
2025-12-17 20:06:18,766 - INFO - Tracking servo moved to 90°
2025-12-17 20:06:18,868 - INFO - Security event logged: TRACKING_MOVEMENT - unknown
2025-12-17 20:06:19,135 - WARNING - Unknown person detected - starting tracking
2025-12-17 20:06:19,135 - WARNING - [ALERT] SECURITY ALERT: INTRUDER_DETECTED
2025-12-17 20:06:19,148 - WARNING - Alert logged: INTRUDER_DETECTED - CRITICAL - Unknown person attempting access
2025-12-17 20:06:19,149 - INFO - SMS to POLICE: SECURITY ALERT: INTRUDER_DETECTED - Unknown person attempting access - Location: Your Address
2025-12-17 20:06:19,149 - INFO - SMS to OWNER: HOME SECURITY: INTRUDER_DETECTED - Unknown person attempting access
2025-12-17 20:06:19,270 - INFO - Security event logged: GSM_ALERT_SENT - system
2025-12-17 20:06:19,271 - INFO - SECURITY RELAY ACTIVATED - Additional security measures enabled
2025-12-17 20:06:19,383 - INFO - Security event logged: RELAY_ACTIVATED - system
2025-12-17 20:06:19,679 - INFO - Security event logged: VIDEO_gesture_candidate - unknown
2025-12-17 20:06:19,681 - INFO - Saved evidence clip: evidence/videos/gesture_candidate_unknown_20251217_200619.avi
2025-12-17 20:06:19,695 - INFO - Queued clip for gesture analysis: evidence/gesture_queue/incoming/gesture_880f23ad78a94fef8b00b22a90cd0fda.avi
2025-12-17 20:06:19,696 - INFO - Clip queued for gesture worker: evidence/gesture_queue/incoming/gesture_880f23ad78a94fef8b00b22a90cd0fda.avi
2025-12-17 20:06:20,054 - INFO - Security event logged: VIDEO_gesture_candidate - unknown
2025-12-17 20:06:20,055 - INFO - Saved evidence clip: evidence/videos/gesture_candidate_unknown_20251217_200619.avi
2025-12-17 20:06:20,070 - INFO - Queued clip for gesture analysis: evidence/gesture_queue/incoming/gesture_f63c8b806aac45059207baa60e6e96c4.avi
2025-12-17 20:06:20,071 - INFO - Clip queued for gesture worker: evidence/gesture_queue/incoming/gesture_f63c8b806aac45059207baa60e6e96c4.avi
2025-12-17 20:06:20,176 - INFO - Tracking servo moved to 93°
2025-12-17 20:06:20,278 - INFO - Security event logged: TRACKING_MOVEMENT - unknown
2025-12-17 20:06:20,565 - INFO - Security event logged: VIDEO_gesture_candidate - unknown
2025-12-17 20:06:20,566 - INFO - Saved evidence clip: evidence/videos/gesture_candidate_unknown_20251217_200620.avi
2025-12-17 20:06:20,579 - INFO - Queued clip for gesture analysis: evidence/gesture_queue/incoming/gesture_c675656aac974317b9337a78887131aa.avi
2025-12-17 20:06:20,580 - INFO - Clip queued for gesture worker: evidence/gesture_queue/incoming/gesture_c675656aac974317b9337a78887131aa.avi
2025-12-17 20:06:20,639 - INFO - Tracking servo moved to 96°
2025-12-17 20:06:20,749 - INFO - Security event logged: TRACKING_MOVEMENT - unknown
2025-12-17 20:06:21,047 - INFO - Security event logged: VIDEO_gesture_candidate - unknown
2025-12-17 20:06:21,048 - INFO - Saved evidence clip: evidence/videos/gesture_candidate_unknown_20251217_200620.avi
2025-12-17 20:06:21,062 - INFO - Queued clip for gesture analysis: evidence/gesture_queue/incoming/gesture_6f40892032424a74a4676e677447d5b8.avi
2025-12-17 20:06:21,067 - INFO - Clip queued for gesture worker: evidence/gesture_queue/incoming/gesture_6f40892032424a74a4676e677447d5b8.avi
2025-12-17 20:06:21,138 - INFO - Tracking servo moved to 100°
2025-12-17 20:06:21,263 - INFO - Security event logged: TRACKING_MOVEMENT - unknown
2025-12-17 20:06:21,595 - INFO - Security event logged: VIDEO_gesture_candidate - unknown
2025-12-17 20:06:21,595 - INFO - Saved evidence clip: evidence/videos/gesture_candidate_unknown_20251217_200621.avi
2025-12-17 20:06:21,614 - INFO - Queued clip for gesture analysis: evidence/gesture_queue/incoming/gesture_cd05127bb14c4d449996c25ec078f28e.avi
2025-12-17 20:06:21,615 - INFO - Clip queued for gesture worker: evidence/gesture_queue/incoming/gesture_cd05127bb14c4d449996c25ec078f28e.avi
2025-12-17 20:06:21,664 - INFO - Tracking servo moved to 105°
2025-12-17 20:06:21,772 - INFO - Security event logged: TRACKING_MOVEMENT - unknown
2025-12-17 20:06:22,059 - INFO - Security event logged: VIDEO_gesture_candidate - unknown
2025-12-17 20:06:22,060 - INFO - Saved evidence clip: evidence/videos/gesture_candidate_unknown_20251217_200621.avi
2025-12-17 20:06:22,076 - INFO - Queued clip for gesture analysis: evidence/gesture_queue/incoming/gesture_934a8d080633451fae0de0ee2d57a817.avi
2025-12-17 20:06:22,077 - INFO - Clip queued for gesture worker: evidence/gesture_queue/incoming/gesture_934a8d080633451fae0de0ee2d57a817.avi
2025-12-17 20:06:22,175 - INFO - Tracking servo moved to 111°
2025-12-17 20:06:22,296 - INFO - Security event logged: TRACKING_MOVEMENT - unknown
2025-12-17 20:06:22,596 - INFO - Security event logged: VIDEO_gesture_candidate - unknown
2025-12-17 20:06:22,597 - INFO - Saved evidence clip: evidence/videos/gesture_candidate_unknown_20251217_200622.avi
2025-12-17 20:06:22,618 - INFO - Queued clip for gesture analysis: evidence/gesture_queue/incoming/gesture_b4b6f89d41664c41ab0719ce11ed6ce3.avi
2025-12-17 20:06:22,619 - INFO - Clip queued for gesture worker: evidence/gesture_queue/incoming/gesture_b4b6f89d41664c41ab0719ce11ed6ce3.avi
2025-12-17 20:06:22,663 - INFO - Tracking servo moved to 116°
2025-12-17 20:06:22,767 - INFO - Security event logged: TRACKING_MOVEMENT - unknown
2025-12-17 20:06:23,071 - INFO - Security event logged: VIDEO_gesture_candidate - unknown
2025-12-17 20:06:23,072 - INFO - Saved evidence clip: evidence/videos/gesture_candidate_unknown_20251217_200622.avi
2025-12-17 20:06:23,088 - INFO - Queued clip for gesture analysis: evidence/gesture_queue/incoming/gesture_9efbdbe7d40a42d383cbd9ccb9125262.avi
2025-12-17 20:06:23,089 - INFO - Clip queued for gesture worker: evidence/gesture_queue/incoming/gesture_9efbdbe7d40a42d383cbd9ccb9125262.avi
2025-12-17 20:06:23,133 - INFO - Tracking servo moved to 121°
2025-12-17 20:06:23,246 - INFO - Security event logged: TRACKING_MOVEMENT - unknown
2025-12-17 20:06:23,563 - INFO - Security event logged: VIDEO_gesture_candidate - unknown
2025-12-17 20:06:23,568 - INFO - Saved evidence clip: evidence/videos/gesture_candidate_unknown_20251217_200623.avi
2025-12-17 20:06:23,587 - INFO - Queued clip for gesture analysis: evidence/gesture_queue/incoming/gesture_ea011699e1f1429b8aeb6a07c63ff0c4.avi
2025-12-17 20:06:23,587 - INFO - Clip queued for gesture worker: evidence/gesture_queue/incoming/gesture_ea011699e1f1429b8aeb6a07c63ff0c4.avi
2025-12-17 20:06:23,646 - INFO - Tracking servo moved to 125°
2025-12-17 20:06:23,747 - INFO - Security event logged: TRACKING_MOVEMENT - unknown
2025-12-17 20:06:24,054 - INFO - Security event logged: VIDEO_gesture_candidate - unknown
2025-12-17 20:06:24,054 - INFO - Saved evidence clip: evidence/videos/gesture_candidate_unknown_20251217_200623.avi
2025-12-17 20:06:24,069 - INFO - Queued clip for gesture analysis: evidence/gesture_queue/incoming/gesture_3993def86bfe47c88926e2561bae720a.avi
2025-12-17 20:06:24,071 - INFO - Clip queued for gesture worker: evidence/gesture_queue/incoming/gesture_3993def86bfe47c88926e2561bae720a.avi
2025-12-17 20:06:24,129 - INFO - Tracking servo moved to 136°
2025-12-17 20:06:24,253 - INFO - Security event logged: TRACKING_MOVEMENT - unknown
2025-12-17 20:06:24,572 - INFO - Security event logged: VIDEO_gesture_candidate - unknown
2025-12-17 20:06:24,573 - INFO - Saved evidence clip: evidence/videos/gesture_candidate_unknown_20251217_200624.avi
2025-12-17 20:06:24,588 - INFO - Queued clip for gesture analysis: evidence/gesture_queue/incoming/gesture_56ec8e3a2d7d46d6a4d62747281f0220.avi
2025-12-17 20:06:24,588 - INFO - Clip queued for gesture worker: evidence/gesture_queue/incoming/gesture_56ec8e3a2d7d46d6a4d62747281f0220.avi
2025-12-17 20:06:24,642 - INFO - Tracking servo moved to 143°
2025-12-17 20:06:24,750 - INFO - Security event logged: TRACKING_MOVEMENT - unknown
2025-12-17 20:06:25,054 - INFO - Security event logged: VIDEO_gesture_candidate - unknown
2025-12-17 20:06:25,054 - INFO - Saved evidence clip: evidence/videos/gesture_candidate_unknown_20251217_200624.avi
2025-12-17 20:06:25,068 - INFO - Queued clip for gesture analysis: evidence/gesture_queue/incoming/gesture_bc4c0fa63a1e442b9bbf3ac1b434c910.avi
2025-12-17 20:06:25,069 - INFO - Clip queued for gesture worker: evidence/gesture_queue/incoming/gesture_bc4c0fa63a1e442b9bbf3ac1b434c910.avi
2025-12-17 20:06:25,120 - INFO - Tracking servo moved to 150°
2025-12-17 20:06:25,227 - INFO - Security event logged: TRACKING_MOVEMENT - unknown
2025-12-17 20:06:25,656 - INFO - Security event logged: VIDEO_gesture_candidate - unknown
2025-12-17 20:06:25,657 - INFO - Saved evidence clip: evidence/videos/gesture_candidate_unknown_20251217_200625.avi
2025-12-17 20:06:25,674 - INFO - Queued clip for gesture analysis: evidence/gesture_queue/incoming/gesture_18e65e2ea2b549f0b814698057dde3a3.avi
2025-12-17 20:06:25,674 - INFO - Clip queued for gesture worker: evidence/gesture_queue/incoming/gesture_18e65e2ea2b549f0b814698057dde3a3.avi
2025-12-17 20:06:25,731 - INFO - Tracking servo moved to 156°
2025-12-17 20:06:25,842 - INFO - Security event logged: TRACKING_MOVEMENT - unknown
2025-12-17 20:06:26,178 - INFO - Security event logged: VIDEO_gesture_candidate - unknown
2025-12-17 20:06:26,179 - INFO - Saved evidence clip: evidence/videos/gesture_candidate_unknown_20251217_200625.avi
2025-12-17 20:06:26,199 - INFO - Queued clip for gesture analysis: evidence/gesture_queue/incoming/gesture_ec984798fba74eca9319316e1e106279.avi
2025-12-17 20:06:26,200 - INFO - Clip queued for gesture worker: evidence/gesture_queue/incoming/gesture_ec984798fba74eca9319316e1e106279.avi
2025-12-17 20:06:26,258 - INFO - Tracking servo moved to 90°
2025-12-17 20:06:26,361 - INFO - Security event logged: TRACKING_MOVEMENT - unknown
2025-12-17 20:06:26,479 - WARNING - Unknown person detected - starting tracking
2025-12-17 20:06:26,480 - WARNING - [ALERT] SECURITY ALERT: INTRUDER_DETECTED
2025-12-17 20:06:26,490 - WARNING - Alert logged: INTRUDER_DETECTED - CRITICAL - Unknown person attempting access
2025-12-17 20:06:26,490 - INFO - SMS to POLICE: SECURITY ALERT: INTRUDER_DETECTED - Unknown person attempting access - Location: Your Address
2025-12-17 20:06:26,491 - INFO - SMS to OWNER: HOME SECURITY: INTRUDER_DETECTED - Unknown person attempting access
2025-12-17 20:06:26,598 - INFO - Security event logged: GSM_ALERT_SENT - system
2025-12-17 20:06:26,599 - INFO - SECURITY RELAY ACTIVATED - Additional security measures enabled
2025-12-17 20:06:26,714 - INFO - Security event logged: RELAY_ACTIVATED - system
2025-12-17 20:06:26,715 - INFO - Tracking servo moved to 95°
2025-12-17 20:06:26,829 - INFO - Security event logged: TRACKING_MOVEMENT - unknown
2025-12-17 20:06:27,142 - INFO - Security event logged: VIDEO_gesture_candidate - unknown
2025-12-17 20:06:27,145 - INFO - Saved evidence clip: evidence/videos/gesture_candidate_unknown_20251217_200626.avi
2025-12-17 20:06:27,167 - INFO - Queued clip for gesture analysis: evidence/gesture_queue/incoming/gesture_7ae838cafe83425480864d49f7592ab2.avi
2025-12-17 20:06:27,169 - INFO - Clip queued for gesture worker: evidence/gesture_queue/incoming/gesture_7ae838cafe83425480864d49f7592ab2.avi
2025-12-17 20:06:27,222 - INFO - Tracking servo moved to 99°
2025-12-17 20:06:27,326 - INFO - Security event logged: TRACKING_MOVEMENT - unknown
2025-12-17 20:06:27,633 - INFO - Security event logged: VIDEO_gesture_candidate - unknown
2025-12-17 20:06:27,634 - INFO - Saved evidence clip: evidence/videos/gesture_candidate_unknown_20251217_200627.avi
2025-12-17 20:06:27,659 - INFO - Queued clip for gesture analysis: evidence/gesture_queue/incoming/gesture_f658427ce6664fc1a4a1b666ea4f4e6c.avi
2025-12-17 20:06:27,659 - INFO - Clip queued for gesture worker: evidence/gesture_queue/incoming/gesture_f658427ce6664fc1a4a1b666ea4f4e6c.avi
2025-12-17 20:06:28,563 - INFO - Security event logged: VIDEO_gesture_candidate - unknown
2025-12-17 20:06:28,564 - INFO - Saved evidence clip: evidence/videos/gesture_candidate_unknown_20251217_200628.avi
2025-12-17 20:06:28,581 - INFO - Queued clip for gesture analysis: evidence/gesture_queue/incoming/gesture_c990247106774337a75216c624632c4e.avi
2025-12-17 20:06:28,583 - INFO - Clip queued for gesture worker: evidence/gesture_queue/incoming/gesture_c990247106774337a75216c624632c4e.avi
2025-12-17 20:06:28,966 - INFO - Security event logged: VIDEO_gesture_candidate - unknown
2025-12-17 20:06:28,967 - INFO - Saved evidence clip: evidence/videos/gesture_candidate_unknown_20251217_200628.avi
2025-12-17 20:06:28,985 - INFO - Queued clip for gesture analysis: evidence/gesture_queue/incoming/gesture_5667c9b8ded8413bb705b012db40b47c.avi
2025-12-17 20:06:28,986 - INFO - Clip queued for gesture worker: evidence/gesture_queue/incoming/gesture_5667c9b8ded8413bb705b012db40b47c.avi
2025-12-17 20:06:29,344 - INFO - Security event logged: VIDEO_gesture_candidate - unknown
2025-12-17 20:06:29,346 - INFO - Saved evidence clip: evidence/videos/gesture_candidate_unknown_20251217_200629.avi
2025-12-17 20:06:29,360 - INFO - Queued clip for gesture analysis: evidence/gesture_queue/incoming/gesture_f6bb7cb7f2ff423bb5ed106c4f63a2a8.avi
2025-12-17 20:06:29,360 - INFO - Clip queued for gesture worker: evidence/gesture_queue/incoming/gesture_f6bb7cb7f2ff423bb5ed106c4f63a2a8.avi
2025-12-17 20:06:29,717 - INFO - Security event logged: VIDEO_gesture_candidate - unknown
2025-12-17 20:06:29,718 - INFO - Saved evidence clip: evidence/videos/gesture_candidate_unknown_20251217_200629.avi
2025-12-17 20:06:29,732 - INFO - Queued clip for gesture analysis: evidence/gesture_queue/incoming/gesture_22fd7567ece74d4dae55acd5bef25e12.avi
2025-12-17 20:06:29,732 - INFO - Clip queued for gesture worker: evidence/gesture_queue/incoming/gesture_22fd7567ece74d4dae55acd5bef25e12.avi
2025-12-17 20:06:30,091 - INFO - Security event logged: VIDEO_gesture_candidate - unknown
2025-12-17 20:06:30,092 - INFO - Saved evidence clip: evidence/videos/gesture_candidate_unknown_20251217_200629.avi
2025-12-17 20:06:30,107 - INFO - Queued clip for gesture analysis: evidence/gesture_queue/incoming/gesture_100858317af34c5496778f1b4ebb22f4.avi
2025-12-17 20:06:30,107 - INFO - Clip queued for gesture worker: evidence/gesture_queue/incoming/gesture_100858317af34c5496778f1b4ebb22f4.avi
2025-12-17 20:06:30,452 - INFO - Security event logged: VIDEO_gesture_candidate - unknown
2025-12-17 20:06:30,453 - INFO - Saved evidence clip: evidence/videos/gesture_candidate_unknown_20251217_200630.avi
2025-12-17 20:06:30,469 - INFO - Queued clip for gesture analysis: evidence/gesture_queue/incoming/gesture_fc560f7dff774e2a8a2e53bdc8264fe6.avi
2025-12-17 20:06:30,469 - INFO - Clip queued for gesture worker: evidence/gesture_queue/incoming/gesture_fc560f7dff774e2a8a2e53bdc8264fe6.avi
2025-12-17 20:06:30,809 - INFO - Security event logged: VIDEO_gesture_candidate - unknown
2025-12-17 20:06:30,810 - INFO - Saved evidence clip: evidence/videos/gesture_candidate_unknown_20251217_200630.avi
2025-12-17 20:06:30,826 - INFO - Queued clip for gesture analysis: evidence/gesture_queue/incoming/gesture_2c57eae3c59a46419c40fdfffc85f7d3.avi
2025-12-17 20:06:30,826 - INFO - Clip queued for gesture worker: evidence/gesture_queue/incoming/gesture_2c57eae3c59a46419c40fdfffc85f7d3.avi
2025-12-17 20:06:31,187 - INFO - Security event logged: VIDEO_gesture_candidate - unknown
2025-12-17 20:06:31,188 - INFO - Saved evidence clip: evidence/videos/gesture_candidate_unknown_20251217_200630.avi
2025-12-17 20:06:31,202 - INFO - Queued clip for gesture analysis: evidence/gesture_queue/incoming/gesture_6718ec8e72624e94b15d5bdddbe0f09b.avi
2025-12-17 20:06:31,203 - INFO - Clip queued for gesture worker: evidence/gesture_queue/incoming/gesture_6718ec8e72624e94b15d5bdddbe0f09b.avi
2025-12-17 20:06:31,304 - INFO - Tracking servo moved to 103°
2025-12-17 20:06:31,422 - INFO - Security event logged: TRACKING_MOVEMENT - unknown
2025-12-17 20:06:31,745 - INFO - Security event logged: VIDEO_gesture_candidate - unknown
2025-12-17 20:06:31,749 - INFO - Saved evidence clip: evidence/videos/gesture_candidate_unknown_20251217_200631.avi
2025-12-17 20:06:31,766 - INFO - Queued clip for gesture analysis: evidence/gesture_queue/incoming/gesture_32858d1adeac4554a97ed77678586298.avi
2025-12-17 20:06:31,766 - INFO - Clip queued for gesture worker: evidence/gesture_queue/incoming/gesture_32858d1adeac4554a97ed77678586298.avi
2025-12-17 20:06:31,821 - INFO - Tracking servo moved to 113°
2025-12-17 20:06:31,919 - INFO - Security event logged: TRACKING_MOVEMENT - unknown
2025-12-17 20:06:32,206 - INFO - Security event logged: VIDEO_gesture_candidate - unknown
2025-12-17 20:06:32,206 - INFO - Saved evidence clip: evidence/videos/gesture_candidate_unknown_20251217_200631.avi
2025-12-17 20:06:32,225 - INFO - Queued clip for gesture analysis: evidence/gesture_queue/incoming/gesture_ce37c17f07ec41a6932e4b8938821d32.avi
2025-12-17 20:06:32,226 - INFO - Clip queued for gesture worker: evidence/gesture_queue/incoming/gesture_ce37c17f07ec41a6932e4b8938821d32.avi
2025-12-17 20:06:32,261 - INFO - Tracking servo moved to 90°
2025-12-17 20:06:32,361 - INFO - Security event logged: TRACKING_MOVEMENT - unknown
2025-12-17 20:06:32,538 - WARNING - Unknown person detected - starting tracking
2025-12-17 20:06:32,539 - WARNING - [ALERT] SECURITY ALERT: INTRUDER_DETECTED
2025-12-17 20:06:32,550 - WARNING - Alert logged: INTRUDER_DETECTED - CRITICAL - Unknown person attempting access
2025-12-17 20:06:32,551 - INFO - SMS to POLICE: SECURITY ALERT: INTRUDER_DETECTED - Unknown person attempting access - Location: Your Address
2025-12-17 20:06:32,552 - INFO - SMS to OWNER: HOME SECURITY: INTRUDER_DETECTED - Unknown person attempting access
2025-12-17 20:06:32,677 - INFO - Security event logged: GSM_ALERT_SENT - system
2025-12-17 20:06:32,678 - INFO - SECURITY RELAY ACTIVATED - Additional security measures enabled
2025-12-17 20:06:32,781 - INFO - Security event logged: RELAY_ACTIVATED - system
2025-12-17 20:06:32,784 - INFO - Tracking servo moved to 99°
2025-12-17 20:06:32,903 - INFO - Security event logged: TRACKING_MOVEMENT - unknown
2025-12-17 20:06:33,193 - INFO - Security event logged: VIDEO_gesture_candidate - unknown
2025-12-17 20:06:33,194 - INFO - Saved evidence clip: evidence/videos/gesture_candidate_unknown_20251217_200632.avi
2025-12-17 20:06:33,208 - INFO - Queued clip for gesture analysis: evidence/gesture_queue/incoming/gesture_4fcd78141c6c4aec95ed8ec80f2cefaf.avi
2025-12-17 20:06:33,208 - INFO - Clip queued for gesture worker: evidence/gesture_queue/incoming/gesture_4fcd78141c6c4aec95ed8ec80f2cefaf.avi
2025-12-17 20:06:33,270 - INFO - Tracking servo moved to 105°
2025-12-17 20:06:33,367 - INFO - Security event logged: TRACKING_MOVEMENT - unknown
2025-12-17 20:06:33,687 - INFO - Security event logged: VIDEO_gesture_candidate - unknown
2025-12-17 20:06:33,689 - INFO - Saved evidence clip: evidence/videos/gesture_candidate_unknown_20251217_200633.avi
2025-12-17 20:06:33,708 - INFO - Queued clip for gesture analysis: evidence/gesture_queue/incoming/gesture_3c8100100c9a4b41ba374fcbb5fbed5e.avi
2025-12-17 20:06:33,708 - INFO - Clip queued for gesture worker: evidence/gesture_queue/incoming/gesture_3c8100100c9a4b41ba374fcbb5fbed5e.avi
2025-12-17 20:06:33,767 - INFO - Tracking servo moved to 112°
2025-12-17 20:06:33,864 - INFO - Security event logged: TRACKING_MOVEMENT - unknown
2025-12-17 20:06:34,179 - INFO - Security event logged: VIDEO_gesture_candidate - unknown
2025-12-17 20:06:34,180 - INFO - Saved evidence clip: evidence/videos/gesture_candidate_unknown_20251217_200633.avi
2025-12-17 20:06:34,196 - INFO - Queued clip for gesture analysis: evidence/gesture_queue/incoming/gesture_f4424d789a3748ab8caf015040b8cbe1.avi
2025-12-17 20:06:34,197 - INFO - Clip queued for gesture worker: evidence/gesture_queue/incoming/gesture_f4424d789a3748ab8caf015040b8cbe1.avi
2025-12-17 20:06:34,261 - INFO - Tracking servo moved to 122°
2025-12-17 20:06:34,365 - INFO - Security event logged: TRACKING_MOVEMENT - unknown
2025-12-17 20:06:34,662 - INFO - Security event logged: VIDEO_gesture_candidate - unknown
2025-12-17 20:06:34,663 - INFO - Saved evidence clip: evidence/videos/gesture_candidate_unknown_20251217_200634.avi
2025-12-17 20:06:34,679 - INFO - Queued clip for gesture analysis: evidence/gesture_queue/incoming/gesture_dbe749649d6a4cf2b8fae87dfe1c1910.avi
2025-12-17 20:06:34,680 - INFO - Clip queued for gesture worker: evidence/gesture_queue/incoming/gesture_dbe749649d6a4cf2b8fae87dfe1c1910.avi
2025-12-17 20:06:34,790 - INFO - Tracking servo moved to 128°
2025-12-17 20:06:34,893 - INFO - Security event logged: TRACKING_MOVEMENT - unknown
2025-12-17 20:06:35,196 - INFO - Security event logged: VIDEO_gesture_candidate - unknown
2025-12-17 20:06:35,197 - INFO - Saved evidence clip: evidence/videos/gesture_candidate_unknown_20251217_200634.avi
2025-12-17 20:06:35,212 - INFO - Queued clip for gesture analysis: evidence/gesture_queue/incoming/gesture_bff01c99e2f14e6e8734d485847a5238.avi
2025-12-17 20:06:35,215 - INFO - Clip queued for gesture worker: evidence/gesture_queue/incoming/gesture_bff01c99e2f14e6e8734d485847a5238.avi
2025-12-17 20:06:35,278 - INFO - Tracking servo moved to 133°
2025-12-17 20:06:35,394 - INFO - Security event logged: TRACKING_MOVEMENT - unknown
2025-12-17 20:06:35,716 - INFO - Security event logged: VIDEO_gesture_candidate - unknown
2025-12-17 20:06:35,717 - INFO - Saved evidence clip: evidence/videos/gesture_candidate_unknown_20251217_200635.avi
2025-12-17 20:06:35,734 - INFO - Queued clip for gesture analysis: evidence/gesture_queue/incoming/gesture_3eae05a005564cb18a4dcede625bad2f.avi
2025-12-17 20:06:35,734 - INFO - Clip queued for gesture worker: evidence/gesture_queue/incoming/gesture_3eae05a005564cb18a4dcede625bad2f.avi
2025-12-17 20:06:35,788 - INFO - Tracking servo moved to 137°
2025-12-17 20:06:35,921 - INFO - Security event logged: TRACKING_MOVEMENT - unknown
2025-12-17 20:06:36,219 - INFO - Security event logged: VIDEO_gesture_candidate - unknown
2025-12-17 20:06:36,220 - INFO - Saved evidence clip: evidence/videos/gesture_candidate_unknown_20251217_200635.avi
2025-12-17 20:06:36,234 - INFO - Queued clip for gesture analysis: evidence/gesture_queue/incoming/gesture_83247ad7a5e147dd864423604523774d.avi
2025-12-17 20:06:36,235 - INFO - Clip queued for gesture worker: evidence/gesture_queue/incoming/gesture_83247ad7a5e147dd864423604523774d.avi
2025-12-17 20:06:36,293 - INFO - Tracking servo moved to 139°
2025-12-17 20:06:36,411 - INFO - Security event logged: TRACKING_MOVEMENT - unknown
2025-12-17 20:06:36,721 - INFO - Security event logged: VIDEO_gesture_candidate - unknown
2025-12-17 20:06:36,723 - INFO - Saved evidence clip: evidence/videos/gesture_candidate_unknown_20251217_200636.avi
2025-12-17 20:06:36,736 - INFO - Queued clip for gesture analysis: evidence/gesture_queue/incoming/gesture_49783befc8464af4a9bf12d9454c775e.avi
2025-12-17 20:06:36,736 - INFO - Clip queued for gesture worker: evidence/gesture_queue/incoming/gesture_49783befc8464af4a9bf12d9454c775e.avi
2025-12-17 20:06:37,092 - INFO - Security event logged: VIDEO_gesture_candidate - unknown
2025-12-17 20:06:37,094 - INFO - Saved evidence clip: evidence/videos/gesture_candidate_unknown_20251217_200636.avi
2025-12-17 20:06:37,107 - INFO - Queued clip for gesture analysis: evidence/gesture_queue/incoming/gesture_79fbb12747134e259db770bc80ad8b7d.avi
2025-12-17 20:06:37,107 - INFO - Clip queued for gesture worker: evidence/gesture_queue/incoming/gesture_79fbb12747134e259db770bc80ad8b7d.avi
2025-12-17 20:06:37,465 - INFO - Security event logged: VIDEO_gesture_candidate - unknown
2025-12-17 20:06:37,465 - INFO - Saved evidence clip: evidence/videos/gesture_candidate_unknown_20251217_200637.avi
2025-12-17 20:06:37,486 - INFO - Queued clip for gesture analysis: evidence/gesture_queue/incoming/gesture_9ac15dffac50482ebe62f429cabac89d.avi
2025-12-17 20:06:37,486 - INFO - Clip queued for gesture worker: evidence/gesture_queue/incoming/gesture_9ac15dffac50482ebe62f429cabac89d.avi
2025-12-17 20:06:37,860 - INFO - Security event logged: VIDEO_gesture_candidate - unknown
2025-12-17 20:06:37,860 - INFO - Saved evidence clip: evidence/videos/gesture_candidate_unknown_20251217_200637.avi
2025-12-17 20:06:37,874 - INFO - Queued clip for gesture analysis: evidence/gesture_queue/incoming/gesture_8fd099350bcd4b419f13a8d657688c5d.avi
2025-12-17 20:06:37,876 - INFO - Clip queued for gesture worker: evidence/gesture_queue/incoming/gesture_8fd099350bcd4b419f13a8d657688c5d.avi
2025-12-17 20:06:37,959 - INFO - Tracking servo moved to 142°
2025-12-17 20:06:38,062 - INFO - Security event logged: TRACKING_MOVEMENT - unknown
2025-12-17 20:06:38,366 - INFO - Security event logged: VIDEO_gesture_candidate - unknown
2025-12-17 20:06:38,366 - INFO - Saved evidence clip: evidence/videos/gesture_candidate_unknown_20251217_200638.avi
2025-12-17 20:06:38,382 - INFO - Queued clip for gesture analysis: evidence/gesture_queue/incoming/gesture_09a541742b7d4e75b4110b3e7f97ab26.avi
2025-12-17 20:06:38,382 - INFO - Clip queued for gesture worker: evidence/gesture_queue/incoming/gesture_09a541742b7d4e75b4110b3e7f97ab26.avi
2025-12-17 20:06:38,442 - INFO - Tracking servo moved to 146°
2025-12-17 20:06:38,552 - INFO - Security event logged: TRACKING_MOVEMENT - unknown
2025-12-17 20:06:38,876 - INFO - Security event logged: VIDEO_gesture_candidate - unknown
2025-12-17 20:06:38,877 - INFO - Saved evidence clip: evidence/videos/gesture_candidate_unknown_20251217_200638.avi
2025-12-17 20:06:38,893 - INFO - Queued clip for gesture analysis: evidence/gesture_queue/incoming/gesture_468c789a13a24f33b5de7c66c947a1f4.avi
2025-12-17 20:06:38,893 - INFO - Clip queued for gesture worker: evidence/gesture_queue/incoming/gesture_468c789a13a24f33b5de7c66c947a1f4.avi
2025-12-17 20:06:39,268 - INFO - Security System stopped and cleaned up
